epoch,train_loss,epoch_duration,val_loss
1,-0.4792696237564087,0.2751333713531494,
2,-0.9342228174209595,0.09503459930419922,
3,-1.1296675205230713,0.09564518928527832,
4,-0.8942372798919678,0.09431886672973633,
5,-0.9544212818145752,0.09520363807678223,
6,-1.300026774406433,0.09529757499694824,
7,-1.5740196704864502,0.0955805778503418,
8,-1.7233046293258667,0.09508681297302246,
9,-1.4215087890625,0.09482693672180176,
10,-1.509783148765564,0.09520387649536133,-3.1600546836853027
11,-1.6640254259109497,0.20577383041381836,
12,-1.7508946657180786,0.09405112266540527,
13,-1.7280213832855225,0.09480619430541992,
14,-1.6526468992233276,0.09513664245605469,
15,-1.6713942289352417,0.09536170959472656,
16,-1.8401925563812256,0.09508633613586426,
17,-1.6909141540527344,0.0944061279296875,
18,-1.703878402709961,0.09382152557373047,
19,-1.8341681957244873,0.09356880187988281,
20,-1.7433615922927856,0.0934748649597168,-3.1594557762145996
21,-1.649634838104248,0.17920589447021484,
22,-1.7015174627304077,0.09487700462341309,
23,-1.71039879322052,0.09495306015014648,
24,-1.7123773097991943,0.09442472457885742,
25,-1.8539488315582275,0.09466934204101562,
26,-1.6775870323181152,0.0954432487487793,
27,-1.796299695968628,0.09666585922241211,
28,-1.9094023704528809,0.09508585929870605,
29,-1.9712964296340942,0.09507107734680176,
30,-1.871644139289856,0.09549689292907715,-3.563490867614746
31,-1.876887559890747,0.17911815643310547,
32,-1.783859133720398,0.09507608413696289,
33,-2.001523494720459,0.09500551223754883,
34,-2.1775126457214355,0.0954439640045166,
35,-2.012674570083618,0.09469366073608398,
36,-2.052731990814209,0.0942845344543457,
37,-1.8654816150665283,0.09437870979309082,
38,-1.8809986114501953,0.09489917755126953,
39,-2.042567253112793,0.09428691864013672,
40,-2.0179011821746826,0.09424448013305664,-3.6776301860809326
41,-2.0938055515289307,0.1793665885925293,
42,-2.044473648071289,0.0968942642211914,
43,-1.7726452350616455,0.09525036811828613,
44,-2.277113914489746,0.09505915641784668,
45,-1.9538004398345947,0.09589385986328125,
46,-2.0738298892974854,0.09569430351257324,
47,-2.09273099899292,0.09517335891723633,
48,-1.8468170166015625,0.09558916091918945,
49,-2.1431198120117188,0.09457135200500488,
50,-2.243293523788452,0.09456038475036621,-3.544375419616699
51,-2.270754337310791,0.1800687313079834,
52,-2.3747177124023438,0.09464025497436523,
53,-2.1135387420654297,0.09427618980407715,
54,-2.1804702281951904,0.09517049789428711,
55,-2.264188528060913,0.09503293037414551,
56,-2.3028550148010254,0.09504556655883789,
57,-2.4311413764953613,0.0946810245513916,
58,-2.121974468231201,0.0943751335144043,
59,-2.2913951873779297,0.09528970718383789,
60,-2.4033823013305664,0.09549951553344727,-3.786194324493408
61,-2.3419904708862305,0.18503355979919434,
62,-2.542999267578125,0.09559130668640137,
63,-2.5527536869049072,0.09565973281860352,
64,-2.4051058292388916,0.09447693824768066,
65,-2.539048671722412,0.09459805488586426,
66,-2.3792355060577393,0.09504485130310059,
67,-2.5389404296875,0.09525489807128906,
68,-2.4230713844299316,0.09455657005310059,
69,-2.414842128753662,0.09461259841918945,
70,-2.5837745666503906,0.09552121162414551,-3.5577588081359863
71,-2.5126826763153076,0.18126916885375977,
72,-2.5510201454162598,0.09485769271850586,
73,-2.5908401012420654,0.09428024291992188,
74,-2.6265196800231934,0.0944058895111084,
75,-2.7578649520874023,0.0947580337524414,
76,-2.902735710144043,0.0939643383026123,
77,-2.9348526000976562,0.09542346000671387,
78,-2.7786171436309814,0.09473776817321777,
79,-2.821598529815674,0.09464764595031738,
80,-2.936612129211426,0.09428000450134277,-3.0716614723205566
81,-2.852234125137329,0.17738866806030273,
82,-2.8593897819519043,0.09458374977111816,
83,-2.9575819969177246,0.09537243843078613,
84,-2.97263240814209,0.09551048278808594,
85,-2.719806671142578,0.09572148323059082,
86,-3.1501107215881348,0.09459304809570312,
87,-3.0507912635803223,0.09522867202758789,
88,-3.1128811836242676,0.09518909454345703,
89,-3.318469524383545,0.09488201141357422,
90,-3.0500636100769043,0.09475398063659668,-3.664022922515869
91,-2.9377968311309814,0.17801666259765625,
92,-3.3335084915161133,0.09716320037841797,
93,-3.2118494510650635,0.09460926055908203,
94,-3.1942813396453857,0.09489154815673828,
95,-3.62865948677063,0.09474968910217285,
96,-3.4053094387054443,0.09580731391906738,
97,-3.5473880767822266,0.0947117805480957,
98,-3.318084239959717,0.09475564956665039,
99,-3.651974678039551,0.09467458724975586,
100,-3.7181456089019775,0.09408736228942871,-4.336171627044678
101,-3.7463021278381348,0.27894115447998047,
102,-3.926276206970215,0.09509873390197754,
103,-4.006893157958984,0.0938715934753418,
104,-3.7470436096191406,0.09383583068847656,
105,-3.9212942123413086,0.097198486328125,
106,-3.797668933868408,0.09728360176086426,
107,-4.0875701904296875,0.09545350074768066,
108,-3.874113082885742,0.09495878219604492,
109,-4.152986526489258,0.09644794464111328,
110,-3.827423334121704,0.095428466796875,-4.528372287750244
111,-3.756432056427002,0.1804337501525879,
112,-4.33479118347168,0.09491491317749023,
113,-3.593808174133301,0.09427666664123535,
114,-3.6952168941497803,0.09459376335144043,
115,-4.490673065185547,0.09646773338317871,
116,-3.739629030227661,0.09544968605041504,
117,-3.7574992179870605,0.09404563903808594,
118,-4.134364128112793,0.09391021728515625,
119,-3.670139789581299,0.09381413459777832,
120,-3.5679168701171875,0.09648251533508301,-5.250789642333984
121,-4.176909446716309,0.18245267868041992,
122,-3.93125581741333,0.09456634521484375,
123,-3.9245944023132324,0.09385299682617188,
124,-4.525509834289551,0.0944216251373291,
125,-4.024574279785156,0.0945587158203125,
126,-3.8053903579711914,0.09599900245666504,
127,-4.370131492614746,0.09476089477539062,
128,-4.152238845825195,0.0953061580657959,
129,-4.045585632324219,0.0956566333770752,
130,-4.187544822692871,0.09570860862731934,-7.775214195251465
131,-4.235565185546875,0.18108463287353516,
132,-4.245115756988525,0.09859585762023926,
133,-4.689298152923584,0.09453034400939941,
134,-4.183358669281006,0.09506607055664062,
135,-4.016872882843018,0.09513735771179199,
136,-4.438579559326172,0.0951540470123291,
137,-3.976949453353882,0.09589266777038574,
138,-3.5061120986938477,0.09612679481506348,
139,-3.6052207946777344,0.09698939323425293,
140,-4.243250846862793,0.09575939178466797,-4.993612289428711
141,-3.910369634628296,0.1793818473815918,
142,-3.7145400047302246,0.09562540054321289,
143,-3.9599366188049316,0.09540891647338867,
144,-4.324544906616211,0.09577059745788574,
145,-4.0835771560668945,0.09545278549194336,
146,-3.8470358848571777,0.09610438346862793,
147,-4.083653926849365,0.09615206718444824,
148,-4.192139625549316,0.09651780128479004,
149,-4.302662372589111,0.09602832794189453,
150,-4.069136619567871,0.09505510330200195,-5.969533443450928
151,-4.005563735961914,0.18286824226379395,
152,-4.5992326736450195,0.09522724151611328,
153,-4.669242858886719,0.09507584571838379,
154,-4.442870140075684,0.09540438652038574,
155,-4.623579978942871,0.09630560874938965,
156,-4.931582927703857,0.0959625244140625,
157,-4.43232536315918,0.09551453590393066,
158,-4.5592451095581055,0.0961294174194336,
159,-4.992187023162842,0.09609007835388184,
160,-4.874326229095459,0.09618616104125977,-5.490228176116943
161,-4.958124160766602,0.18681955337524414,
162,-4.709737777709961,0.09516596794128418,
163,-4.711231231689453,0.09522676467895508,
164,-5.131465435028076,0.09456300735473633,
165,-4.925480365753174,0.09533429145812988,
166,-4.671995162963867,0.09526753425598145,
167,-5.052216529846191,0.09519624710083008,
168,-5.153719902038574,0.09531903266906738,
169,-5.2787346839904785,0.09542560577392578,
170,-5.159710884094238,0.09645390510559082,-7.509062767028809
171,-5.139143943786621,0.1830601692199707,
172,-5.443401336669922,0.09512114524841309,
173,-5.23124885559082,0.0949244499206543,
174,-5.216032028198242,0.0948035717010498,
175,-5.185179710388184,0.0954585075378418,
176,-5.080007553100586,0.09582400321960449,
177,-5.231168746948242,0.09552717208862305,
178,-5.189216613769531,0.09552478790283203,
179,-5.413673400878906,0.09447765350341797,
180,-5.08074951171875,0.09495830535888672,-7.473837375640869
181,-5.412312030792236,0.1804511547088623,
182,-4.501276969909668,0.09757161140441895,
183,-4.3020853996276855,0.09603333473205566,
184,-5.029582977294922,0.09477734565734863,
185,-4.711570739746094,0.09462785720825195,
186,-4.6901702880859375,0.0946798324584961,
187,-4.89365291595459,0.09583425521850586,
188,-4.838709831237793,0.09576129913330078,
189,-4.712118625640869,0.09536290168762207,
190,-4.725549697875977,0.09593558311462402,-6.1910929679870605
191,-5.469777584075928,0.1831812858581543,
192,-4.787391662597656,0.09584355354309082,
193,-4.708523273468018,0.0956108570098877,
194,-5.285371780395508,0.09717583656311035,
195,-5.071854591369629,0.09682822227478027,
196,-5.23729133605957,0.09542322158813477,
197,-4.9760026931762695,0.09620046615600586,
198,-4.879922866821289,0.09604454040527344,
199,-4.76646614074707,0.09472250938415527,
200,-4.514952659606934,0.09491586685180664,-6.944901943206787
201,-5.098690986633301,0.18224525451660156,
202,-4.892813682556152,0.09380245208740234,
203,-4.927874565124512,0.0944972038269043,
204,-5.452489852905273,0.09519767761230469,
205,-4.783073425292969,0.09615874290466309,
206,-5.187317371368408,0.09508872032165527,
207,-4.829750061035156,0.0935356616973877,
208,-4.823254108428955,0.09622645378112793,
209,-5.130619525909424,0.09550309181213379,
210,-5.223633766174316,0.09687995910644531,-7.234292507171631
211,-5.470314025878906,0.31865715980529785,
212,-5.53831672668457,0.09473371505737305,
213,-5.210533142089844,0.09389853477478027,
214,-5.388059139251709,0.09479761123657227,
215,-5.093132972717285,0.09772920608520508,
216,-5.366779804229736,0.09618806838989258,
217,-4.9900593757629395,0.09532737731933594,
218,-5.390283584594727,0.09537243843078613,
219,-5.182981491088867,0.0934607982635498,
220,-5.0377397537231445,0.09564375877380371,-7.568188667297363
221,-5.238683700561523,0.1810598373413086,
222,-5.01674222946167,0.09499669075012207,
223,-5.220480442047119,0.09504461288452148,
224,-5.1346940994262695,0.09633994102478027,
225,-5.692781448364258,0.09597587585449219,
226,-5.56343936920166,0.09522557258605957,
227,-5.425120830535889,0.09595632553100586,
228,-5.6497297286987305,0.09716176986694336,
229,-5.0249714851379395,0.09602141380310059,
230,-4.95153284072876,0.09549784660339355,-6.7266011238098145
231,-5.551136016845703,0.18091416358947754,
232,-5.36234188079834,0.09532785415649414,
233,-5.48121452331543,0.09490323066711426,
234,-5.240612030029297,0.09527802467346191,
235,-5.37003231048584,0.09465479850769043,
236,-5.070308685302734,0.09494638442993164,
237,-5.002303600311279,0.0950779914855957,
238,-5.45142126083374,0.09509611129760742,
239,-5.110313415527344,0.09492897987365723,
240,-5.70455265045166,0.09413433074951172,-6.775387287139893
241,-5.590338706970215,0.18151450157165527,
242,-5.0727667808532715,0.09469842910766602,
243,-5.546745300292969,0.09470248222351074,
244,-5.250769138336182,0.09467554092407227,
245,-4.9895524978637695,0.09459662437438965,
246,-5.633674621582031,0.09489631652832031,
247,-4.878508567810059,0.095977783203125,
248,-5.132770538330078,0.0954136848449707,
249,-5.474047660827637,0.09419608116149902,
250,-5.389202117919922,0.0947272777557373,-5.446976661682129
251,-5.50812292098999,0.18282127380371094,
252,-5.540949821472168,0.09519243240356445,
253,-5.890824317932129,0.0960688591003418,
254,-5.802401542663574,0.09455013275146484,
255,-5.718256950378418,0.09556007385253906,
256,-5.761988162994385,0.09455204010009766,
257,-5.385520935058594,0.09560680389404297,
258,-5.4538116455078125,0.09510207176208496,
259,-5.588555335998535,0.09446001052856445,
260,-5.820107460021973,0.09463715553283691,-7.304698467254639
261,-5.863776683807373,0.17974114418029785,
262,-6.0358757972717285,0.09537458419799805,
263,-5.856934547424316,0.09432840347290039,
264,-6.1156487464904785,0.09569430351257324,
265,-5.813446521759033,0.09517049789428711,
266,-6.010845184326172,0.09548687934875488,
267,-5.281410217285156,0.09530258178710938,
268,-5.341493129730225,0.09467315673828125,
269,-5.665158271789551,0.09505748748779297,
270,-5.643929958343506,0.09567904472351074,-5.237448215484619
271,-5.249191761016846,0.18229985237121582,
272,-5.86133337020874,0.09372568130493164,
273,-5.246195316314697,0.09617972373962402,
274,-5.212265968322754,0.09540295600891113,
275,-5.97000789642334,0.09499120712280273,
276,-5.028818130493164,0.09432864189147949,
277,-5.095727443695068,0.09381508827209473,
278,-5.861315727233887,0.09450030326843262,
279,-5.225611686706543,0.09511184692382812,
280,-5.403444290161133,0.09597921371459961,-9.020903587341309
281,-5.9276275634765625,0.17993879318237305,
282,-5.555034637451172,0.09544706344604492,
283,-5.62253475189209,0.09673595428466797,
284,-5.706997871398926,0.0949556827545166,
285,-5.468091011047363,0.0944058895111084,
286,-5.975144863128662,0.09433865547180176,
287,-5.798935890197754,0.09421944618225098,
288,-6.250234603881836,0.09524917602539062,
289,-5.416660308837891,0.09499192237854004,
290,-5.545654296875,0.09474372863769531,-4.399664878845215
291,-5.4116339683532715,0.17903757095336914,
292,-5.5958943367004395,0.09506797790527344,
293,-5.782233238220215,0.09624481201171875,
294,-5.423456192016602,0.09496378898620605,
295,-5.2034478187561035,0.09512686729431152,
296,-5.340426921844482,0.09530925750732422,
297,-5.424966812133789,0.0947275161743164,
298,-5.338822364807129,0.09467315673828125,
299,-5.543798923492432,0.09500432014465332,
300,-5.7148942947387695,0.09559512138366699,-7.042454719543457
301,-5.913363933563232,0.18523621559143066,
302,-5.885980606079102,0.09543156623840332,
303,-5.862828254699707,0.09691166877746582,
304,-5.842759132385254,0.09563016891479492,
305,-6.113726615905762,0.09520125389099121,
306,-5.46849250793457,0.09514856338500977,
307,-5.249982833862305,0.09538459777832031,
308,-5.617805480957031,0.09615850448608398,
309,-5.640801429748535,0.09551310539245605,
310,-5.737674713134766,0.09543704986572266,-7.1100664138793945
311,-5.831121444702148,0.18173885345458984,
312,-5.7575602531433105,0.09495282173156738,
313,-6.275929927825928,0.09520769119262695,
314,-5.425110340118408,0.09629631042480469,
315,-5.713623523712158,0.09496092796325684,
316,-5.978666305541992,0.09515094757080078,
317,-5.706883907318115,0.09529447555541992,
318,-5.961315155029297,0.0947730541229248,
319,-6.07322883605957,0.09463357925415039,
320,-5.750828742980957,0.09494781494140625,-6.745085716247559
321,-6.074648857116699,0.32028627395629883,
322,-5.569007873535156,0.09457278251647949,
323,-5.346164703369141,0.0952293872833252,
324,-5.835485935211182,0.09552407264709473,
325,-5.817078590393066,0.09520363807678223,
326,-5.708983421325684,0.09575343132019043,
327,-5.679546356201172,0.09796619415283203,
328,-5.679330348968506,0.09497380256652832,
329,-5.873668670654297,0.09520125389099121,
330,-5.934175491333008,0.09441661834716797,-6.328232765197754
331,-5.998427391052246,0.1812429428100586,
332,-5.920829772949219,0.094970703125,
333,-6.478102684020996,0.09535789489746094,
334,-5.35086727142334,0.09491086006164551,
335,-5.205453872680664,0.09493041038513184,
336,-6.069207191467285,0.09559822082519531,
337,-5.763696193695068,0.09596061706542969,
338,-5.846553802490234,0.09464430809020996,
339,-5.862210750579834,0.0981900691986084,
340,-5.715818405151367,0.09616398811340332,-7.240189552307129
341,-5.924422264099121,0.18172407150268555,
342,-6.037890434265137,0.09492015838623047,
343,-6.433823585510254,0.09576535224914551,
344,-6.004748344421387,0.0955810546875,
345,-6.201657772064209,0.09502887725830078,
346,-5.6046366691589355,0.09400773048400879,
347,-5.770864486694336,0.09425616264343262,
348,-5.821582794189453,0.0937347412109375,
349,-5.946086883544922,0.09433627128601074,
350,-5.8224263191223145,0.0937185287475586,-7.378444671630859
351,-6.262378692626953,0.1814877986907959,
352,-5.886750221252441,0.09413504600524902,
353,-5.969494342803955,0.09385418891906738,
354,-5.672426700592041,0.09372878074645996,
355,-5.817641258239746,0.09427499771118164,
356,-5.945143222808838,0.0949091911315918,
357,-5.657881736755371,0.09451699256896973,
358,-5.849617958068848,0.09528207778930664,
359,-5.7874555587768555,0.09475231170654297,
360,-6.044515609741211,0.0964670181274414,-6.135814666748047
361,-5.889008522033691,0.1790156364440918,
362,-6.232618808746338,0.09566402435302734,
363,-5.716289520263672,0.09504866600036621,
364,-6.05211067199707,0.09562826156616211,
365,-5.971536636352539,0.09569835662841797,
366,-6.105553150177002,0.0960242748260498,
367,-6.131816387176514,0.09488129615783691,
368,-5.970407485961914,0.09531879425048828,
369,-6.044994354248047,0.0944364070892334,
370,-5.897804260253906,0.09440922737121582,-6.8511857986450195
371,-6.36983060836792,0.18209028244018555,
372,-6.225275039672852,0.09609627723693848,
373,-6.079522132873535,0.09657835960388184,
374,-5.730124473571777,0.0953364372253418,
375,-6.190119743347168,0.09624671936035156,
376,-5.738846778869629,0.09487080574035645,
377,-5.920013427734375,0.09468483924865723,
378,-5.7458319664001465,0.09478139877319336,
379,-5.789543151855469,0.09526181221008301,
380,-5.888158798217773,0.09626507759094238,-8.161942481994629
381,-6.153292655944824,0.18279814720153809,
382,-5.35113525390625,0.09558939933776855,
383,-5.202118396759033,0.09638404846191406,
384,-6.223532676696777,0.09473586082458496,
385,-5.781910419464111,0.09560275077819824,
386,-5.535955429077148,0.09570956230163574,
387,-6.320633888244629,0.0948939323425293,
388,-5.9061174392700195,0.09525322914123535,
389,-5.995655059814453,0.0951375961303711,
390,-6.13494873046875,0.09491801261901855,-6.9912028312683105
391,-5.833124160766602,0.1811528205871582,
392,-6.550642013549805,0.09701061248779297,
393,-5.97458028793335,0.09482240676879883,
394,-6.327053070068359,0.09494733810424805,
395,-6.055739402770996,0.09475255012512207,
396,-6.345708847045898,0.09566736221313477,
397,-6.292731285095215,0.09441733360290527,
398,-6.491252899169922,0.09513735771179199,
399,-6.120294570922852,0.09530806541442871,
400,-6.015196323394775,0.09462833404541016,-7.150143146514893
401,-6.215390205383301,0.1823103427886963,
402,-5.756225109100342,0.09418225288391113,
403,-5.78695011138916,0.09467196464538574,
404,-6.2077484130859375,0.0953519344329834,
405,-5.9448041915893555,0.0953054428100586,
406,-6.185971260070801,0.09603667259216309,
407,-6.173090934753418,0.09566593170166016,
408,-6.3530378341674805,0.09484648704528809,
409,-6.113120079040527,0.09533238410949707,
410,-5.949134826660156,0.09658646583557129,-6.197759628295898
411,-6.194217681884766,0.18399453163146973,
412,-6.091752529144287,0.09482073783874512,
413,-5.941929817199707,0.09518980979919434,
414,-6.09639835357666,0.09573578834533691,
415,-5.783937931060791,0.0961158275604248,
416,-6.218832492828369,0.09669375419616699,
417,-5.994938850402832,0.09551000595092773,
418,-5.903927803039551,0.0950617790222168,
419,-6.485361576080322,0.0955650806427002,
420,-5.923758506774902,0.09786295890808105,-7.436001300811768
421,-6.157610893249512,0.3120875358581543,
422,-6.170122146606445,0.09488487243652344,
423,-6.348255157470703,0.09496402740478516,
424,-6.096546649932861,0.09491872787475586,
425,-6.436038017272949,0.09644341468811035,
426,-6.1569952964782715,0.09652876853942871,
427,-6.006275653839111,0.10010528564453125,
428,-6.380870819091797,0.0963742733001709,
429,-6.224479675292969,0.09821724891662598,
430,-6.595601558685303,0.09554719924926758,-7.278960704803467
431,-6.1663007736206055,0.19199037551879883,
432,-6.668338298797607,0.09532332420349121,
433,-6.617537498474121,0.09455585479736328,
434,-6.741349220275879,0.09342288970947266,
435,-6.266335487365723,0.09551668167114258,
436,-6.615563869476318,0.09480047225952148,
437,-5.89421272277832,0.09526658058166504,
438,-5.827517509460449,0.09454083442687988,
439,-6.608462333679199,0.09509563446044922,
440,-6.103713512420654,0.09418129920959473,-7.01697301864624
441,-6.0556511878967285,0.18528199195861816,
442,-6.2828850746154785,0.09395384788513184,
443,-6.523621082305908,0.09404993057250977,
444,-6.376276016235352,0.09423017501831055,
445,-6.115314483642578,0.09430241584777832,
446,-6.679493427276611,0.09434771537780762,
447,-5.420267105102539,0.09552359580993652,
448,-5.353093147277832,0.09596443176269531,
449,-6.4823102951049805,0.09482026100158691,
450,-5.317086219787598,0.09419918060302734,-5.513898849487305
451,-5.116096496582031,0.18068766593933105,
452,-5.6572771072387695,0.0941627025604248,
453,-5.893685340881348,0.09421467781066895,
454,-5.304025650024414,0.09460663795471191,
455,-5.54079532623291,0.09442329406738281,
456,-6.247771263122559,0.09426999092102051,
457,-5.568918228149414,0.09587430953979492,
458,-5.348394393920898,0.09566235542297363,
459,-6.380771160125732,0.09535598754882812,
460,-5.603470325469971,0.0943446159362793,-6.186471939086914
461,-5.385995864868164,0.17942023277282715,
462,-5.849318504333496,0.09438252449035645,
463,-5.770570755004883,0.09477639198303223,
464,-5.75117301940918,0.09438061714172363,
465,-6.377507209777832,0.09580421447753906,
466,-5.587425708770752,0.09533548355102539,
467,-5.459997177124023,0.09419822692871094,
468,-5.798084735870361,0.09399819374084473,
469,-5.579052925109863,0.09423327445983887,
470,-5.310145378112793,0.09494829177856445,-6.56477165222168
471,-5.657596588134766,0.18056535720825195,
472,-5.975915908813477,0.09459877014160156,
473,-5.551384449005127,0.09441661834716797,
474,-5.786885738372803,0.095062255859375,
475,-6.386075973510742,0.09467267990112305,
476,-5.7189531326293945,0.09500932693481445,
477,-6.03476619720459,0.09424352645874023,
478,-6.03374719619751,0.09438729286193848,
479,-6.274092674255371,0.09446859359741211,
480,-6.2213358879089355,0.09416341781616211,-5.728193283081055
481,-5.976595878601074,0.18152761459350586,
482,-5.808856964111328,0.09491825103759766,
483,-5.910577774047852,0.09447789192199707,
484,-5.716045379638672,0.0948476791381836,
485,-5.80214262008667,0.09578299522399902,
486,-6.023585319519043,0.09450960159301758,
487,-6.314082145690918,0.09433746337890625,
488,-6.154777526855469,0.09423327445983887,
489,-6.040653705596924,0.09462857246398926,
490,-6.405200481414795,0.09419608116149902,-7.875949859619141
491,-6.442757606506348,0.18126416206359863,
492,-6.087898254394531,0.0944981575012207,
493,-6.069018363952637,0.09438276290893555,
494,-6.00600528717041,0.09517240524291992,
495,-6.239408016204834,0.09485793113708496,
496,-5.6895341873168945,0.09459304809570312,
497,-5.5336689949035645,0.09476184844970703,
498,-5.768640518188477,0.09468412399291992,
499,-6.3085455894470215,0.09484601020812988,
500,-6.136054992675781,0.09528517723083496,-8.439811706542969
501,-6.372323036193848,0.1840512752532959,
502,-5.720952033996582,0.09599542617797852,
503,-5.982654571533203,0.09537529945373535,
504,-6.677430629730225,0.09473133087158203,
505,-6.037642955780029,0.09569740295410156,
506,-6.195240497589111,0.09460282325744629,
507,-5.937960624694824,0.09589052200317383,
508,-5.839501857757568,0.09466075897216797,
509,-6.131521701812744,0.09486746788024902,
510,-5.973902702331543,0.09543228149414062,-5.566706657409668
511,-5.757471084594727,0.18504810333251953,
512,-6.190517425537109,0.09512782096862793,
513,-6.488194942474365,0.09558868408203125,
514,-6.147796630859375,0.09506678581237793,
515,-6.946539878845215,0.09464836120605469,
516,-6.064537048339844,0.09632015228271484,
517,-6.165361404418945,0.09458661079406738,
518,-5.83509635925293,0.09464097023010254,
519,-5.967609405517578,0.09508132934570312,
520,-6.2206854820251465,0.09436750411987305,-6.185235023498535
521,-5.976775169372559,0.1761617660522461,
522,-5.971674919128418,0.09456062316894531,
523,-6.106781482696533,0.09455537796020508,
524,-6.1926469802856445,0.09441447257995605,
525,-6.158332824707031,0.09435844421386719,
526,-6.4557576179504395,0.09431600570678711,
527,-6.020377159118652,0.09525132179260254,
528,-6.2080488204956055,0.09561038017272949,
529,-6.459693908691406,0.09410405158996582,
530,-6.025317668914795,0.0951547622680664,-7.552266597747803
531,-6.306777000427246,0.32169222831726074,
532,-6.074215888977051,0.0938878059387207,
533,-6.217061996459961,0.09356188774108887,
534,-6.442593097686768,0.09335446357727051,
535,-6.187478065490723,0.09422659873962402,
536,-6.2422614097595215,0.09418320655822754,
537,-6.455380439758301,0.09375476837158203,
538,-6.2546868324279785,0.09453678131103516,
539,-6.571193695068359,0.09475469589233398,
540,-6.076737403869629,0.09520483016967773,-4.175325393676758
541,-6.1428022384643555,0.18172621726989746,
542,-6.010089874267578,0.09422016143798828,
543,-6.455590724945068,0.0946044921875,
544,-6.092215061187744,0.09432077407836914,
545,-6.29777193069458,0.09447574615478516,
546,-5.98775577545166,0.0944051742553711,
547,-5.9061384201049805,0.0947871208190918,
548,-6.234415054321289,0.09363889694213867,
549,-6.504057884216309,0.09430742263793945,
550,-6.325891494750977,0.0946037769317627,-5.738153457641602
551,-6.203825950622559,0.18240880966186523,
552,-6.242376327514648,0.09474730491638184,
553,-6.381357669830322,0.09583258628845215,
554,-6.185418128967285,0.09517645835876465,
555,-6.348270893096924,0.09525513648986816,
556,-6.183382511138916,0.09505534172058105,
557,-6.227274417877197,0.09554147720336914,
558,-6.081418037414551,0.0955512523651123,
559,-6.435667991638184,0.09593486785888672,
560,-6.489447593688965,0.09490776062011719,-8.209620475769043
561,-6.330601215362549,0.18338799476623535,
562,-6.047314643859863,0.09486675262451172,
563,-6.0921831130981445,0.09470105171203613,
564,-6.39271879196167,0.09512948989868164,
565,-6.486846923828125,0.09502005577087402,
566,-6.492373466491699,0.09563612937927246,
567,-6.339325904846191,0.0951387882232666,
568,-6.522687911987305,0.09496498107910156,
569,-6.807612419128418,0.0943441390991211,
570,-5.706850051879883,0.09426689147949219,-3.874464988708496
571,-5.745639801025391,0.1790776252746582,
572,-6.205881118774414,0.09438085556030273,
573,-6.150928020477295,0.09418654441833496,
574,-6.653099536895752,0.09548330307006836,
575,-6.344551086425781,0.09622931480407715,
576,-6.4039201736450195,0.09409594535827637,
577,-6.012943744659424,0.09443402290344238,
578,-6.090907096862793,0.09452009201049805,
579,-6.683286666870117,0.09663653373718262,
580,-6.105120658874512,0.09590983390808105,-6.965239524841309
581,-6.084092617034912,0.1830744743347168,
582,-6.008528709411621,0.09387850761413574,
583,-6.178626537322998,0.09411215782165527,
584,-6.560315132141113,0.09441280364990234,
585,-6.491690158843994,0.0948019027709961,
586,-6.431241989135742,0.09569311141967773,
587,-6.457160949707031,0.09404277801513672,
588,-6.0446858406066895,0.09387636184692383,
589,-6.1846113204956055,0.09450054168701172,
590,-6.010491847991943,0.09429001808166504,-7.882939338684082
591,-5.930995464324951,0.1824798583984375,
592,-6.1624755859375,0.09459090232849121,
593,-5.942241191864014,0.09489178657531738,
594,-6.23841667175293,0.09474539756774902,
595,-6.172599792480469,0.09433817863464355,
596,-6.412303447723389,0.09402751922607422,
597,-6.5008745193481445,0.09478640556335449,
598,-6.388979911804199,0.09421920776367188,
599,-6.490941047668457,0.0942995548248291,
600,-6.454987049102783,0.09409451484680176,-7.565902233123779
601,-6.54119348526001,0.17905068397521973,
602,-6.543879508972168,0.09470295906066895,
603,-6.803365707397461,0.09634232521057129,
604,-6.408811569213867,0.09467315673828125,
605,-6.547438621520996,0.0944664478302002,
606,-6.0800065994262695,0.09540319442749023,
607,-5.99130916595459,0.09572911262512207,
608,-6.523756504058838,0.09450960159301758,
609,-6.471109390258789,0.09548330307006836,
610,-6.735655784606934,0.09467792510986328,-9.274402618408203
611,-6.283351421356201,0.18015646934509277,
612,-6.274857044219971,0.0949392318725586,
613,-6.522879600524902,0.0945889949798584,
614,-6.428372383117676,0.0943145751953125,
615,-6.608145713806152,0.09430646896362305,
616,-6.274726867675781,0.09410905838012695,
617,-6.50883150100708,0.09403467178344727,
618,-6.077145576477051,0.09354352951049805,
619,-6.233802795410156,0.09294247627258301,
620,-6.352016448974609,0.09362983703613281,-7.7919487953186035
621,-5.5703325271606445,0.176483154296875,
622,-5.8066487312316895,0.0931844711303711,
623,-6.1380414962768555,0.0935370922088623,
624,-6.395825386047363,0.0935068130493164,
625,-6.196450233459473,0.09455990791320801,
626,-6.08671760559082,0.09499979019165039,
627,-6.31639289855957,0.09626150131225586,
628,-6.0149149894714355,0.09457755088806152,
629,-5.971871376037598,0.09430384635925293,
630,-6.444182872772217,0.09438323974609375,-9.70637035369873
631,-6.185288429260254,0.18152475357055664,
632,-5.988940238952637,0.09652376174926758,
633,-6.3162336349487305,0.09441304206848145,
634,-6.312695503234863,0.09478139877319336,
635,-6.249284744262695,0.09451103210449219,
636,-6.107109546661377,0.09428787231445312,
637,-6.614884376525879,0.09533524513244629,
638,-5.805896282196045,0.0949862003326416,
639,-5.651037216186523,0.09507274627685547,
640,-6.139412879943848,0.09556007385253906,-6.428678512573242
641,-6.288217544555664,0.32029128074645996,
642,-5.976493835449219,0.09474945068359375,
643,-6.21838903427124,0.09484124183654785,
644,-6.465045928955078,0.09490680694580078,
645,-6.554225444793701,0.09404420852661133,
646,-6.293896675109863,0.09436345100402832,
647,-6.418358325958252,0.0937509536743164,
648,-6.655797004699707,0.0939936637878418,
649,-6.573521614074707,0.09368443489074707,
650,-6.930434226989746,0.09369277954101562,-8.976777076721191
651,-6.788293838500977,0.17899036407470703,
652,-6.951031684875488,0.09482264518737793,
653,-7.212099552154541,0.09441995620727539,
654,-6.900314807891846,0.09456586837768555,
655,-6.603715896606445,0.09489202499389648,
656,-6.595500946044922,0.09476065635681152,
657,-6.893950939178467,0.09408783912658691,
658,-6.718390464782715,0.09504580497741699,
659,-6.528853416442871,0.09505987167358398,
660,-6.734556198120117,0.09472489356994629,-7.593662738800049
661,-6.606210708618164,0.180924654006958,
662,-6.793608665466309,0.09466028213500977,
663,-6.714215278625488,0.09504389762878418,
664,-6.776730537414551,0.09659004211425781,
665,-6.684594631195068,0.09446120262145996,
666,-6.865452766418457,0.0945737361907959,
667,-7.278101921081543,0.09422469139099121,
668,-6.617909908294678,0.09464025497436523,
669,-6.522748947143555,0.09407687187194824,
670,-6.0575785636901855,0.09423351287841797,-6.540067672729492
671,-6.26313591003418,0.18221020698547363,
672,-6.596399307250977,0.09449648857116699,
673,-6.722923278808594,0.09469366073608398,
674,-6.547499656677246,0.09413480758666992,
675,-6.632770538330078,0.09434628486633301,
676,-6.626749038696289,0.09429645538330078,
677,-6.574968338012695,0.09437251091003418,
678,-6.635612487792969,0.09414839744567871,
679,-6.716560363769531,0.09448885917663574,
680,-6.680070400238037,0.09426569938659668,-6.703474998474121
681,-6.560690402984619,0.1782543659210205,
682,-7.1672515869140625,0.09345579147338867,
683,-6.647330284118652,0.0943915843963623,
684,-6.314403533935547,0.0952143669128418,
685,-6.58121395111084,0.0951230525970459,
686,-6.586106777191162,0.09477448463439941,
687,-6.895524978637695,0.09414815902709961,
688,-6.740139961242676,0.0938725471496582,
689,-6.543923377990723,0.0942533016204834,
690,-6.516885757446289,0.09446334838867188,-6.008206367492676
691,-6.82609748840332,0.18024206161499023,
692,-6.958511829376221,0.09449100494384766,
693,-6.685694694519043,0.09342241287231445,
694,-6.458127021789551,0.09486937522888184,
695,-6.621467590332031,0.09567785263061523,
696,-6.48093318939209,0.09500789642333984,
697,-6.588336944580078,0.0957028865814209,
698,-6.855221748352051,0.09509992599487305,
699,-6.403099060058594,0.09497284889221191,
700,-6.284872055053711,0.09497451782226562,-7.151124000549316
701,-6.589685440063477,0.18287205696105957,
702,-6.743870735168457,0.0967254638671875,
703,-6.582197189331055,0.09435677528381348,
704,-6.813230037689209,0.09585285186767578,
705,-6.635420322418213,0.09550142288208008,
706,-6.8284807205200195,0.09438538551330566,
707,-6.888185501098633,0.09389448165893555,
708,-6.419364929199219,0.09392094612121582,
709,-6.433039665222168,0.09430766105651855,
710,-6.544600486755371,0.09449553489685059,-6.314450740814209
711,-6.870108604431152,0.17690110206604004,
712,-6.751333236694336,0.09452104568481445,
713,-6.245972633361816,0.09466147422790527,
714,-6.271919250488281,0.09483718872070312,
715,-6.5056867599487305,0.09502077102661133,
716,-6.47467041015625,0.09459733963012695,
717,-6.4201788902282715,0.09347677230834961,
718,-6.3478593826293945,0.0941765308380127,
719,-6.501994609832764,0.09459781646728516,
720,-6.600157737731934,0.09491777420043945,-7.244175910949707
721,-6.613254547119141,0.18004822731018066,
722,-6.659989356994629,0.09655022621154785,
723,-6.803071022033691,0.09502315521240234,
724,-6.165714263916016,0.09470176696777344,
725,-6.467221260070801,0.09405064582824707,
726,-6.498533725738525,0.09598016738891602,
727,-6.196928024291992,0.09510993957519531,
728,-6.492650032043457,0.09525179862976074,
729,-6.437602996826172,0.09511733055114746,
730,-6.427968978881836,0.0950767993927002,-8.26323413848877
731,-6.750353813171387,0.18019437789916992,
732,-6.110873222351074,0.09498858451843262,
733,-6.008373260498047,0.09423518180847168,
734,-6.645566940307617,0.09431290626525879,
735,-6.668628215789795,0.09439420700073242,
736,-6.660436630249023,0.0947563648223877,
737,-6.553262233734131,0.09420418739318848,
738,-6.354410171508789,0.09431886672973633,
739,-6.963551998138428,0.09422850608825684,
740,-6.887770652770996,0.09450411796569824,-6.474598407745361
741,-7.064245223999023,0.3134779930114746,
742,-7.14084005355835,0.09335803985595703,
743,-7.020255088806152,0.09363532066345215,
744,-6.716493606567383,0.09424161911010742,
745,-6.901850700378418,0.09339332580566406,
746,-6.600912094116211,0.09396743774414062,
747,-7.0669264793396,0.09473252296447754,
748,-6.621243476867676,0.09388208389282227,
749,-6.709616184234619,0.09340882301330566,
750,-6.764960289001465,0.09258604049682617,-6.483541965484619
751,-6.4768171310424805,0.17666196823120117,
752,-6.848849296569824,0.09431266784667969,
753,-6.6175336837768555,0.09439206123352051,
754,-6.570215225219727,0.0940542221069336,
755,-6.619949817657471,0.09387016296386719,
756,-6.670811176300049,0.09402966499328613,
757,-6.1953887939453125,0.0946950912475586,
758,-6.40419340133667,0.0946950912475586,
759,-6.803335666656494,0.09478020668029785,
760,-6.581315517425537,0.09430766105651855,-8.286530494689941
761,-7.429023265838623,0.1790170669555664,
762,-6.803815841674805,0.09455323219299316,
763,-6.630465507507324,0.09452033042907715,
764,-6.51464319229126,0.0942389965057373,
765,-6.508516311645508,0.09416627883911133,
766,-6.645849227905273,0.09439468383789062,
767,-7.120631217956543,0.0946207046508789,
768,-6.199442386627197,0.09482622146606445,
769,-5.896234512329102,0.09391665458679199,
770,-6.606241703033447,0.09458327293395996,-7.226470947265625
771,-6.299355983734131,0.18082857131958008,
772,-6.458579063415527,0.09449219703674316,
773,-6.577873229980469,0.0939326286315918,
774,-6.500322341918945,0.09394574165344238,
775,-6.726712226867676,0.09556007385253906,
776,-6.565805435180664,0.09796953201293945,
777,-7.1255998611450195,0.09868788719177246,
778,-6.323164939880371,0.09814310073852539,
779,-6.503918170928955,0.09399914741516113,
780,-6.7260284423828125,0.09431910514831543,-6.754058837890625
781,-6.545563697814941,0.1791384220123291,
782,-6.664085388183594,0.09457278251647949,
783,-6.861481666564941,0.09447407722473145,
784,-6.39218807220459,0.09370970726013184,
785,-6.696098804473877,0.09440875053405762,
786,-6.720117568969727,0.0941154956817627,
787,-6.62000036239624,0.09390830993652344,
788,-6.958920955657959,0.09354114532470703,
789,-6.898767471313477,0.09444117546081543,
790,-6.325012683868408,0.09413003921508789,-6.234030246734619
791,-6.534793376922607,0.17928266525268555,
792,-6.470065116882324,0.09468674659729004,
793,-6.586719512939453,0.09549498558044434,
794,-6.422553539276123,0.09451484680175781,
795,-6.617823600769043,0.0942678451538086,
796,-6.720849514007568,0.09457635879516602,
797,-7.023387908935547,0.0943756103515625,
798,-6.289397716522217,0.09720540046691895,
799,-6.3436760902404785,0.09561681747436523,
800,-6.662208557128906,0.09418749809265137,-6.979166507720947
801,-6.703061103820801,0.1807708740234375,
802,-6.597862243652344,0.09404826164245605,
803,-6.6034955978393555,0.0954580307006836,
804,-6.831456184387207,0.0951375961303711,
805,-7.125007629394531,0.09489059448242188,
806,-6.709990978240967,0.09455418586730957,
807,-6.7747483253479,0.09452414512634277,
808,-6.585254669189453,0.09490466117858887,
809,-6.739371299743652,0.09458804130554199,
810,-6.904396057128906,0.09482288360595703,-6.866122722625732
811,-6.985142230987549,0.18026328086853027,
812,-6.963934898376465,0.09510111808776855,
813,-7.101868629455566,0.09485936164855957,
814,-6.532075881958008,0.09462261199951172,
815,-6.3989715576171875,0.09418630599975586,
816,-7.064197540283203,0.09357833862304688,
817,-6.998636245727539,0.09373021125793457,
818,-6.966085910797119,0.09425663948059082,
819,-7.139996528625488,0.09461832046508789,
820,-6.364305019378662,0.09334492683410645,-7.546552658081055
821,-6.556339263916016,0.1782848834991455,
822,-6.58311128616333,0.09328985214233398,
823,-6.234472274780273,0.09506630897521973,
824,-6.1159772872924805,0.09411859512329102,
825,-6.802225112915039,0.09423518180847168,
826,-6.20273494720459,0.09422183036804199,
827,-6.238950252532959,0.09449267387390137,
828,-6.96600341796875,0.09431624412536621,
829,-7.044552803039551,0.09417390823364258,
830,-6.844616889953613,0.09609651565551758,-7.696019649505615
831,-6.688364028930664,0.18518757820129395,
832,-7.015202045440674,0.09420323371887207,
833,-6.775997161865234,0.0954744815826416,
834,-6.978704929351807,0.0943760871887207,
835,-7.035412788391113,0.09436798095703125,
836,-7.0160417556762695,0.09537482261657715,
837,-6.58966588973999,0.09473514556884766,
838,-6.396141052246094,0.09520220756530762,
839,-6.903084754943848,0.09575271606445312,
840,-6.27404260635376,0.09532523155212402,-6.803364276885986
841,-6.397241592407227,0.1791691780090332,
842,-6.874643802642822,0.09546780586242676,
843,-6.615090370178223,0.09491109848022461,
844,-7.216565132141113,0.09467005729675293,
845,-6.770237445831299,0.09445977210998535,
846,-7.064626693725586,0.09393000602722168,
847,-6.55190896987915,0.09438228607177734,
848,-6.741551399230957,0.09347748756408691,
849,-6.362727642059326,0.09497404098510742,
850,-6.665721893310547,0.09431290626525879,-8.021952629089355
851,-6.560935974121094,0.29245758056640625,
852,-6.6237874031066895,0.0966176986694336,
853,-6.54736328125,0.0957636833190918,
854,-6.460118293762207,0.0965273380279541,
855,-6.551421165466309,0.09451651573181152,
856,-6.428786754608154,0.09565854072570801,
857,-6.644183158874512,0.09613347053527832,
858,-6.472659111022949,0.0941011905670166,
859,-6.680961608886719,0.09422540664672852,
860,-6.557448863983154,0.09456825256347656,-6.655816078186035
861,-6.702415466308594,0.18020176887512207,
862,-6.631117820739746,0.09507989883422852,
863,-6.275730133056641,0.09501266479492188,
864,-6.524918556213379,0.09462332725524902,
865,-6.544919013977051,0.0945439338684082,
866,-6.03991174697876,0.09518957138061523,
867,-6.285454750061035,0.09479618072509766,
868,-6.654536724090576,0.09506988525390625,
869,-6.295780181884766,0.09514713287353516,
870,-6.8107733726501465,0.09400224685668945,-6.997020244598389
871,-6.773294925689697,0.1774594783782959,
872,-6.926708698272705,0.0939476490020752,
873,-7.372770309448242,0.09373116493225098,
874,-7.017433166503906,0.0938265323638916,
875,-6.9048309326171875,0.09567427635192871,
876,-6.537517070770264,0.09440112113952637,
877,-6.948286056518555,0.0944509506225586,
878,-6.451033592224121,0.09471535682678223,
879,-6.460388660430908,0.09536862373352051,
880,-6.9380621910095215,0.09433388710021973,-6.734804630279541
881,-6.843128204345703,0.17732024192810059,
882,-6.564261436462402,0.09429144859313965,
883,-6.876389980316162,0.09464406967163086,
884,-6.598554611206055,0.09454202651977539,
885,-6.69615364074707,0.09461259841918945,
886,-6.472783088684082,0.09455585479736328,
887,-6.923662185668945,0.09625029563903809,
888,-6.370855331420898,0.09438347816467285,
889,-6.462891578674316,0.09456634521484375,
890,-6.861774444580078,0.09418964385986328,-7.627780914306641
891,-6.9850873947143555,0.17799663543701172,
892,-7.064948081970215,0.09506654739379883,
893,-7.155207633972168,0.09421992301940918,
894,-6.841991901397705,0.09459137916564941,
895,-6.884448051452637,0.09408950805664062,
896,-6.942139625549316,0.09477734565734863,
897,-6.6629133224487305,0.09604477882385254,
898,-7.079735279083252,0.09435510635375977,
899,-6.197595119476318,0.0946502685546875,
900,-6.141655921936035,0.0943002700805664,-8.779216766357422
901,-7.07585334777832,0.18068504333496094,
902,-6.556231498718262,0.09456014633178711,
903,-6.184463977813721,0.09504890441894531,
904,-7.058699607849121,0.09689688682556152,
905,-5.97503137588501,0.09481930732727051,
906,-5.982098579406738,0.0965108871459961,
907,-7.014066219329834,0.09472370147705078,
908,-6.419100761413574,0.09442305564880371,
909,-6.301898002624512,0.09422564506530762,
910,-6.961735725402832,0.09436225891113281,-9.578474998474121
911,-6.487749099731445,0.17994093894958496,
912,-6.470310688018799,0.09458112716674805,
913,-6.783776760101318,0.09433698654174805,
914,-6.579413890838623,0.09439897537231445,
915,-6.674660682678223,0.09586644172668457,
916,-6.6178998947143555,0.09504318237304688,
917,-6.913059711456299,0.0950772762298584,
918,-6.35582160949707,0.09443783760070801,
919,-6.16921329498291,0.09430575370788574,
920,-6.729625225067139,0.09404802322387695,-8.356436729431152
921,-6.557027816772461,0.18611478805541992,
922,-6.347363471984863,0.09447526931762695,
923,-6.7413740158081055,0.09438204765319824,
924,-6.092474937438965,0.09446072578430176,
925,-5.971619606018066,0.09444475173950195,
926,-6.586812496185303,0.09453105926513672,
927,-6.136930465698242,0.09429311752319336,
928,-6.204883098602295,0.0954442024230957,
929,-6.284587860107422,0.09435844421386719,
930,-6.068149566650391,0.09465312957763672,-6.446620464324951
931,-6.382048606872559,0.17961788177490234,
932,-6.425094127655029,0.09459424018859863,
933,-6.277828216552734,0.09457612037658691,
934,-6.486670017242432,0.09510993957519531,
935,-7.046444416046143,0.0949547290802002,
936,-6.775752544403076,0.09485530853271484,
937,-6.723188400268555,0.09494280815124512,
938,-6.971463203430176,0.09524369239807129,
939,-7.3026275634765625,0.09559750556945801,
940,-6.831582069396973,0.0949087142944336,-9.585603713989258
941,-6.848392963409424,0.18074488639831543,
942,-6.647133827209473,0.09499001502990723,
943,-6.756145477294922,0.09486269950866699,
944,-6.587459564208984,0.0956578254699707,
945,-6.9122161865234375,0.0944671630859375,
946,-6.593387603759766,0.09472084045410156,
947,-6.5017499923706055,0.0946042537689209,
948,-6.537723541259766,0.0948035717010498,
949,-6.659520149230957,0.09461855888366699,
950,-6.686165809631348,0.09572124481201172,-6.7552595138549805
951,-6.776998996734619,0.18129444122314453,
952,-6.714599132537842,0.09464311599731445,
953,-6.682131767272949,0.09429669380187988,
954,-6.624492645263672,0.09440994262695312,
955,-6.711760520935059,0.09466743469238281,
956,-6.764415740966797,0.09442400932312012,
957,-6.513463973999023,0.09416937828063965,
958,-6.893521308898926,0.09444308280944824,
959,-7.053574085235596,0.09442400932312012,
960,-6.993927001953125,0.09476757049560547,-7.163394927978516
961,-7.20070743560791,0.3263208866119385,
962,-6.798001766204834,0.09603166580200195,
963,-6.887109756469727,0.0950160026550293,
964,-6.415445804595947,0.09491086006164551,
965,-6.572822093963623,0.09488105773925781,
966,-6.790999412536621,0.09538745880126953,
967,-6.681962013244629,0.09493160247802734,
968,-7.176910400390625,0.0957951545715332,
969,-6.396706581115723,0.09555530548095703,
970,-6.55928897857666,0.09519457817077637,-7.996232986450195
971,-6.795138359069824,0.1837754249572754,
972,-6.680637836456299,0.09453439712524414,
973,-6.716224670410156,0.09407806396484375,
974,-7.120862007141113,0.0943763256072998,
975,-6.69654655456543,0.09470200538635254,
976,-6.933415412902832,0.09420251846313477,
977,-6.814206600189209,0.09411191940307617,
978,-7.165245056152344,0.09442877769470215,
979,-7.264013767242432,0.09439349174499512,
980,-7.188979148864746,0.09432411193847656,-7.427880764007568
981,-6.96787691116333,0.18047428131103516,
982,-7.128861904144287,0.09537959098815918,
983,-6.833889007568359,0.09508991241455078,
984,-6.88370418548584,0.09525895118713379,
985,-7.138044357299805,0.09562277793884277,
986,-7.076760292053223,0.09625530242919922,
987,-7.142095565795898,0.09521317481994629,
988,-6.649564266204834,0.09398531913757324,
989,-6.994776725769043,0.0942378044128418,
990,-6.459791660308838,0.09456515312194824,-6.537010669708252
991,-6.407675743103027,0.17864656448364258,
992,-6.717494964599609,0.09457230567932129,
993,-6.666050910949707,0.09470915794372559,
994,-6.4925947189331055,0.09445714950561523,
995,-6.770158290863037,0.09444832801818848,
996,-6.470340728759766,0.09494972229003906,
997,-6.611091613769531,0.09531164169311523,
998,-6.978209495544434,0.09501504898071289,
999,-6.874233245849609,0.09449243545532227,
1000,-7.1330718994140625,0.09463191032409668,-9.180270195007324
1001,-6.650324821472168,0.18233776092529297,
1002,-6.436502933502197,0.09487080574035645,
1003,-7.002923965454102,0.09469819068908691,
1004,-6.698022842407227,0.09452104568481445,
1005,-6.994283676147461,0.09474968910217285,
1006,-7.104427337646484,0.09502935409545898,
1007,-6.871519088745117,0.0947718620300293,
1008,-7.180827617645264,0.09477853775024414,
1009,-6.726590156555176,0.09419703483581543,
1010,-6.987663269042969,0.09537792205810547,-7.398592948913574
1011,-6.2930169105529785,0.1798381805419922,
1012,-6.2740278244018555,0.09494924545288086,
1013,-7.043018341064453,0.09480738639831543,
1014,-6.558051586151123,0.0951688289642334,
1015,-6.407431602478027,0.09508681297302246,
1016,-7.200838088989258,0.0955653190612793,
1017,-6.683170318603516,0.09480929374694824,
1018,-6.789493560791016,0.09484338760375977,
1019,-6.659127235412598,0.09498214721679688,
1020,-6.784735679626465,0.09454488754272461,-8.870926856994629
1021,-7.208197593688965,0.18044209480285645,
1022,-7.1877923011779785,0.09492659568786621,
1023,-7.311614036560059,0.09486007690429688,
1024,-7.389515399932861,0.09482598304748535,
1025,-7.004552841186523,0.09466767311096191,
1026,-7.317681789398193,0.09526896476745605,
1027,-6.764336585998535,0.09498023986816406,
1028,-6.755524635314941,0.09455680847167969,
1029,-7.308882236480713,0.09433150291442871,
1030,-6.766791343688965,0.09486222267150879,-7.838837146759033
1031,-7.259773254394531,0.18097615242004395,
1032,-6.561526298522949,0.09462714195251465,
1033,-6.312638759613037,0.09504365921020508,
1034,-7.061836242675781,0.09512853622436523,
1035,-6.636754035949707,0.09518742561340332,
1036,-6.708449363708496,0.09499812126159668,
1037,-7.194684028625488,0.0948941707611084,
1038,-6.503823280334473,0.09559130668640137,
1039,-6.937961578369141,0.0953207015991211,
1040,-6.962554931640625,0.09642410278320312,-5.512401103973389
1041,-6.790336608886719,0.17856884002685547,
1042,-7.077719688415527,0.09463787078857422,
1043,-6.932387351989746,0.09454107284545898,
1044,-7.014708042144775,0.09478974342346191,
1045,-7.390273094177246,0.09437179565429688,
1046,-7.43655252456665,0.09559154510498047,
1047,-6.861930847167969,0.0946817398071289,
1048,-7.075894355773926,0.09446287155151367,
1049,-6.636410713195801,0.09422421455383301,
1050,-6.814318656921387,0.09451055526733398,-7.43098258972168
1051,-7.482676982879639,0.17609071731567383,
1052,-6.377899169921875,0.0944373607635498,
1053,-6.4504194259643555,0.09418487548828125,
1054,-6.839373588562012,0.09448647499084473,
1055,-6.552660942077637,0.09413313865661621,
1056,-7.237114429473877,0.0943760871887207,
1057,-6.750948905944824,0.0944361686706543,
1058,-6.5630927085876465,0.09474349021911621,
1059,-6.737787246704102,0.0940999984741211,
1060,-6.965167045593262,0.09394431114196777,-7.297097206115723
1061,-6.763247489929199,0.17860794067382812,
1062,-6.782121658325195,0.09583806991577148,
1063,-6.826022148132324,0.09450197219848633,
1064,-6.758584022521973,0.09437036514282227,
1065,-6.76133918762207,0.09416818618774414,
1066,-6.740279197692871,0.09490060806274414,
1067,-7.13270902633667,0.09474015235900879,
1068,-6.858677864074707,0.09480857849121094,
1069,-6.961917877197266,0.09420442581176758,
1070,-6.6516523361206055,0.0942525863647461,-7.69791841506958
1071,-6.615130424499512,0.32350635528564453,
1072,-7.059450149536133,0.09424924850463867,
1073,-6.9071125984191895,0.0942223072052002,
1074,-6.625056266784668,0.09444642066955566,
1075,-6.843950271606445,0.09446072578430176,
1076,-6.903984069824219,0.09418940544128418,
1077,-6.744513034820557,0.0941917896270752,
1078,-6.946846961975098,0.09435176849365234,
1079,-6.694307327270508,0.09426045417785645,
1080,-6.696018218994141,0.09437370300292969,-7.505813121795654
1081,-7.243992805480957,0.1808624267578125,
1082,-7.4205851554870605,0.0945281982421875,
1083,-7.227232933044434,0.09424066543579102,
1084,-7.231699466705322,0.09398889541625977,
1085,-6.775150299072266,0.09413313865661621,
1086,-7.019887924194336,0.09567093849182129,
1087,-6.889002799987793,0.09412884712219238,
1088,-6.939776420593262,0.09435677528381348,
1089,-6.579266548156738,0.09414982795715332,
1090,-6.675368309020996,0.09399580955505371,-8.109053611755371
1091,-6.83494758605957,0.18261098861694336,
1092,-7.161433219909668,0.09518074989318848,
1093,-6.797484874725342,0.09438204765319824,
1094,-7.04660701751709,0.09702444076538086,
1095,-7.02208948135376,0.09470510482788086,
1096,-6.749579906463623,0.09460639953613281,
1097,-7.15815544128418,0.0944216251373291,
1098,-6.863500595092773,0.0943753719329834,
1099,-7.142678260803223,0.09385418891906738,
1100,-6.94403076171875,0.09462451934814453,-8.438338279724121
1101,-7.110674858093262,0.18227124214172363,
1102,-6.923098087310791,0.09458708763122559,
1103,-7.330349922180176,0.09444665908813477,
1104,-7.005124092102051,0.09454011917114258,
1105,-6.948594093322754,0.0952761173248291,
1106,-7.239326477050781,0.09455657005310059,
1107,-7.160842418670654,0.0942678451538086,
1108,-7.436742305755615,0.09465360641479492,
1109,-6.494996070861816,0.09470820426940918,
1110,-6.748963356018066,0.09458613395690918,-7.714365482330322
1111,-6.987044334411621,0.18279790878295898,
1112,-6.784493923187256,0.0957345962524414,
1113,-7.102673530578613,0.09405946731567383,
1114,-6.764780044555664,0.09423589706420898,
1115,-6.760547637939453,0.09496307373046875,
1116,-7.271137237548828,0.09424114227294922,
1117,-6.857329845428467,0.09424972534179688,
1118,-7.307578086853027,0.09440469741821289,
1119,-6.692784309387207,0.09408283233642578,
1120,-6.207923889160156,0.09433913230895996,-7.383876800537109
1121,-6.677811622619629,0.18045687675476074,
1122,-6.536153316497803,0.0944206714630127,
1123,-6.1975483894348145,0.095245361328125,
1124,-6.797822952270508,0.09438705444335938,
1125,-6.983625411987305,0.09416532516479492,
1126,-6.349169731140137,0.09465885162353516,
1127,-6.434874534606934,0.09435081481933594,
1128,-7.439052581787109,0.09542417526245117,
1129,-6.072329044342041,0.09486603736877441,
1130,-5.786823272705078,0.09408783912658691,-8.122332572937012
1131,-6.447559356689453,0.17836546897888184,
1132,-6.180728912353516,0.09572291374206543,
1133,-5.9973602294921875,0.09502863883972168,
1134,-6.379351615905762,0.09519100189208984,
1135,-6.477510452270508,0.0955195426940918,
1136,-5.7806925773620605,0.09392738342285156,
1137,-5.849194526672363,0.09405016899108887,
1138,-6.491168022155762,0.09427261352539062,
1139,-6.653641700744629,0.09407305717468262,
1140,-6.34836483001709,0.09535074234008789,-8.167938232421875
1141,-6.66156005859375,0.17981886863708496,
1142,-6.47028112411499,0.0950307846069336,
1143,-6.80649995803833,0.09581398963928223,
1144,-6.782666206359863,0.09405803680419922,
1145,-6.498425006866455,0.09406137466430664,
1146,-7.034334659576416,0.09380412101745605,
1147,-6.7379279136657715,0.09400129318237305,
1148,-7.24201774597168,0.09445786476135254,
1149,-7.052191257476807,0.09460830688476562,
1150,-7.170600414276123,0.09498095512390137,-6.34859561920166
1151,-6.794743061065674,0.17657899856567383,
1152,-6.85036563873291,0.09454607963562012,
1153,-6.753368377685547,0.09432792663574219,
1154,-7.013757228851318,0.09416341781616211,
1155,-6.997408866882324,0.0949106216430664,
1156,-7.346650123596191,0.09450697898864746,
1157,-6.348548889160156,0.09468650817871094,
1158,-6.386098861694336,0.09439492225646973,
1159,-6.866792678833008,0.09415030479431152,
1160,-6.984806060791016,0.09463953971862793,-7.497403144836426
1161,-7.144309997558594,0.18173599243164062,
1162,-7.176058292388916,0.0953984260559082,
1163,-6.965023994445801,0.0950462818145752,
1164,-6.695176124572754,0.09491729736328125,
1165,-7.117508888244629,0.09467363357543945,
1166,-7.33316707611084,0.09513616561889648,
1167,-7.411221504211426,0.09595727920532227,
1168,-6.843538761138916,0.09469842910766602,
1169,-7.170246124267578,0.09493899345397949,
1170,-7.026198387145996,0.09446072578430176,-7.64722204208374
1171,-7.775757789611816,0.1824190616607666,
1172,-6.499752044677734,0.09434914588928223,
1173,-6.61221170425415,0.0943758487701416,
1174,-6.715628147125244,0.09449076652526855,
1175,-6.451818466186523,0.09410476684570312,
1176,-7.121726036071777,0.09419393539428711,
1177,-6.625645637512207,0.09424328804016113,
1178,-6.371857643127441,0.0950937271118164,
1179,-6.826576232910156,0.09519314765930176,
1180,-6.57360315322876,0.09447979927062988,-7.990469455718994
1181,-6.971022605895996,0.31899046897888184,
1182,-6.734033107757568,0.09461140632629395,
1183,-6.348805904388428,0.0942850112915039,
1184,-6.637660026550293,0.09409737586975098,
1185,-6.739511489868164,0.0964055061340332,
1186,-6.944882392883301,0.09510397911071777,
1187,-7.075912952423096,0.09501910209655762,
1188,-7.357825756072998,0.09476161003112793,
1189,-6.718056678771973,0.09646916389465332,
1190,-6.690954208374023,0.09504961967468262,-8.451106071472168
1191,-6.630631446838379,0.18548107147216797,
1192,-6.883342266082764,0.09485602378845215,
1193,-7.048513412475586,0.09441184997558594,
1194,-7.252824783325195,0.09448957443237305,
1195,-7.161232948303223,0.09493613243103027,
1196,-7.4451093673706055,0.09595417976379395,
1197,-6.914997100830078,0.09526562690734863,
1198,-7.0626091957092285,0.09538769721984863,
1199,-6.760236740112305,0.09578824043273926,
1200,-6.667525291442871,0.09406352043151855,-7.511017799377441
1201,-6.880632400512695,0.18863296508789062,
1202,-6.896638870239258,0.09413576126098633,
1203,-7.05729866027832,0.09426760673522949,
1204,-7.129912376403809,0.09418487548828125,
1205,-7.380784034729004,0.09568071365356445,
1206,-7.703230381011963,0.09513282775878906,
1207,-6.753863334655762,0.09450435638427734,
1208,-6.912689208984375,0.09547996520996094,
1209,-7.0213117599487305,0.09491991996765137,
1210,-6.978826522827148,0.09514999389648438,-6.7480621337890625
1211,-7.241276741027832,0.17761754989624023,
1212,-7.237064838409424,0.09490013122558594,
1213,-7.032927989959717,0.0946803092956543,
1214,-7.174914836883545,0.09424042701721191,
1215,-7.1911396980285645,0.09515738487243652,
1216,-7.11463737487793,0.09474992752075195,
1217,-7.5013651847839355,0.09375953674316406,
1218,-7.163634300231934,0.09335207939147949,
1219,-7.298305988311768,0.09376215934753418,
1220,-7.4072065353393555,0.09351706504821777,-10.448153495788574
1221,-7.664116859436035,0.18140673637390137,
1222,-7.5881781578063965,0.09488296508789062,
1223,-7.623959541320801,0.09460282325744629,
1224,-7.243064880371094,0.09432744979858398,
1225,-7.8834428787231445,0.09413003921508789,
1226,-6.8615217208862305,0.09401655197143555,
1227,-6.952469825744629,0.09541749954223633,
1228,-6.797684669494629,0.09458708763122559,
1229,-6.581103324890137,0.09450793266296387,
1230,-6.7769012451171875,0.09440946578979492,-6.23380184173584
1231,-6.562012672424316,0.18453311920166016,
1232,-6.5701494216918945,0.09509539604187012,
1233,-6.704471111297607,0.09505581855773926,
1234,-6.601361274719238,0.09417295455932617,
1235,-6.628159523010254,0.09391236305236816,
1236,-6.565902233123779,0.09437870979309082,
1237,-6.887404441833496,0.09424233436584473,
1238,-6.614231109619141,0.09479689598083496,
1239,-6.338549613952637,0.09435248374938965,
1240,-6.8902740478515625,0.09505772590637207,-7.787347793579102
1241,-7.022434234619141,0.18240666389465332,
1242,-7.409368515014648,0.09432005882263184,
1243,-7.257094383239746,0.09441661834716797,
1244,-7.429691791534424,0.09498357772827148,
1245,-7.571144104003906,0.09508347511291504,
1246,-6.933245658874512,0.09426426887512207,
1247,-7.356123924255371,0.09498214721679688,
1248,-6.657596588134766,0.09464812278747559,
1249,-6.703921318054199,0.09428262710571289,
1250,-7.022056579589844,0.09427189826965332,-6.244801044464111
1251,-6.601317405700684,0.17722535133361816,
1252,-7.184164047241211,0.09427356719970703,
1253,-6.556058883666992,0.09498333930969238,
1254,-6.360169410705566,0.09493303298950195,
1255,-6.907503604888916,0.09502625465393066,
1256,-6.021335601806641,0.09738993644714355,
1257,-5.731054306030273,0.0948028564453125,
1258,-6.585289001464844,0.09400701522827148,
1259,-6.459556579589844,0.09475922584533691,
1260,-5.938510417938232,0.0944976806640625,-7.599971771240234
1261,-6.422268867492676,0.18025422096252441,
1262,-6.747987747192383,0.09504175186157227,
1263,-6.5888285636901855,0.09465503692626953,
1264,-7.007917404174805,0.09418535232543945,
1265,-7.064232349395752,0.09383869171142578,
1266,-7.069601058959961,0.09361028671264648,
1267,-6.827165603637695,0.09387922286987305,
1268,-6.745172500610352,0.09461116790771484,
1269,-7.036184787750244,0.09554696083068848,
1270,-7.05145788192749,0.09410858154296875,-8.583701133728027
1271,-7.35991907119751,0.17612051963806152,
1272,-7.510583400726318,0.09447932243347168,
1273,-7.628715515136719,0.09411191940307617,
1274,-7.438211441040039,0.09405112266540527,
1275,-7.290515422821045,0.09404993057250977,
1276,-7.284892559051514,0.0937800407409668,
1277,-7.577279567718506,0.0941770076751709,
1278,-6.936741352081299,0.09405064582824707,
1279,-7.220480442047119,0.0938880443572998,
1280,-6.410723686218262,0.0939781665802002,-7.612781524658203
1281,-6.332125663757324,0.17984366416931152,
1282,-7.064738750457764,0.09397220611572266,
1283,-6.517638683319092,0.09455084800720215,
1284,-6.397148132324219,0.0944509506225586,
1285,-6.819514751434326,0.09435558319091797,
1286,-6.486569404602051,0.09445452690124512,
1287,-6.558610916137695,0.09384417533874512,
1288,-6.300580024719238,0.09318375587463379,
1289,-6.275948524475098,0.0932011604309082,
1290,-7.205362319946289,0.09314656257629395,-7.202016830444336
1291,-6.39626407623291,0.3181002140045166,
1292,-5.712848663330078,0.09442734718322754,
1293,-5.971460342407227,0.09372687339782715,
1294,-6.588676452636719,0.09513282775878906,
1295,-6.2719526290893555,0.09566164016723633,
1296,-6.480166435241699,0.09525132179260254,
1297,-6.609953880310059,0.09456777572631836,
1298,-6.402257919311523,0.09515190124511719,
1299,-6.716041564941406,0.09522438049316406,
1300,-7.134688377380371,0.09604096412658691,-9.792366027832031
1301,-7.22845983505249,0.17960095405578613,
1302,-7.102352142333984,0.0940241813659668,
1303,-7.494770050048828,0.0946040153503418,
1304,-6.983494758605957,0.09363484382629395,
1305,-7.294126510620117,0.09623956680297852,
1306,-6.747735023498535,0.0964806079864502,
1307,-6.675877571105957,0.09475231170654297,
1308,-7.590506076812744,0.09526753425598145,
1309,-7.242624282836914,0.09448742866516113,
1310,-7.144644737243652,0.09421825408935547,-11.055230140686035
1311,-7.4365692138671875,0.18354582786560059,
1312,-7.190381050109863,0.09537577629089355,
1313,-7.262689113616943,0.09510111808776855,
1314,-7.1703901290893555,0.09456753730773926,
1315,-6.564966678619385,0.09424042701721191,
1316,-7.363775253295898,0.09428739547729492,
1317,-7.189239501953125,0.09417557716369629,
1318,-7.154974460601807,0.09377193450927734,
1319,-7.319311618804932,0.09347248077392578,
1320,-7.563868522644043,0.09401726722717285,-8.853232383728027
1321,-6.881843566894531,0.17963480949401855,
1322,-6.863525867462158,0.093963623046875,
1323,-7.271231174468994,0.09422993659973145,
1324,-7.025498390197754,0.0940554141998291,
1325,-7.385897636413574,0.09510111808776855,
1326,-7.664737224578857,0.0949404239654541,
1327,-7.295271396636963,0.09430503845214844,
1328,-7.47993278503418,0.09530472755432129,
1329,-7.293973922729492,0.09465408325195312,
1330,-7.430423736572266,0.09421539306640625,-7.436063289642334
1331,-6.895787715911865,0.17745542526245117,
1332,-7.293086528778076,0.09501171112060547,
1333,-7.046751976013184,0.0949563980102539,
1334,-7.0119476318359375,0.09578704833984375,
1335,-7.243034362792969,0.09526872634887695,
1336,-7.249009609222412,0.09611821174621582,
1337,-7.336896896362305,0.09491610527038574,
1338,-7.355401039123535,0.09602785110473633,
1339,-7.017630100250244,0.09467363357543945,
1340,-7.147647857666016,0.0943446159362793,-7.877541542053223
1341,-7.483527660369873,0.18033099174499512,
1342,-7.115593910217285,0.09480071067810059,
1343,-7.434334754943848,0.09478402137756348,
1344,-7.2476725578308105,0.09425687789916992,
1345,-7.80717658996582,0.09493207931518555,
1346,-6.638586044311523,0.09590363502502441,
1347,-6.519454002380371,0.09460830688476562,
1348,-7.427699565887451,0.0943763256072998,
1349,-7.056560516357422,0.09441041946411133,
1350,-7.215965747833252,0.09444451332092285,-8.746912956237793
1351,-7.308603286743164,0.18113374710083008,
1352,-7.418989181518555,0.09471654891967773,
1353,-7.751039505004883,0.09421730041503906,
1354,-7.530126571655273,0.09444236755371094,
1355,-7.798427581787109,0.09449243545532227,
1356,-7.561036586761475,0.09453701972961426,
1357,-7.630709648132324,0.09418845176696777,
1358,-7.227743148803711,0.09462833404541016,
1359,-7.521846771240234,0.09504032135009766,
1360,-7.12941837310791,0.09492182731628418,-6.80896520614624
1361,-7.323863506317139,0.17602038383483887,
1362,-7.212789058685303,0.0946805477142334,
1363,-7.223163604736328,0.09483075141906738,
1364,-7.378402233123779,0.09436964988708496,
1365,-7.027032375335693,0.09487056732177734,
1366,-7.242744445800781,0.09454941749572754,
1367,-6.829726219177246,0.09442925453186035,
1368,-6.840373992919922,0.09426045417785645,
1369,-7.298300743103027,0.09462714195251465,
1370,-7.181065559387207,0.09460878372192383,-7.719642639160156
1371,-7.63746452331543,0.17616486549377441,
1372,-7.301410675048828,0.09533119201660156,
1373,-7.368728160858154,0.09482336044311523,
1374,-7.422723770141602,0.0943899154663086,
1375,-7.319421768188477,0.09446573257446289,
1376,-7.428561210632324,0.09584760665893555,
1377,-7.045326232910156,0.09517884254455566,
1378,-7.250581741333008,0.09526705741882324,
1379,-6.7269110679626465,0.09561753273010254,
1380,-6.763632774353027,0.09602618217468262,-8.777976989746094
1381,-7.267343997955322,0.18089747428894043,
1382,-6.5925140380859375,0.09619498252868652,
1383,-6.719890594482422,0.09481072425842285,
1384,-6.9737091064453125,0.09477066993713379,
1385,-6.75602912902832,0.09589672088623047,
1386,-6.666832447052002,0.09474849700927734,
1387,-7.1428656578063965,0.09518265724182129,
1388,-7.055712699890137,0.09494614601135254,
1389,-7.167789459228516,0.09536433219909668,
1390,-6.932724952697754,0.09554195404052734,-6.2923150062561035
1391,-6.99163818359375,0.18172860145568848,
1392,-7.221897125244141,0.09754157066345215,
1393,-7.286461353302002,0.09463953971862793,
1394,-7.392645835876465,0.09472370147705078,
1395,-7.359526634216309,0.09482049942016602,
1396,-7.166568756103516,0.09668254852294922,
1397,-7.6142096519470215,0.09442448616027832,
1398,-6.760689735412598,0.09509658813476562,
1399,-6.650618076324463,0.09370231628417969,
1400,-6.831049919128418,0.09361815452575684,-8.810771942138672
1401,-7.3209710121154785,0.3001835346221924,
1402,-6.736364364624023,0.09478998184204102,
1403,-6.927813529968262,0.09457898139953613,
1404,-7.4603166580200195,0.09422564506530762,
1405,-7.427694320678711,0.09488749504089355,
1406,-7.362993240356445,0.09442019462585449,
1407,-7.110391616821289,0.09445953369140625,
1408,-7.375846862792969,0.09456491470336914,
1409,-7.308990955352783,0.09474682807922363,
1410,-7.058170795440674,0.09426379203796387,-8.641602516174316
1411,-7.102679252624512,0.1815185546875,
1412,-7.040416240692139,0.09449172019958496,
1413,-7.303370475769043,0.09457564353942871,
1414,-6.691417694091797,0.09455084800720215,
1415,-6.951259613037109,0.0948946475982666,
1416,-6.983954429626465,0.0946650505065918,
1417,-6.908443450927734,0.09453701972961426,
1418,-7.41499137878418,0.09433722496032715,
1419,-6.86413049697876,0.09534335136413574,
1420,-7.012504577636719,0.09496045112609863,-6.066551208496094
1421,-7.317272186279297,0.17876553535461426,
1422,-7.1526079177856445,0.09411072731018066,
1423,-7.3690080642700195,0.09456300735473633,
1424,-7.412262439727783,0.09451413154602051,
1425,-7.339468002319336,0.09431672096252441,
1426,-7.328766822814941,0.09449267387390137,
1427,-7.362930774688721,0.09455513954162598,
1428,-7.285418510437012,0.0943608283996582,
1429,-7.312952995300293,0.09449315071105957,
1430,-7.539010524749756,0.09444642066955566,-8.444302558898926
1431,-7.796604156494141,0.17757773399353027,
1432,-7.331881999969482,0.09372949600219727,
1433,-7.150467395782471,0.09496879577636719,
1434,-7.203486919403076,0.09526729583740234,
1435,-7.697756767272949,0.09413671493530273,
1436,-7.371933937072754,0.09423995018005371,
1437,-7.327345371246338,0.09619021415710449,
1438,-7.299654483795166,0.09636139869689941,
1439,-7.788661003112793,0.09429478645324707,
1440,-7.0613884925842285,0.0948789119720459,-8.903521537780762
1441,-7.104161739349365,0.1815183162689209,
1442,-6.742363929748535,0.0949561595916748,
1443,-7.126251697540283,0.0942375659942627,
1444,-7.243475914001465,0.09435629844665527,
1445,-7.544818878173828,0.0943605899810791,
1446,-6.965185642242432,0.0938560962677002,
1447,-7.009818077087402,0.0941154956817627,
1448,-6.95313835144043,0.0950460433959961,
1449,-6.928865432739258,0.09441256523132324,
1450,-7.3299713134765625,0.09424257278442383,-7.811005592346191
1451,-7.053925514221191,0.17954683303833008,
1452,-7.614095687866211,0.09449291229248047,
1453,-7.090676307678223,0.0954749584197998,
1454,-7.227847099304199,0.09561753273010254,
1455,-7.089917182922363,0.09545063972473145,
1456,-6.829703330993652,0.09543371200561523,
1457,-7.128079414367676,0.09563589096069336,
1458,-7.062390327453613,0.09429240226745605,
1459,-7.3493971824646,0.0942072868347168,
1460,-6.835219383239746,0.09334683418273926,-6.412605285644531
1461,-6.787805080413818,0.1754627227783203,
1462,-7.499560356140137,0.09350013732910156,
1463,-6.87013053894043,0.09277558326721191,
1464,-6.960149765014648,0.09348654747009277,
1465,-7.479015350341797,0.09367775917053223,
1466,-6.804975509643555,0.0941307544708252,
1467,-7.00718879699707,0.09447073936462402,
1468,-7.234678268432617,0.09462881088256836,
1469,-7.131805419921875,0.0950319766998291,
1470,-7.372374534606934,0.0943143367767334,-7.261764049530029
1471,-6.9834699630737305,0.18046879768371582,
1472,-7.31346321105957,0.09487724304199219,
1473,-7.095887184143066,0.0950307846069336,
1474,-7.010882377624512,0.09399962425231934,
1475,-7.542893409729004,0.09353470802307129,
1476,-7.323675155639648,0.09354233741760254,
1477,-7.4767608642578125,0.09492325782775879,
1478,-7.418910026550293,0.09448027610778809,
1479,-7.348790168762207,0.09468293190002441,
1480,-7.354926586151123,0.09471774101257324,-8.235069274902344
1481,-7.533709526062012,0.17864131927490234,
1482,-7.116813659667969,0.09448790550231934,
1483,-6.996273040771484,0.09590411186218262,
1484,-7.477561950683594,0.09639477729797363,
1485,-7.51198148727417,0.09579753875732422,
1486,-7.584338188171387,0.09369039535522461,
1487,-7.7326531410217285,0.09598755836486816,
1488,-7.432920455932617,0.0952146053314209,
1489,-7.458559989929199,0.0946950912475586,
1490,-7.182852268218994,0.09435749053955078,-7.87580680847168
1491,-7.149349689483643,0.1801469326019287,
1492,-7.006283283233643,0.09452986717224121,
1493,-7.382598876953125,0.09579229354858398,
1494,-6.8895087242126465,0.09562444686889648,
1495,-7.01889705657959,0.09435081481933594,
1496,-7.06709098815918,0.0945272445678711,
1497,-6.9400858879089355,0.09447860717773438,
1498,-7.106265544891357,0.09420990943908691,
1499,-7.146152019500732,0.09493589401245117,
1500,-7.3835039138793945,0.09466862678527832,-9.070945739746094
1501,-7.326639652252197,0.17576289176940918,
1502,-7.2306365966796875,0.09427547454833984,
1503,-7.564455986022949,0.09444594383239746,
1504,-7.437297821044922,0.09476518630981445,
1505,-7.45535135269165,0.09406280517578125,
1506,-7.4589080810546875,0.09479784965515137,
1507,-7.239156246185303,0.09436702728271484,
1508,-7.623674392700195,0.0944678783416748,
1509,-7.37386417388916,0.09421730041503906,
1510,-7.670480728149414,0.0948033332824707,-9.071045875549316
1511,-7.0945234298706055,0.32178592681884766,
1512,-7.504598140716553,0.09491181373596191,
1513,-6.775516510009766,0.09494495391845703,
1514,-6.822356224060059,0.09540486335754395,
1515,-7.430878639221191,0.0950775146484375,
1516,-6.677838325500488,0.09627103805541992,
1517,-6.788393020629883,0.09613919258117676,
1518,-7.323199272155762,0.09611129760742188,
1519,-6.934621334075928,0.09409236907958984,
1520,-7.443875312805176,0.09517550468444824,-8.006021499633789
1521,-6.99362850189209,0.18500351905822754,
1522,-6.919452667236328,0.09453558921813965,
1523,-7.831807613372803,0.09417963027954102,
1524,-7.76592493057251,0.0960392951965332,
1525,-7.37638521194458,0.09517598152160645,
1526,-7.6801438331604,0.09450721740722656,
1527,-7.218257904052734,0.09457898139953613,
1528,-7.494300842285156,0.0946357250213623,
1529,-7.255831718444824,0.09439587593078613,
1530,-7.087427139282227,0.09423041343688965,-7.865421295166016
1531,-7.158029556274414,0.18007302284240723,
1532,-7.398051738739014,0.09431862831115723,
1533,-7.071683883666992,0.0942223072052002,
1534,-7.1228742599487305,0.09444212913513184,
1535,-7.145746231079102,0.09461212158203125,
1536,-7.027567386627197,0.09431004524230957,
1537,-6.92130708694458,0.09440946578979492,
1538,-7.144838333129883,0.09430813789367676,
1539,-7.0633087158203125,0.09470462799072266,
1540,-7.257623195648193,0.09445500373840332,-6.144534587860107
1541,-7.103028297424316,0.17559099197387695,
1542,-7.3065996170043945,0.09407353401184082,
1543,-6.739976406097412,0.09398579597473145,
1544,-6.832784175872803,0.09411287307739258,
1545,-7.2166643142700195,0.0943601131439209,
1546,-6.905989646911621,0.09433960914611816,
1547,-7.397195339202881,0.09426474571228027,
1548,-6.943072319030762,0.0940999984741211,
1549,-6.522380828857422,0.09430408477783203,
1550,-7.225815296173096,0.09458303451538086,-7.246570110321045
1551,-7.073943138122559,0.17906665802001953,
1552,-7.0695109367370605,0.09472084045410156,
1553,-7.437898635864258,0.094024658203125,
1554,-6.735302925109863,0.09429788589477539,
1555,-7.258395671844482,0.09428191184997559,
1556,-6.944186210632324,0.09469366073608398,
1557,-6.7327728271484375,0.09400200843811035,
1558,-7.71159553527832,0.09410572052001953,
1559,-6.336219787597656,0.09411859512329102,
1560,-6.023430824279785,0.09440422058105469,-9.111340522766113
1561,-6.689966201782227,0.1814417839050293,
1562,-6.359589576721191,0.09500002861022949,
1563,-6.094509124755859,0.09436678886413574,
1564,-6.660931587219238,0.09717655181884766,
1565,-6.877078056335449,0.09457135200500488,
1566,-6.286591053009033,0.0942678451538086,
1567,-7.015004634857178,0.09415173530578613,
1568,-7.012408256530762,0.09433221817016602,
1569,-6.715404033660889,0.09443068504333496,
1570,-7.1478729248046875,0.09437823295593262,-7.651471138000488
1571,-6.747616291046143,0.18071770668029785,
1572,-7.193483829498291,0.09567713737487793,
1573,-6.9821977615356445,0.09441399574279785,
1574,-6.9646897315979,0.09414148330688477,
1575,-7.467470169067383,0.09387588500976562,
1576,-6.778985500335693,0.09574437141418457,
1577,-7.0035600662231445,0.09468579292297363,
1578,-7.465879440307617,0.09374356269836426,
1579,-7.102896213531494,0.09360408782958984,
1580,-7.800415992736816,0.0931549072265625,-7.537689685821533
1581,-7.222994804382324,0.17798900604248047,
1582,-7.493314743041992,0.09514594078063965,
1583,-6.858574867248535,0.0946953296661377,
1584,-6.914798736572266,0.09488034248352051,
1585,-7.0591888427734375,0.09492611885070801,
1586,-6.78818416595459,0.09565019607543945,
1587,-6.793348789215088,0.09532737731933594,
1588,-7.52683687210083,0.09421491622924805,
1589,-7.537506103515625,0.09458088874816895,
1590,-7.498686790466309,0.09451794624328613,-8.99802017211914
1591,-7.1795244216918945,0.18060064315795898,
1592,-7.498071670532227,0.09469127655029297,
1593,-6.997478008270264,0.09408211708068848,
1594,-7.158169746398926,0.09442925453186035,
1595,-7.338118553161621,0.09438157081604004,
1596,-7.339962005615234,0.09592247009277344,
1597,-7.395427703857422,0.09447646141052246,
1598,-7.177472114562988,0.09437227249145508,
1599,-7.336315155029297,0.09453105926513672,
1600,-7.122251510620117,0.09426355361938477,-7.758475303649902
1601,-7.431659698486328,0.17889165878295898,
1602,-7.008545875549316,0.0947880744934082,
1603,-6.988681793212891,0.09426498413085938,
1604,-7.617323875427246,0.09466195106506348,
1605,-7.276500701904297,0.09443807601928711,
1606,-7.622076511383057,0.09495234489440918,
1607,-7.225425720214844,0.09445047378540039,
1608,-7.797719955444336,0.09509491920471191,
1609,-6.782980918884277,0.09635281562805176,
1610,-6.766244888305664,0.09419488906860352,-6.548002243041992
1611,-7.297233581542969,0.18408560752868652,
1612,-7.263031959533691,0.09667038917541504,
1613,-7.750195503234863,0.09461402893066406,
1614,-7.418790340423584,0.09485578536987305,
1615,-7.794703483581543,0.09582257270812988,
1616,-6.631808280944824,0.0951688289642334,
1617,-6.826053619384766,0.09429454803466797,
1618,-6.936404228210449,0.0953211784362793,
1619,-6.541080474853516,0.09623575210571289,
1620,-6.508561134338379,0.09445714950561523,-8.100740432739258
1621,-6.861960411071777,0.32126784324645996,
1622,-6.617491722106934,0.09534835815429688,
1623,-7.045833587646484,0.09533929824829102,
1624,-7.138818740844727,0.09569048881530762,
1625,-6.852302551269531,0.09511780738830566,
1626,-7.029770851135254,0.09459495544433594,
1627,-7.542433738708496,0.09401082992553711,
1628,-7.666595458984375,0.09398007392883301,
1629,-7.398183822631836,0.09433698654174805,
1630,-7.494633197784424,0.09667468070983887,-9.31566333770752
1631,-7.258799076080322,0.18410587310791016,
1632,-7.375205993652344,0.0959467887878418,
1633,-7.462011814117432,0.09457159042358398,
1634,-7.432870864868164,0.09586954116821289,
1635,-6.989784240722656,0.09442567825317383,
1636,-7.189306259155273,0.09553861618041992,
1637,-7.498732566833496,0.0948326587677002,
1638,-7.481466293334961,0.09498143196105957,
1639,-7.7994890213012695,0.09468793869018555,
1640,-7.84855842590332,0.09548687934875488,-8.280131340026855
1641,-7.691319465637207,0.1806960105895996,
1642,-7.432539463043213,0.09501147270202637,
1643,-7.591219425201416,0.09482002258300781,
1644,-7.704509735107422,0.09433817863464355,
1645,-7.34147310256958,0.09524822235107422,
1646,-7.472978591918945,0.09441709518432617,
1647,-7.6679229736328125,0.0948629379272461,
1648,-6.765568733215332,0.09590768814086914,
1649,-6.741390228271484,0.09637165069580078,
1650,-6.810190200805664,0.09471464157104492,-6.177399158477783
1651,-7.099348068237305,0.17989706993103027,
1652,-7.377004623413086,0.0960547924041748,
1653,-7.474145889282227,0.09540557861328125,
1654,-7.662016868591309,0.09523510932922363,
1655,-7.301727771759033,0.0944526195526123,
1656,-7.46823787689209,0.0942997932434082,
1657,-7.27082633972168,0.09461665153503418,
1658,-7.345036506652832,0.09544205665588379,
1659,-7.450421333312988,0.09574508666992188,
1660,-7.4856109619140625,0.09544920921325684,-7.421320915222168
1661,-7.783206939697266,0.17702388763427734,
1662,-7.2704572677612305,0.09439563751220703,
1663,-7.561328411102295,0.09493088722229004,
1664,-6.8024396896362305,0.09435844421386719,
1665,-6.655888080596924,0.09508275985717773,
1666,-7.401320457458496,0.09453296661376953,
1667,-7.358305931091309,0.09598422050476074,
1668,-7.571890830993652,0.09748697280883789,
1669,-6.980507850646973,0.09520506858825684,
1670,-7.153642654418945,0.09503746032714844,-8.058659553527832
1671,-6.977144241333008,0.18360614776611328,
1672,-7.005191802978516,0.0950777530670166,
1673,-7.616896629333496,0.09789800643920898,
1674,-7.528071403503418,0.09284734725952148,
1675,-7.572817802429199,0.09293413162231445,
1676,-7.7386369705200195,0.09525799751281738,
1677,-7.645328998565674,0.09496283531188965,
1678,-7.570923805236816,0.09389376640319824,
1679,-7.082289218902588,0.09422826766967773,
1680,-7.301905632019043,0.09373855590820312,-7.655460357666016
1681,-7.250733375549316,0.17590928077697754,
1682,-7.244850158691406,0.09608078002929688,
1683,-7.189606666564941,0.09469962120056152,
1684,-6.9650139808654785,0.09580302238464355,
1685,-7.204885482788086,0.09745526313781738,
1686,-7.607294082641602,0.09545516967773438,
1687,-6.848380088806152,0.09551239013671875,
1688,-7.247492790222168,0.0986626148223877,
1689,-7.176568508148193,0.09903907775878906,
1690,-7.17587947845459,0.09704780578613281,-8.940938949584961
1691,-7.4002461433410645,0.1930241584777832,
1692,-7.2052154541015625,0.10025596618652344,
1693,-7.54286003112793,0.09567570686340332,
1694,-7.382715225219727,0.09648942947387695,
1695,-7.5142107009887695,0.09502100944519043,
1696,-7.903908729553223,0.09464812278747559,
1697,-7.8960862159729,0.09495091438293457,
1698,-7.363335132598877,0.0953359603881836,
1699,-7.614167213439941,0.09575653076171875,
1700,-7.365204811096191,0.09556937217712402,-9.382707595825195
1701,-7.566268444061279,0.18459463119506836,
1702,-7.052754878997803,0.09479165077209473,
1703,-7.081149101257324,0.09723424911499023,
1704,-7.261746883392334,0.09675931930541992,
1705,-7.031364440917969,0.09451556205749512,
1706,-7.4485273361206055,0.09535646438598633,
1707,-6.795936107635498,0.09520077705383301,
1708,-6.280727386474609,0.09475898742675781,
1709,-6.866260528564453,0.09493517875671387,
1710,-6.9546799659729,0.09525489807128906,-8.286252975463867
1711,-6.993616104125977,0.17786765098571777,
1712,-7.375270843505859,0.09510421752929688,
1713,-6.953326225280762,0.09461379051208496,
1714,-7.072254180908203,0.09511661529541016,
1715,-6.796972274780273,0.09684586524963379,
1716,-6.823173522949219,0.0956578254699707,
1717,-7.136175155639648,0.09483456611633301,
1718,-6.808174133300781,0.09545445442199707,
1719,-6.841249465942383,0.09504914283752441,
1720,-6.893080711364746,0.09628605842590332,-10.559040069580078
1721,-7.357151985168457,0.17844295501708984,
1722,-7.058852195739746,0.09591865539550781,
1723,-7.0032148361206055,0.09565067291259766,
1724,-7.157151222229004,0.09473657608032227,
1725,-7.207162380218506,0.09437370300292969,
1726,-6.883540153503418,0.09479308128356934,
1727,-7.101984977722168,0.09636855125427246,
1728,-7.270460605621338,0.09573698043823242,
1729,-6.916482448577881,0.09571552276611328,
1730,-7.153828144073486,0.0991511344909668,-5.9750494956970215
1731,-7.117073059082031,0.3212869167327881,
1732,-7.072103023529053,0.09540247917175293,
1733,-7.012418746948242,0.09584569931030273,
1734,-6.774938106536865,0.09494662284851074,
1735,-7.180025100708008,0.09542036056518555,
1736,-7.218017578125,0.09505701065063477,
1737,-7.333980560302734,0.09541535377502441,
1738,-6.82244873046875,0.09483528137207031,
1739,-7.149720668792725,0.09587645530700684,
1740,-7.6398797035217285,0.09505867958068848,-7.6476664543151855
1741,-7.64595890045166,0.1788790225982666,
1742,-7.379674911499023,0.0947866439819336,
1743,-7.213587760925293,0.09526610374450684,
1744,-7.624863624572754,0.09476947784423828,
1745,-7.318557262420654,0.09497189521789551,
1746,-7.607200622558594,0.09602737426757812,
1747,-7.677016258239746,0.0959463119506836,
1748,-7.529367923736572,0.09508657455444336,
1749,-7.491065979003906,0.0951998233795166,
1750,-7.431811332702637,0.09566617012023926,-8.502967834472656
1751,-7.6442670822143555,0.18390297889709473,
1752,-7.718728065490723,0.09551501274108887,
1753,-7.4331841468811035,0.09513998031616211,
1754,-7.660670757293701,0.0956268310546875,
1755,-7.193263053894043,0.09408378601074219,
1756,-7.121165752410889,0.09342813491821289,
1757,-7.524491310119629,0.09482789039611816,
1758,-7.216928005218506,0.09617233276367188,
1759,-7.565464496612549,0.09517025947570801,
1760,-7.948787689208984,0.09524416923522949,-9.104928016662598
1761,-7.331016540527344,0.1900925636291504,
1762,-7.492920875549316,0.09589600563049316,
1763,-7.0458455085754395,0.09703755378723145,
1764,-6.949874401092529,0.09531378746032715,
1765,-7.451290130615234,0.09474396705627441,
1766,-7.0223894119262695,0.09621262550354004,
1767,-7.187970161437988,0.09510445594787598,
1768,-7.295041084289551,0.09483122825622559,
1769,-7.092299461364746,0.09678530693054199,
1770,-7.234139919281006,0.09395718574523926,-10.750958442687988
1771,-7.262547016143799,0.17930102348327637,
1772,-7.266121864318848,0.09374403953552246,
1773,-7.338003158569336,0.09543967247009277,
1774,-7.351424694061279,0.09533882141113281,
1775,-7.497203826904297,0.0946359634399414,
1776,-7.042654037475586,0.09496593475341797,
1777,-7.031083106994629,0.09571576118469238,
1778,-7.603294372558594,0.09532928466796875,
1779,-7.181910037994385,0.09472393989562988,
1780,-7.493704795837402,0.09525895118713379,-7.953794956207275
1781,-7.202291965484619,0.18334627151489258,
1782,-7.385754108428955,0.09574270248413086,
1783,-7.392777442932129,0.09476518630981445,
1784,-7.28294563293457,0.09525394439697266,
1785,-7.1854963302612305,0.09459686279296875,
1786,-7.396357536315918,0.09479022026062012,
1787,-7.054081916809082,0.09656143188476562,
1788,-7.2458086013793945,0.09508109092712402,
1789,-7.019834041595459,0.09487032890319824,
1790,-7.360784530639648,0.09503841400146484,-7.9675092697143555
1791,-7.569828510284424,0.18322539329528809,
1792,-7.511828899383545,0.0953516960144043,
1793,-7.274217128753662,0.09516406059265137,
1794,-7.365067005157471,0.09506368637084961,
1795,-7.22564697265625,0.09554243087768555,
1796,-7.447600841522217,0.0955960750579834,
1797,-7.202317237854004,0.09543776512145996,
1798,-7.307038307189941,0.09565925598144531,
1799,-7.55882453918457,0.09548521041870117,
1800,-7.379148483276367,0.09653091430664062,-8.024356842041016
1801,-8.104000091552734,0.18298602104187012,
1802,-7.462813854217529,0.09586668014526367,
1803,-7.8492889404296875,0.09528875350952148,
1804,-7.14411735534668,0.09660577774047852,
1805,-7.319484233856201,0.09590625762939453,
1806,-7.252162456512451,0.09622716903686523,
1807,-7.111308574676514,0.09634780883789062,
1808,-7.641486644744873,0.09559822082519531,
1809,-7.217869758605957,0.09554815292358398,
1810,-7.572597503662109,0.09558224678039551,-7.10610818862915
1811,-6.718067169189453,0.18558120727539062,
1812,-6.886300086975098,0.0959482192993164,
1813,-7.221183776855469,0.09431314468383789,
1814,-6.710981845855713,0.0944523811340332,
1815,-6.752036094665527,0.0946202278137207,
1816,-7.605801582336426,0.09466171264648438,
1817,-6.809608459472656,0.09491181373596191,
1818,-6.729010581970215,0.09479761123657227,
1819,-7.459782600402832,0.09524941444396973,
1820,-6.899170398712158,0.09473180770874023,-10.801250457763672
1821,-7.237497329711914,0.17737650871276855,
1822,-7.106599807739258,0.09487485885620117,
1823,-7.076722145080566,0.0946965217590332,
1824,-7.10162353515625,0.09537911415100098,
1825,-6.904878616333008,0.09455561637878418,
1826,-7.1362714767456055,0.0945734977722168,
1827,-6.843239784240723,0.09534716606140137,
1828,-7.04936408996582,0.09483098983764648,
1829,-7.311029434204102,0.09454727172851562,
1830,-7.020003318786621,0.09652900695800781,-7.82813024520874
1831,-7.015653610229492,0.18436551094055176,
1832,-7.766845703125,0.09587836265563965,
1833,-7.559093475341797,0.09609770774841309,
1834,-7.8494768142700195,0.09515523910522461,
1835,-7.451862335205078,0.09551787376403809,
1836,-7.837002277374268,0.09508371353149414,
1837,-7.394107818603516,0.09492897987365723,
1838,-7.234995365142822,0.09526848793029785,
1839,-7.249382019042969,0.09546518325805664,
1840,-7.153323173522949,0.09526896476745605,-7.634373188018799
1841,-7.204419136047363,0.31717777252197266,
1842,-7.083824634552002,0.09436154365539551,
1843,-7.379728317260742,0.09368729591369629,
1844,-7.03534460067749,0.09528112411499023,
1845,-7.394256591796875,0.09605860710144043,
1846,-7.0086164474487305,0.09545731544494629,
1847,-6.939407825469971,0.09529995918273926,
1848,-7.075226306915283,0.09462881088256836,
1849,-6.706800937652588,0.09492373466491699,
1850,-6.781343460083008,0.09478926658630371,-8.138303756713867
1851,-7.194167613983154,0.17885136604309082,
1852,-7.024590492248535,0.09478592872619629,
1853,-6.6768317222595215,0.09460997581481934,
1854,-6.886157512664795,0.0946190357208252,
1855,-7.271688461303711,0.09457659721374512,
1856,-7.032470703125,0.09517574310302734,
1857,-7.1455159187316895,0.09437847137451172,
1858,-7.282238483428955,0.09454083442687988,
1859,-7.306654453277588,0.0945742130279541,
1860,-7.677623271942139,0.09488868713378906,-7.629295349121094
1861,-7.36870002746582,0.17806577682495117,
1862,-7.653531074523926,0.09437108039855957,
1863,-7.319018363952637,0.09458780288696289,
1864,-7.378368377685547,0.09434986114501953,
1865,-7.445854187011719,0.0950777530670166,
1866,-7.452269077301025,0.09496307373046875,
1867,-7.743464946746826,0.09469127655029297,
1868,-7.69582462310791,0.0952901840209961,
1869,-7.353811264038086,0.0964970588684082,
1870,-7.647536277770996,0.09433150291442871,-8.352577209472656
1871,-7.384648323059082,0.1804971694946289,
1872,-7.455378532409668,0.09620285034179688,
1873,-7.591889381408691,0.09571170806884766,
1874,-7.698902130126953,0.09489011764526367,
1875,-7.4365410804748535,0.09542608261108398,
1876,-7.416701316833496,0.09502315521240234,
1877,-7.687389373779297,0.09499144554138184,
1878,-7.3920087814331055,0.09613227844238281,
1879,-7.502519607543945,0.09515595436096191,
1880,-7.328472137451172,0.09576749801635742,-7.677175998687744
1881,-7.199153900146484,0.1868746280670166,
1882,-7.811979293823242,0.09617829322814941,
1883,-7.291114330291748,0.09568595886230469,
1884,-7.5894083976745605,0.09666991233825684,
1885,-7.24436092376709,0.09521126747131348,
1886,-7.090977668762207,0.09575271606445312,
1887,-7.437112331390381,0.09703803062438965,
1888,-7.0598039627075195,0.09540772438049316,
1889,-7.339794158935547,0.09453797340393066,
1890,-7.573807716369629,0.09483122825622559,-7.639586925506592
1891,-7.828909397125244,0.18099689483642578,
1892,-7.89431619644165,0.0954124927520752,
1893,-8.09764575958252,0.09499144554138184,
1894,-7.7765069007873535,0.09606742858886719,
1895,-8.161493301391602,0.09447979927062988,
1896,-7.206939697265625,0.09464383125305176,
1897,-7.380900859832764,0.0954132080078125,
1898,-7.725496292114258,0.09492850303649902,
1899,-7.485055923461914,0.09492707252502441,
1900,-7.650913238525391,0.09520411491394043,-7.183972358703613
1901,-7.529536247253418,0.17815113067626953,
1902,-7.891840934753418,0.09514474868774414,
1903,-7.0744309425354,0.0950157642364502,
1904,-6.8637518882751465,0.09752988815307617,
1905,-7.604001045227051,0.09535908699035645,
1906,-7.015556335449219,0.09556722640991211,
1907,-7.082848072052002,0.09543347358703613,
1908,-7.446985244750977,0.0952761173248291,
1909,-7.0868144035339355,0.09430861473083496,
1910,-7.4356842041015625,0.09592700004577637,-7.6717848777771
1911,-7.072500228881836,0.17914652824401855,
1912,-7.385251045227051,0.09506511688232422,
1913,-7.18007230758667,0.09499764442443848,
1914,-7.024531364440918,0.09578061103820801,
1915,-7.36992073059082,0.09496355056762695,
1916,-7.309690952301025,0.09566116333007812,
1917,-7.749626159667969,0.0946505069732666,
1918,-7.4860358238220215,0.09461736679077148,
1919,-7.461431503295898,0.09359240531921387,
1920,-7.857542037963867,0.09367489814758301,-5.550965309143066
1921,-7.423814296722412,0.1809537410736084,
1922,-7.235384464263916,0.09572029113769531,
1923,-7.491506576538086,0.09546828269958496,
1924,-7.082615375518799,0.09746932983398438,
1925,-7.4980244636535645,0.09508776664733887,
1926,-7.3410115242004395,0.09541535377502441,
1927,-7.029569625854492,0.09567475318908691,
1928,-7.126467704772949,0.09523940086364746,
1929,-7.711749076843262,0.09759664535522461,
1930,-7.302113056182861,0.09518980979919434,-8.690857887268066
1931,-7.087484359741211,0.18447661399841309,
1932,-7.776737689971924,0.09616231918334961,
1933,-7.075788974761963,0.09515523910522461,
1934,-7.022486686706543,0.09463977813720703,
1935,-7.260190963745117,0.09523701667785645,
1936,-7.462771415710449,0.09482812881469727,
1937,-7.018437385559082,0.09500980377197266,
1938,-6.954903602600098,0.09481477737426758,
1939,-6.936395168304443,0.09636497497558594,
1940,-6.844266414642334,0.09718775749206543,-8.001740455627441
1941,-7.104438781738281,0.18284034729003906,
1942,-6.843571662902832,0.09511184692382812,
1943,-7.00443172454834,0.09575533866882324,
1944,-6.940374374389648,0.09479069709777832,
1945,-7.096349239349365,0.09572982788085938,
1946,-7.364047050476074,0.09622740745544434,
1947,-7.320362567901611,0.09504485130310059,
1948,-7.383121490478516,0.09578514099121094,
1949,-7.820743560791016,0.09542560577392578,
1950,-7.067066669464111,0.09550166130065918,-7.167060852050781
1951,-7.357624053955078,0.31483960151672363,
1952,-6.920252799987793,0.09530997276306152,
1953,-6.864559173583984,0.09491157531738281,
1954,-7.262356758117676,0.09496140480041504,
1955,-7.211577415466309,0.09514665603637695,
1956,-7.224184513092041,0.09515070915222168,
1957,-7.674070358276367,0.0955660343170166,
1958,-7.340401649475098,0.09481501579284668,
1959,-7.537018299102783,0.09582233428955078,
1960,-7.583955764770508,0.09526371955871582,-8.408577919006348
1961,-7.724600791931152,0.18189072608947754,
1962,-7.275311470031738,0.09459972381591797,
1963,-7.408902168273926,0.09475231170654297,
1964,-7.538212299346924,0.09523940086364746,
1965,-7.356537342071533,0.09525346755981445,
1966,-7.693002223968506,0.0942544937133789,
1967,-7.441873073577881,0.09486937522888184,
1968,-7.575525760650635,0.09439969062805176,
1969,-7.713318824768066,0.09456729888916016,
1970,-7.672137260437012,0.09569072723388672,-9.178874015808105
1971,-7.636941909790039,0.18143725395202637,
1972,-7.430492401123047,0.09523510932922363,
1973,-8.081542015075684,0.09630656242370605,
1974,-7.211705684661865,0.09534049034118652,
1975,-7.4134626388549805,0.09537291526794434,
1976,-7.4786529541015625,0.09455752372741699,
1977,-7.413948059082031,0.09462881088256836,
1978,-7.718222141265869,0.09499692916870117,
1979,-7.756021022796631,0.09510087966918945,
1980,-7.801089286804199,0.0943448543548584,-9.877386093139648
1981,-8.101947784423828,0.17950963973999023,
1982,-8.024619102478027,0.09514713287353516,
1983,-8.085494995117188,0.09585690498352051,
1984,-7.77276611328125,0.09551310539245605,
1985,-8.106772422790527,0.09473276138305664,
1986,-7.395003318786621,0.09737896919250488,
1987,-7.568131923675537,0.09495782852172852,
1988,-6.741879463195801,0.09609103202819824,
1989,-6.788042068481445,0.09651660919189453,
1990,-7.411383628845215,0.09500312805175781,-7.298460006713867
1991,-6.896068096160889,0.18004250526428223,
1992,-6.920427322387695,0.09560561180114746,
1993,-7.516452312469482,0.09522199630737305,
1994,-7.314704418182373,0.09479188919067383,
1995,-7.252490043640137,0.09599852561950684,
1996,-7.945805072784424,0.09506630897521973,
1997,-6.801880836486816,0.0948789119720459,
1998,-6.738980293273926,0.09343838691711426,
1999,-7.700782299041748,0.0936274528503418,
2000,-7.035683631896973,0.09357738494873047,-6.9863433837890625
