epoch,train_loss,epoch_duration,val_loss
1,-1.7806425094604492,6.075815200805664,
2,-1.776672601699829,5.988877773284912,
3,-1.7368413209915161,6.0544493198394775,
4,-1.7855331897735596,6.182003736495972,
5,-1.8535163402557373,6.080711603164673,
6,-1.937798023223877,5.999548673629761,
7,-1.9432599544525146,6.0268261432647705,
8,-1.8650450706481934,6.059658050537109,
9,-1.9134581089019775,6.277320623397827,
10,-1.9477448463439941,6.105550050735474,-3.408520460128784
11,-1.9208381175994873,9.414974689483643,
12,-1.9098424911499023,5.856125354766846,
13,-1.9851844310760498,5.950572729110718,
14,-1.9300087690353394,6.097170829772949,
15,-1.9853835105895996,6.009986162185669,
16,-1.9011528491973877,6.003063678741455,
17,-1.8746814727783203,6.015049695968628,
18,-1.9230945110321045,6.0541603565216064,
19,-1.9300282001495361,6.1204993724823,
20,-2.0045547485351562,6.123047590255737,-3.508443832397461
21,-1.9123269319534302,8.854216575622559,
22,-1.8832602500915527,6.106087923049927,
23,-1.9352538585662842,6.12146782875061,
24,-1.7689191102981567,6.097619533538818,
25,-1.8015499114990234,6.165932893753052,
26,-1.8748226165771484,5.954094171524048,
27,-2.0571186542510986,5.929175853729248,
28,-1.9444301128387451,5.994100570678711,
29,-1.9251782894134521,5.975715160369873,
30,-1.9151782989501953,6.018632173538208,-3.5707638263702393
31,-1.9540479183197021,8.974945068359375,
32,-1.9731426239013672,6.072696208953857,
33,-1.9598562717437744,6.133649110794067,
34,-1.9630111455917358,6.118125677108765,
35,-1.9114235639572144,6.145954608917236,
36,-2.00630259513855,6.125366926193237,
37,-1.9094270467758179,6.176894426345825,
38,-2.008817672729492,6.105806589126587,
39,-1.9875959157943726,6.238961458206177,
40,-1.8419106006622314,6.226480722427368,-3.3287293910980225
41,-1.900254249572754,8.817152261734009,
42,-1.9552594423294067,6.149410963058472,
43,-1.9088958501815796,6.077326774597168,
44,-1.8825631141662598,6.1570518016815186,
45,-1.9081687927246094,6.088449478149414,
46,-1.9720854759216309,6.094153642654419,
47,-1.7792115211486816,6.1095709800720215,
48,-1.9274733066558838,5.934106111526489,
49,-2.0368285179138184,6.0161237716674805,
50,-1.929508924484253,6.080499649047852,-3.8564367294311523
51,-1.8640592098236084,9.192793130874634,
52,-1.8917649984359741,6.595974445343018,
53,-1.8651680946350098,6.253048896789551,
54,-2.0019190311431885,6.149298191070557,
55,-1.823514699935913,6.233597278594971,
56,-1.8559341430664062,6.575274467468262,
57,-2.038611888885498,6.225123882293701,
58,-1.9366750717163086,6.086572170257568,
59,-1.9060916900634766,6.109959125518799,
60,-1.9741325378417969,6.462041616439819,-3.628660202026367
61,-2.0407767295837402,9.172110557556152,
62,-1.9835841655731201,6.075680732727051,
63,-1.9420080184936523,6.20016884803772,
64,-1.8048770427703857,6.227831602096558,
65,-1.90317702293396,6.8866868019104,
66,-1.9243929386138916,6.230724096298218,
67,-2.0303683280944824,6.277733564376831,
68,-2.003196954727173,6.183691740036011,
69,-1.9584691524505615,6.107967376708984,
70,-1.937355637550354,6.556708335876465,-3.426103353500366
71,-1.8849928379058838,8.90209150314331,
72,-1.9915136098861694,6.116461992263794,
73,-1.9208955764770508,6.133033752441406,
74,-1.8404138088226318,6.484687328338623,
75,-1.820288896560669,6.186659574508667,
76,-1.9574356079101562,6.22232723236084,
77,-1.9647549390792847,6.2287657260894775,
78,-1.9982435703277588,6.231959819793701,
79,-1.938288927078247,6.5092692375183105,
80,-1.9048652648925781,6.160181999206543,-3.5937540531158447
81,-1.9573053121566772,8.981908798217773,
82,-1.951076626777649,6.316311836242676,
83,-1.9219472408294678,6.3449790477752686,
84,-1.923459768295288,6.26459527015686,
85,-1.9573423862457275,6.189639329910278,
86,-1.9769716262817383,6.270155429840088,
87,-2.0590009689331055,6.506517171859741,
88,-2.0077908039093018,6.397770166397095,
89,-1.9720555543899536,6.0955963134765625,
90,-1.9471890926361084,6.1115076541900635,-3.2625343799591064
91,-1.9508579969406128,8.93028998374939,
92,-1.9405574798583984,6.216407775878906,
93,-2.02402400970459,6.422529697418213,
94,-1.9018936157226562,6.638686656951904,
95,-1.9419801235198975,6.275592803955078,
96,-2.0145556926727295,6.247587442398071,
97,-1.878925085067749,6.566662788391113,
98,-2.014477014541626,6.315487384796143,
99,-2.0776724815368652,6.228335618972778,
100,-1.9962900876998901,6.2643890380859375,-4.165511608123779
101,-1.9893819093704224,9.287699699401855,
102,-1.9446606636047363,6.388343811035156,
103,-2.0462093353271484,6.15186333656311,
104,-1.9540046453475952,6.188610792160034,
105,-1.9700639247894287,6.597453355789185,
106,-1.9913618564605713,6.478463649749756,
107,-1.97716224193573,6.253666639328003,
108,-1.934975266456604,6.216197967529297,
109,-2.097057342529297,6.244885444641113,
110,-2.0577993392944336,6.714597463607788,-3.1902740001678467
111,-2.0949718952178955,9.384931802749634,
112,-2.058594226837158,6.093857049942017,
113,-2.0434093475341797,6.07085394859314,
114,-2.1725354194641113,6.067856550216675,
115,-2.1391608715057373,6.322652101516724,
116,-2.226015090942383,6.2433021068573,
117,-2.1725876331329346,6.526762247085571,
118,-2.132444381713867,6.380460977554321,
119,-2.120856285095215,6.361382484436035,
120,-2.145564079284668,6.643085956573486,-3.372016429901123
121,-2.253605365753174,8.89984393119812,
122,-2.1609363555908203,6.114263296127319,
123,-2.2213594913482666,6.4506566524505615,
124,-2.281369924545288,6.285346031188965,
125,-2.2630748748779297,6.347296237945557,
126,-2.2155513763427734,6.17588472366333,
127,-2.081284761428833,6.232719898223877,
128,-2.1929616928100586,6.2363996505737305,
129,-2.147704839706421,6.584350347518921,
130,-2.308485269546509,6.190922498703003,-3.6580464839935303
131,-2.053760528564453,9.002220869064331,
132,-2.251833915710449,6.340857028961182,
133,-2.1573448181152344,6.170840740203857,
134,-2.2647056579589844,6.38274359703064,
135,-2.144099235534668,6.1811323165893555,
136,-2.0937139987945557,6.191010475158691,
137,-2.3719093799591064,6.551849365234375,
138,-2.260401725769043,6.527803897857666,
139,-2.2672979831695557,6.396152973175049,
140,-2.2738640308380127,6.208745956420898,-3.605652332305908
141,-2.2525742053985596,9.11017370223999,
142,-2.2132136821746826,6.423260688781738,
143,-2.271940231323242,6.510098934173584,
144,-2.3122942447662354,6.227922439575195,
145,-2.3804640769958496,6.1802990436553955,
146,-2.44040584564209,6.301172256469727,
147,-2.2918052673339844,6.788006067276001,
148,-2.2667288780212402,6.404230117797852,
149,-2.354708194732666,6.251011610031128,
150,-2.355978488922119,6.099416971206665,-3.3442161083221436
151,-2.31099009513855,8.923152923583984,
152,-2.4695565700531006,6.367940187454224,
153,-2.48032808303833,6.134685039520264,
154,-2.389833688735962,6.5046117305755615,
155,-2.4262185096740723,6.2195515632629395,
156,-2.4274020195007324,6.390023708343506,
157,-2.4372713565826416,6.327472686767578,
158,-2.425063133239746,6.255845069885254,
159,-2.4324851036071777,6.216129302978516,
160,-2.409498691558838,6.044935703277588,-4.734137535095215
161,-2.4888224601745605,9.188352584838867,
162,-2.4189138412475586,6.126567125320435,
163,-2.5080671310424805,6.490177154541016,
164,-2.5376625061035156,6.1547698974609375,
165,-2.51649808883667,6.279285907745361,
166,-2.4670796394348145,6.4100377559661865,
167,-2.5114684104919434,6.223391056060791,
168,-2.430387496948242,6.544854640960693,
169,-2.537382125854492,6.09341835975647,
170,-2.57517671585083,6.275883674621582,-4.225343227386475
171,-2.43625545501709,9.002063274383545,
172,-2.5255165100097656,6.152553081512451,
173,-2.4667532444000244,6.4743287563323975,
174,-2.501100540161133,6.317368745803833,
175,-2.52420973777771,6.557312726974487,
176,-2.5285229682922363,6.132554769515991,
177,-2.561067581176758,6.0471837520599365,
178,-2.659599781036377,6.331128358840942,
179,-2.608527660369873,6.4061853885650635,
180,-2.6312708854675293,6.2910027503967285,-4.760799884796143
181,-2.592449188232422,8.960151433944702,
182,-2.540311098098755,6.1404030323028564,
183,-2.6469860076904297,6.590081691741943,
184,-2.673046588897705,6.375885725021362,
185,-2.6861743927001953,6.106111526489258,
186,-2.745631694793701,6.0927369594573975,
187,-2.7685537338256836,6.1098010540008545,
188,-2.787649393081665,6.236352920532227,
189,-2.7735958099365234,6.593148946762085,
190,-2.787142515182495,6.210395097732544,-4.526102066040039
191,-2.8441526889801025,9.317756414413452,
192,-2.8291664123535156,6.10288405418396,
193,-2.841827630996704,6.373744010925293,
194,-2.807720899581909,6.13690972328186,
195,-2.7518482208251953,6.468307256698608,
196,-2.85709285736084,6.223755121231079,
197,-2.9976062774658203,6.193203926086426,
198,-3.061129331588745,6.498835563659668,
199,-2.9533424377441406,6.2275004386901855,
200,-3.038172721862793,6.3017847537994385,-4.621224880218506
201,-3.2106966972351074,9.392527103424072,
202,-3.097517728805542,6.673589468002319,
203,-2.9364893436431885,6.243813753128052,
204,-2.8868350982666016,6.059504508972168,
205,-3.161252021789551,6.112991809844971,
206,-3.0026636123657227,6.136347770690918,
207,-3.0753402709960938,6.419266223907471,
208,-3.1847381591796875,6.178391695022583,
209,-3.1039586067199707,6.165121793746948,
210,-3.189969778060913,6.602787256240845,-4.749030590057373
211,-3.179455518722534,9.296508550643921,
212,-3.258638858795166,6.13444972038269,
213,-3.199009656906128,6.058132171630859,
214,-3.1172611713409424,6.088114500045776,
215,-3.273833990097046,6.119152784347534,
216,-3.097165107727051,6.443387985229492,
217,-3.145211696624756,6.167707443237305,
218,-3.1195578575134277,6.21181058883667,
219,-3.1787033081054688,6.194543123245239,
220,-3.271665334701538,6.243880748748779,-4.236758232116699
221,-3.209425926208496,9.338167190551758,
222,-3.171461343765259,6.260512590408325,
223,-3.279442310333252,6.236044645309448,
224,-3.2463958263397217,6.250463485717773,
225,-3.209394693374634,6.367340803146362,
226,-3.26543927192688,6.191161394119263,
227,-3.327953338623047,6.067540168762207,
228,-3.3414759635925293,6.1555750370025635,
229,-3.2647902965545654,6.187261581420898,
230,-3.3463714122772217,6.78942346572876,-4.475565433502197
231,-3.321493148803711,8.984033107757568,
232,-3.259554147720337,6.226986408233643,
233,-3.2851650714874268,6.0796191692352295,
234,-3.437008857727051,6.503934144973755,
235,-3.3604207038879395,6.315029859542847,
236,-3.360304355621338,6.142782688140869,
237,-3.351689338684082,6.171473979949951,
238,-3.435344934463501,6.2502031326293945,
239,-3.3269500732421875,6.565690279006958,
240,-3.4208099842071533,6.219764232635498,-4.257811069488525
241,-3.276721477508545,8.83543848991394,
242,-3.33200740814209,6.101532936096191,
243,-3.2851457595825195,6.315211772918701,
244,-3.344679117202759,6.373067378997803,
245,-3.3357386589050293,6.1548357009887695,
246,-3.364579200744629,6.163490533828735,
247,-3.3679356575012207,6.5300562381744385,
248,-3.3743691444396973,6.429721355438232,
249,-3.4016778469085693,6.478628396987915,
250,-3.368630886077881,6.400521755218506,-5.692471981048584
251,-3.421910047531128,9.318376779556274,
252,-3.417039394378662,6.4701642990112305,
253,-3.555115222930908,6.337411165237427,
254,-3.441650867462158,6.1964826583862305,
255,-3.519888401031494,6.256234884262085,
256,-3.3847007751464844,6.537236928939819,
257,-3.5854954719543457,6.750727415084839,
258,-3.332988739013672,6.32563853263855,
259,-3.4701766967773438,6.207709789276123,
260,-3.4341108798980713,6.251428604125977,-5.2440948486328125
261,-3.356750726699829,9.441890954971313,
262,-3.534963369369507,6.39016580581665,
263,-3.4401443004608154,6.215761423110962,
264,-3.5106818675994873,6.174904108047485,
265,-3.4677367210388184,6.2525129318237305,
266,-3.4926023483276367,6.723100662231445,
267,-3.5931262969970703,6.303649187088013,
268,-3.5180745124816895,6.24247407913208,
269,-3.638683557510376,6.232469320297241,
270,-3.49753999710083,6.17517614364624,-4.970708847045898
271,-3.5520811080932617,9.267507314682007,
272,-3.6849851608276367,6.547286033630371,
273,-3.735339641571045,6.307649612426758,
274,-3.688662052154541,6.284421920776367,
275,-3.7812564373016357,6.405656099319458,
276,-3.6617610454559326,6.344287157058716,
277,-3.8534908294677734,6.194603204727173,
278,-3.875739336013794,6.2201247215271,
279,-3.8183014392852783,6.194446802139282,
280,-3.760504961013794,6.64299750328064,-5.498899459838867
281,-3.890064239501953,9.486717700958252,
282,-3.802659273147583,6.209113359451294,
283,-3.8564705848693848,6.23502516746521,
284,-3.967714548110962,6.442355632781982,
285,-3.9618935585021973,6.281030654907227,
286,-3.780111789703369,6.5127952098846436,
287,-4.192037582397461,6.2021543979644775,
288,-3.899834394454956,6.06927490234375,
289,-4.052776336669922,6.410810708999634,
290,-3.796233892440796,6.078415632247925,-6.0549211502075195
291,-4.002527236938477,9.263936519622803,
292,-3.9540107250213623,6.181814193725586,
293,-4.237457752227783,6.3318963050842285,
294,-3.875443935394287,6.3808183670043945,
295,-4.017991542816162,6.225942373275757,
296,-4.279723167419434,6.682471036911011,
297,-4.285060882568359,6.272121906280518,
298,-4.309777736663818,6.527212381362915,
299,-4.288183212280273,6.316666841506958,
300,-4.240555763244629,6.289355993270874,-6.339051723480225
301,-4.094790458679199,9.439625024795532,
302,-4.249230861663818,6.238239288330078,
303,-4.339808940887451,6.245554685592651,
304,-4.67008113861084,6.145899057388306,
305,-4.4250168800354,6.146547794342041,
306,-4.633535385131836,6.165193319320679,
307,-4.453909873962402,6.46834397315979,
308,-4.667474746704102,6.251920938491821,
309,-4.3941850662231445,6.254021883010864,
310,-4.4241943359375,6.2648866176605225,-6.33433723449707
311,-4.417699813842773,9.500078201293945,
312,-4.728978157043457,6.488090753555298,
313,-4.581465721130371,6.131956338882446,
314,-4.647378921508789,6.078266143798828,
315,-4.3498125076293945,6.099771738052368,
316,-4.677670478820801,6.306567668914795,
317,-4.349911689758301,6.3170294761657715,
318,-4.655782699584961,6.461260557174683,
319,-4.567599773406982,6.196675539016724,
320,-4.511124134063721,6.184802055358887,-5.987250328063965
321,-4.544482231140137,9.349144697189331,
322,-4.592877388000488,6.6742260456085205,
323,-4.644661903381348,6.229271650314331,
324,-4.670230388641357,6.277960777282715,
325,-4.74658727645874,6.50449538230896,
326,-4.441646575927734,6.399564981460571,
327,-4.4678850173950195,6.6968674659729,
328,-4.623100280761719,6.165382385253906,
329,-4.691839694976807,6.119874477386475,
330,-4.585487365722656,6.459367275238037,-5.6356987953186035
331,-4.784219741821289,8.867722272872925,
332,-4.613265514373779,6.152437210083008,
333,-4.960268497467041,6.135964870452881,
334,-4.868066787719727,6.68884801864624,
335,-4.873466491699219,6.352630615234375,
336,-4.8176469802856445,6.208987236022949,
337,-4.8685994148254395,6.189225435256958,
338,-4.87740421295166,6.266587257385254,
339,-5.027202129364014,6.927348375320435,
340,-5.0078277587890625,6.260957956314087,-6.685153007507324
341,-5.014596939086914,8.926088094711304,
342,-5.086121559143066,6.086675405502319,
343,-5.0481276512146,6.148244380950928,
344,-4.972689151763916,6.428115367889404,
345,-5.064539909362793,6.163652181625366,
346,-4.706560134887695,6.160139799118042,
347,-5.228794097900391,6.225475311279297,
348,-4.899333953857422,6.380197286605835,
349,-4.8624138832092285,6.34012770652771,
350,-5.111825942993164,6.288902282714844,-6.716163158416748
351,-4.620745658874512,9.03752589225769,
352,-5.230582237243652,6.177164554595947,
353,-4.601824760437012,6.478161096572876,
354,-5.121420860290527,6.471819162368774,
355,-4.518021106719971,6.033120155334473,
356,-4.807134628295898,6.1139984130859375,
357,-4.596030235290527,6.224212408065796,
358,-4.690793037414551,6.308979272842407,
359,-4.644355773925781,6.6038172245025635,
360,-4.675541400909424,6.457691192626953,-5.835300445556641
361,-4.70271110534668,9.032452583312988,
362,-4.911233901977539,6.5241734981536865,
363,-4.860369682312012,6.275144338607788,
364,-5.127322196960449,6.647360801696777,
365,-4.741575241088867,6.2357330322265625,
366,-5.137463092803955,6.149324893951416,
367,-4.7790069580078125,6.281083822250366,
368,-5.108860969543457,6.284265756607056,
369,-4.982166290283203,6.511364459991455,
370,-5.046467304229736,6.175073623657227,-6.46292781829834
371,-4.942584037780762,9.302122831344604,
372,-5.220735549926758,6.199362277984619,
373,-4.797807216644287,6.24910306930542,
374,-4.9175238609313965,6.554934501647949,
375,-5.03111457824707,6.147536516189575,
376,-4.877565383911133,6.351139545440674,
377,-5.119911193847656,6.113613843917847,
378,-5.020936965942383,6.152771949768066,
379,-5.318431377410889,6.191538572311401,
380,-5.102262020111084,6.318523406982422,-6.184149742126465
381,-5.403748512268066,9.162737131118774,
382,-4.951168060302734,6.232832908630371,
383,-5.2863569259643555,6.25472092628479,
384,-5.001978874206543,6.263521432876587,
385,-5.06178617477417,6.623185396194458,
386,-5.092304229736328,6.564234972000122,
387,-4.997370719909668,6.24571418762207,
388,-5.335933685302734,6.241772174835205,
389,-5.133560657501221,6.359713792800903,
390,-5.368738174438477,6.3884382247924805,-5.735462188720703
391,-5.2919921875,9.40721344947815,
392,-5.326138496398926,6.23144268989563,
393,-5.152543067932129,6.207496643066406,
394,-5.198163986206055,6.506493091583252,
395,-5.225918769836426,6.38121771812439,
396,-5.3894500732421875,6.4724695682525635,
397,-5.239553451538086,6.073275089263916,
398,-5.266312599182129,6.134308099746704,
399,-5.364320278167725,6.281126260757446,
400,-5.325738906860352,6.143264293670654,-7.6619062423706055
401,-5.532497406005859,8.981858730316162,
402,-5.420376300811768,6.201910495758057,
403,-5.582310676574707,6.455336809158325,
404,-5.472195625305176,6.649027347564697,
405,-5.529740333557129,6.31095814704895,
406,-5.463664531707764,6.2416160106658936,
407,-5.616118431091309,6.291625261306763,
408,-5.480271339416504,6.449731111526489,
409,-5.480637073516846,6.601790189743042,
410,-5.793135643005371,6.291147947311401,-6.752442836761475
411,-5.58829927444458,8.839223861694336,
412,-5.831239223480225,6.364748239517212,
413,-5.4313812255859375,6.1256983280181885,
414,-5.645418167114258,6.185848236083984,
415,-5.655847549438477,6.159577369689941,
416,-5.785553455352783,6.320441484451294,
417,-5.728268146514893,6.531879425048828,
418,-5.6320695877075195,6.218674898147583,
419,-5.515596866607666,6.238040924072266,
420,-5.556984901428223,6.297990560531616,-6.354973316192627
421,-5.677613258361816,9.348584175109863,
422,-5.737558841705322,6.283796787261963,
423,-5.5201568603515625,6.115309953689575,
424,-5.693075180053711,6.099061727523804,
425,-5.779839515686035,6.034757614135742,
426,-5.698914527893066,6.423063516616821,
427,-5.730762481689453,6.144073009490967,
428,-5.907486915588379,6.216989040374756,
429,-5.458246231079102,6.234950542449951,
430,-5.608511447906494,6.162670850753784,-10.89199161529541
431,-5.814540863037109,9.597890853881836,
432,-3.7019729614257812,6.204239845275879,
433,-2.9260449409484863,6.081862926483154,
434,-2.5112500190734863,6.12338399887085,
435,-2.3579554557800293,6.444784879684448,
436,-2.2199161052703857,6.14509654045105,
437,-2.1460013389587402,6.118382453918457,
438,-2.1355645656585693,6.36042594909668,
439,-2.1625616550445557,6.446927070617676,
440,-2.290933847427368,6.44598913192749,-1.4141924381256104
441,-2.495828866958618,8.8377046585083,
442,-2.756225109100342,6.085923910140991,
443,-3.0008037090301514,6.571721792221069,
444,-3.19189453125,6.416659116744995,
445,-3.1414177417755127,6.194019556045532,
446,-3.1038334369659424,6.1589484214782715,
447,-3.127260208129883,6.172425985336304,
448,-3.359283924102783,6.650056838989258,
449,-3.3739657402038574,6.603399276733398,
450,-3.527439594268799,6.0935444831848145,-1.8789150714874268
451,-3.668651580810547,8.867425918579102,
452,-3.8316335678100586,6.091684341430664,
453,-3.8561606407165527,6.663757801055908,
454,-3.928394317626953,6.259484529495239,
455,-4.028209686279297,6.187009811401367,
456,-4.083621501922607,6.169237852096558,
457,-4.228187084197998,6.234635591506958,
458,-4.465944766998291,6.581200361251831,
459,-4.406716346740723,6.64419412612915,
460,-4.329624176025391,6.005487680435181,-7.237868785858154
461,-4.548789978027344,8.965560674667358,
462,-4.283511161804199,6.286106824874878,
463,-4.746046543121338,6.269062042236328,
464,-4.492115020751953,6.525637149810791,
465,-4.724165916442871,6.167247295379639,
466,-4.49246072769165,6.188066720962524,
467,-4.766726493835449,6.528100252151489,
468,-4.677056312561035,6.291658639907837,
469,-4.901461124420166,6.6914050579071045,
470,-4.6644062995910645,6.287385702133179,-5.687041282653809
471,-4.925182819366455,9.046940326690674,
472,-4.655540466308594,6.188990831375122,
473,-4.5295586585998535,6.1167662143707275,
474,-5.3452229499816895,6.119808673858643,
475,-4.793054580688477,6.571105718612671,
476,-5.248096466064453,6.40327262878418,
477,-4.8616437911987305,6.228862285614014,
478,-5.1021037101745605,6.179192066192627,
479,-4.96607780456543,6.2743980884552,
480,-5.161410331726074,6.512499570846558,-4.922706127166748
481,-5.10932731628418,9.090711832046509,
482,-5.1146016120910645,6.072431325912476,
483,-5.25272274017334,6.143388032913208,
484,-5.258278846740723,6.172456741333008,
485,-5.075068473815918,6.6068432331085205,
486,-5.268035411834717,6.272743463516235,
487,-5.103534698486328,6.2377777099609375,
488,-5.248663902282715,6.212936878204346,
489,-5.245917797088623,6.290088891983032,
490,-5.147037982940674,6.817616939544678,-7.493024826049805
491,-5.510311603546143,8.97677230834961,
492,-5.4350690841674805,6.088710069656372,
493,-5.4527692794799805,6.139514207839966,
494,-5.658134937286377,6.268332481384277,
495,-5.48376989364624,6.379867792129517,
496,-5.662254810333252,6.421117782592773,
497,-5.594158172607422,6.16051173210144,
498,-5.679372310638428,6.1855788230896,
499,-5.7696356773376465,6.354933738708496,
500,-5.675533771514893,6.319910049438477,-5.78720235824585
501,-5.670909404754639,9.332905292510986,
502,-5.660271644592285,6.215822458267212,
503,-5.5028605461120605,6.120502948760986,
504,-5.584470748901367,6.201815366744995,
505,-5.675531387329102,6.134448766708374,
506,-5.42713737487793,6.067925453186035,
507,-5.777173042297363,6.219014883041382,
508,-5.469449996948242,6.342776775360107,
509,-5.635046005249023,6.246656179428101,
510,-5.749368667602539,6.172185897827148,-6.005072116851807
511,-5.50051736831665,9.257636308670044,
512,-5.816828727722168,6.181329011917114,
513,-5.464404106140137,6.362918853759766,
514,-5.846282482147217,6.141149282455444,
515,-5.502455711364746,6.17666220664978,
516,-5.807234287261963,6.168912410736084,
517,-5.819582939147949,6.267856121063232,
518,-5.559408187866211,6.389870643615723,
519,-6.0095062255859375,6.224545955657959,
520,-5.633632659912109,6.255791425704956,-9.87840461730957
521,-5.8139967918396,8.745066404342651,
522,-5.830738067626953,6.374389410018921,
523,-5.591091156005859,6.0780463218688965,
524,-5.774806976318359,6.53165078163147,
525,-5.929059028625488,6.138561725616455,
526,-5.507628440856934,6.192558526992798,
527,-5.920372009277344,6.76083779335022,
528,-5.299147129058838,7.041215896606445,
529,-5.627316474914551,6.583908796310425,
530,-5.283310890197754,6.364612340927124,-5.7444353103637695
531,-5.571108341217041,9.800759315490723,
532,-5.479147911071777,6.688293695449829,
533,-5.615360260009766,6.639953136444092,
534,-5.420039176940918,7.1891350746154785,
535,-5.624302387237549,6.84075927734375,
536,-5.539886474609375,6.362407207489014,
537,-5.60352897644043,6.2366626262664795,
538,-5.60876989364624,6.759814500808716,
539,-5.797710418701172,7.061486482620239,
540,-5.563706398010254,6.778610944747925,-6.102046012878418
541,-5.657729625701904,9.058704376220703,
542,-5.537897109985352,6.059414863586426,
543,-5.784640312194824,6.140573978424072,
544,-5.456947326660156,6.4742512702941895,
545,-5.642298221588135,6.174848794937134,
546,-5.853314399719238,6.163914680480957,
547,-5.833352088928223,6.2364232540130615,
548,-5.73757266998291,6.5670294761657715,
549,-6.077480792999268,6.531873941421509,
550,-5.487229347229004,6.312931537628174,-6.628037452697754
551,-5.784187316894531,9.144146203994751,
552,-5.888180732727051,6.660863876342773,
553,-5.779680252075195,2556.185563325882,
554,-5.962936878204346,6.637990474700928,
555,-5.974081993103027,8.188643455505371,
556,-6.037117004394531,11.384448051452637,
557,-6.0624589920043945,12.135565996170044,
558,-5.896077632904053,11.75003981590271,
559,nan,11.896729707717896,
560,-6.057150840759277,10.880677461624146,-7.948061943054199
561,-6.081256866455078,16.01584506034851,
562,-6.252918720245361,12.742841958999634,
563,-6.058554649353027,11.359135389328003,
564,-6.284156799316406,12.151828050613403,
565,-6.271027565002441,11.198812246322632,
566,-6.1193013191223145,13.098522186279297,
567,-6.1573896408081055,11.006714820861816,
568,-6.077610969543457,12.95047903060913,
569,-6.220038414001465,11.00844407081604,
570,-6.239209175109863,13.067731618881226,-5.881890296936035
571,-6.344058990478516,16.285977602005005,
572,-6.157357692718506,12.121201753616333,
573,-6.286537170410156,12.118220090866089,
574,-6.262181282043457,11.956035375595093,
575,-6.230253219604492,11.750166177749634,
576,-5.990983009338379,11.510637521743774,
577,-6.384158134460449,12.276890754699707,
578,-5.809978485107422,10.634723424911499,
579,-6.363238334655762,11.472305297851562,
580,-5.955449104309082,11.849990844726562,-7.7371439933776855
581,-6.190537929534912,16.654147624969482,
582,-6.334743499755859,11.582780599594116,
583,-6.155926704406738,12.605399131774902,
584,-6.244009494781494,11.95762324333191,
585,-6.338722229003906,12.731777667999268,
586,-6.253510475158691,11.592487812042236,
587,-6.276923179626465,13.130908966064453,
588,-6.238175392150879,11.026656150817871,
589,-6.328287124633789,13.152108669281006,
590,-6.384430885314941,10.304816722869873,-8.67969799041748
591,-6.4261016845703125,17.197009563446045,
592,-6.361830711364746,12.68422794342041,
593,-6.291031837463379,11.555266857147217,
594,-6.282742500305176,11.509665966033936,
595,-6.286153793334961,10.326856136322021,
596,-6.361706733703613,12.92378854751587,
597,-6.491268157958984,11.712276220321655,
598,-6.39224910736084,12.458608627319336,
599,-6.470344066619873,11.860909700393677,
600,-6.263068199157715,12.15798020362854,-6.036695957183838
601,-6.424261093139648,17.34528398513794,
602,-6.269290924072266,10.961503028869629,
603,-6.4874773025512695,12.54867148399353,
604,-6.346500873565674,11.663172245025635,
605,-6.460964202880859,11.998828411102295,
606,-6.437615394592285,11.235978364944458,
607,-6.403881072998047,11.146374940872192,
608,-6.596229553222656,12.362969160079956,
609,-6.338987350463867,12.06093168258667,
610,-6.346913814544678,12.418821573257446,-8.525355339050293
611,-6.441365718841553,17.368374824523926,
612,-6.4829301834106445,11.49584436416626,
613,-6.440206527709961,13.097102880477905,
614,-6.537078857421875,10.677319526672363,
615,-6.536654472351074,13.273681640625,
616,-6.561407089233398,10.996858358383179,
617,-6.516694068908691,12.669007539749146,
618,-6.416477203369141,11.391068696975708,
619,-6.4801106452941895,12.540240049362183,
620,-6.524473667144775,11.424196004867554,-7.032058238983154
621,-6.520147323608398,17.061622858047485,
622,-6.637452125549316,11.7721688747406,
623,-6.478055953979492,11.369811058044434,
624,-6.508358955383301,11.705143213272095,
625,-6.62021541595459,11.13076663017273,
626,-6.5681538581848145,12.942586421966553,
627,-6.449095726013184,11.505196332931519,
628,-6.600032329559326,12.542685747146606,
629,-6.5019989013671875,10.317400693893433,
630,-6.693849086761475,12.988480567932129,-8.96876335144043
631,-6.5325398445129395,15.456860065460205,
632,-6.157340049743652,12.821437120437622,
633,nan,12.213102340698242,
634,-6.305033206939697,12.051024198532104,
635,-6.367801666259766,11.893512725830078,
636,-6.5625104904174805,11.353292226791382,
637,-6.617790699005127,12.02946138381958,
638,-6.395523548126221,12.855270385742188,
639,-6.360304832458496,11.247195482254028,
640,-6.535920143127441,12.791210651397705,-7.296607971191406
641,-6.518337249755859,16.616021394729614,
642,-6.440370559692383,11.167607545852661,
643,-6.477533340454102,12.29110836982727,
644,nan,11.235849618911743,
645,-6.462693691253662,12.800315141677856,
646,-6.370447158813477,10.790840148925781,
647,-6.53232479095459,12.35361909866333,
648,-6.697798252105713,11.157212734222412,
649,-6.814925670623779,11.875372409820557,
650,-6.442533493041992,11.764883041381836,-7.066667079925537
651,-6.495519161224365,16.15999150276184,
652,-6.351280212402344,11.957815885543823,
653,-6.602876663208008,10.406593084335327,
654,-6.239945411682129,12.118759870529175,
655,-6.7178120613098145,11.939936637878418,
656,-6.251675605773926,10.239739179611206,
657,-6.701388835906982,11.036657333374023,
658,-6.1341962814331055,12.337717771530151,
659,-6.246769905090332,11.166697263717651,
660,-6.380861282348633,11.467082500457764,-7.001221179962158
661,-6.2948737144470215,15.65069842338562,
662,-6.697622299194336,12.641297578811646,
663,-6.5272369384765625,10.438511610031128,
664,-6.706398963928223,12.242782354354858,
665,-6.682848930358887,9.971311330795288,
666,-6.633888244628906,10.621084928512573,
667,-6.676978588104248,10.987224578857422,
668,-6.584610939025879,11.865504503250122,
669,-6.650076389312744,9.596354722976685,
670,-6.34004020690918,10.918428182601929,-8.96876335144043
671,-6.712292194366455,14.8692147731781,
672,-6.4801836013793945,10.4886314868927,
673,-6.659990310668945,11.094367265701294,
674,-6.3298659324646,9.449338436126709,
675,-6.740928649902344,10.853719234466553,
676,-6.628251552581787,11.472035646438599,
677,-6.4797492027282715,9.7376070022583,
678,-6.610837936401367,11.216032028198242,
679,-6.864815711975098,11.703187942504883,
680,-6.725378036499023,11.105829954147339,-7.280557632446289
681,-7.015442371368408,15.303154945373535,
682,-6.847668647766113,9.187926769256592,
683,-6.859971046447754,12.784044981002808,
684,-6.723868370056152,10.708120107650757,
685,-6.872358322143555,11.180821657180786,
686,-5.239618301391602,10.697998762130737,
687,-4.630433082580566,11.718777418136597,
688,-4.413122177124023,10.272425889968872,
689,-4.403596878051758,12.389363527297974,
690,-4.439411163330078,9.623614311218262,-2.533904790878296
691,-4.556354522705078,16.064319372177124,
692,-4.577491760253906,11.357589483261108,
693,-4.5152177810668945,10.207107067108154,
694,-4.510822772979736,10.88435983657837,
695,-4.448997497558594,10.730883121490479,
696,-4.371013641357422,11.01375412940979,
697,-4.432236671447754,11.740357160568237,
698,-4.596912860870361,9.368014812469482,
699,-4.771586894989014,12.099659442901611,
700,-4.747744560241699,10.64880084991455,-5.2887067794799805
701,-4.834247589111328,15.094623565673828,
702,-4.953046798706055,12.114423513412476,
703,-5.015739440917969,9.656171560287476,
704,-5.074284553527832,11.823320627212524,
705,-5.228400230407715,11.34170937538147,
706,-5.431574821472168,9.938218593597412,
707,-5.528252124786377,11.73263931274414,
708,-5.87015438079834,10.969789505004883,
709,-5.669480323791504,10.417465925216675,
710,-5.941318035125732,11.173149108886719,-7.838260650634766
711,-5.905058860778809,15.807607650756836,
712,-5.968317031860352,12.385644912719727,
713,-6.011630535125732,10.601271152496338,
714,-6.209070682525635,11.079302549362183,
715,-6.207921028137207,11.442912340164185,
716,-6.369721412658691,10.710459470748901,
717,-6.411933898925781,11.454771280288696,
718,-6.442795753479004,11.950874090194702,
719,-6.470883369445801,11.080870151519775,
720,-6.606910705566406,11.781632423400879,-6.570088863372803
721,-6.520245552062988,16.48370099067688,
722,-6.366032600402832,11.995402812957764,
723,-6.433956623077393,11.697883605957031,
724,-6.675766944885254,10.695103168487549,
725,-6.590258598327637,11.621307611465454,
726,-6.807859420776367,10.47713041305542,
727,-6.666086196899414,11.485309839248657,
728,-6.628612518310547,11.97422194480896,
729,-6.515619277954102,10.837088823318481,
730,-6.652744293212891,12.040782690048218,-7.489605903625488
731,-6.793274402618408,15.23726773262024,
732,-6.862008571624756,11.336841106414795,
733,-6.83444881439209,12.005258560180664,
734,-6.693737983703613,10.982625722885132,
735,-6.517067909240723,11.780211687088013,
736,-6.427637577056885,11.354717016220093,
737,-6.787578582763672,11.432291984558105,
738,-6.357745170593262,12.027422904968262,
739,-6.628514289855957,11.363251209259033,
740,-6.8458943367004395,12.392977714538574,-4.956480979919434
741,-4.836236000061035,15.166841506958008,
742,-4.150073051452637,12.362037181854248,
743,-4.062843322753906,12.503974676132202,
744,-4.053657054901123,11.81484055519104,
745,-4.0449981689453125,12.317633152008057,
746,-4.120120048522949,10.384987592697144,
747,-4.281284332275391,12.212725162506104,
748,-4.645100116729736,11.97337555885315,
749,-4.487205505371094,11.888844728469849,
750,-4.414406776428223,12.003331184387207,-5.889784812927246
751,-4.4636430740356445,16.98884344100952,
752,-4.7099080085754395,12.723397970199585,
753,-4.634459972381592,11.282740831375122,
754,-4.600203514099121,12.522478103637695,
755,-4.727516174316406,11.867755651473999,
756,-4.857694625854492,12.316622972488403,
757,-4.8770952224731445,11.846837997436523,
758,-5.059830665588379,12.520591020584106,
759,-5.162036895751953,11.588928937911987,
760,-5.267711162567139,13.245401382446289,-2.9416651725769043
761,-5.404780387878418,17.114229202270508,
762,-5.477808952331543,11.637613534927368,
763,-5.481391906738281,12.598350763320923,
764,-5.6421709060668945,11.97144889831543,
765,-5.782242774963379,12.074110269546509,
766,-5.9460954666137695,12.0849027633667,
767,-5.935628890991211,12.68846583366394,
768,-6.058221340179443,11.779530763626099,
769,-5.9654130935668945,12.90128779411316,
770,-3.8340587615966797,11.90476369857788,-3.277989149093628
771,-3.0603837966918945,18.428257942199707,
772,-2.658392906188965,10.650774478912354,
773,-2.5410070419311523,12.910846471786499,
774,-2.486445903778076,12.034599304199219,
775,-2.527244806289673,12.30790662765503,
776,-2.588913679122925,11.774435043334961,
777,-2.66690731048584,11.6270592212677,
778,-2.6504526138305664,11.498138189315796,
779,-2.7848916053771973,13.06287431716919,
780,-2.8858542442321777,11.092288494110107,-2.3975868225097656
781,-2.80320143699646,17.913753271102905,
782,-3.076706886291504,12.279295206069946,
783,-3.0302391052246094,11.96645712852478,
784,-3.0600571632385254,11.747493267059326,
785,-3.0813181400299072,12.238786697387695,
786,-3.1015522480010986,13.064517498016357,
787,-3.2562851905822754,11.25863003730774,
788,-3.172051429748535,12.593635320663452,
789,-3.301609516143799,11.264009475708008,
790,-3.3916726112365723,12.230759859085083,-3.723395824432373
791,-3.4922356605529785,16.951539278030396,
792,-3.6448583602905273,12.675538539886475,
793,-3.671082019805908,11.764959573745728,
794,-3.8423306941986084,12.096360206604004,
795,-3.8905487060546875,12.154493808746338,
796,-4.099597454071045,11.948858976364136,
797,-4.284597396850586,11.461006164550781,
798,-4.361518859863281,13.454740047454834,
799,-4.505820274353027,10.974398136138916,
800,-4.683762073516846,13.192351341247559,-5.3549909591674805
801,-4.75205135345459,16.933410167694092,
802,-5.029162406921387,11.489475727081299,
803,-4.858868598937988,11.895583152770996,
804,-5.129103183746338,11.694011449813843,
805,-5.113697528839111,13.229743242263794,
806,-5.155316352844238,10.929317474365234,
807,-5.217952251434326,12.980033159255981,
808,-5.334830284118652,11.01119327545166,
809,-5.429291725158691,12.306919813156128,
810,-5.389291763305664,11.88289213180542,-6.04763126373291
811,-5.560622215270996,16.71848201751709,
812,-5.6355462074279785,12.875500679016113,
813,-5.627786636352539,10.504677295684814,
814,-5.73131799697876,12.305367469787598,
815,-5.668990135192871,11.15758728981018,
816,-5.85659122467041,11.332520484924316,
817,-5.752147674560547,11.055890083312988,
818,-5.871576309204102,11.54279375076294,
819,-5.972616672515869,11.696863651275635,
820,-5.816611289978027,13.001822710037231,-7.1671319007873535
821,-5.770116806030273,16.90855073928833,
822,-5.855101585388184,11.457979679107666,
823,-5.996545314788818,11.871294975280762,
824,-6.184447288513184,11.878428220748901,
825,-6.099849224090576,12.040106773376465,
826,-5.909451484680176,11.769395589828491,
827,-6.213909149169922,12.64553189277649,
828,-6.282033920288086,10.873136281967163,
829,-5.922459602355957,12.812947511672974,
830,-5.877763748168945,11.54231572151184,-7.643327236175537
831,-6.372429847717285,16.38622760772705,
832,-5.951415538787842,12.493655920028687,
833,-6.089864730834961,11.691638946533203,
834,-6.299077033996582,12.605112791061401,
835,-6.045195579528809,10.720349311828613,
836,-6.08428955078125,12.509998559951782,
837,-6.349689483642578,12.547677755355835,
838,-6.305768013000488,11.879374742507935,
839,-6.254192352294922,12.690636157989502,
840,-6.557340145111084,11.46690034866333,-7.704883575439453
841,-6.413462162017822,17.580687522888184,
842,-6.528779029846191,11.63848352432251,
843,-6.5378193855285645,11.873806238174438,
844,-6.502683162689209,12.80455207824707,
845,-6.483186721801758,11.068370580673218,
846,-6.521113395690918,13.480225324630737,
847,-6.672165870666504,10.49053144454956,
848,-6.706532955169678,13.51657748222351,
849,-6.523577690124512,11.405852556228638,
850,-6.772644996643066,12.204835414886475,-8.105587005615234
851,-6.506524562835693,17.381320238113403,
852,-6.604413032531738,11.72813105583191,
853,-6.741128444671631,13.04130506515503,
854,-6.3674821853637695,11.104995727539062,
855,-6.761502742767334,12.714108943939209,
856,-6.592049598693848,12.383593797683716,
857,-6.7742085456848145,11.710390329360962,
858,-6.540067672729492,12.763288259506226,
859,-6.530715465545654,11.715397119522095,
860,-6.360387325286865,12.94809627532959,-9.832951545715332
861,-6.660270690917969,17.024839639663696,
862,-6.594381809234619,12.03292465209961,
863,-6.56259298324585,12.528926134109497,
864,-6.124150276184082,11.660118103027344,
865,-6.489989280700684,13.361353635787964,
866,-6.245772838592529,11.625463008880615,
867,-6.37117862701416,13.241119861602783,
868,-6.707315444946289,11.450921773910522,
869,-5.796372890472412,12.696807384490967,
870,-6.266525745391846,12.349603176116943,-5.02087926864624
871,-5.773587703704834,17.251076221466064,
872,-5.861544132232666,12.9421226978302,
873,-5.941392421722412,12.326868534088135,
874,-5.901708602905273,12.692260503768921,
875,-6.297450065612793,12.018370628356934,
876,-6.1891279220581055,12.221458673477173,
877,-6.580665111541748,13.141520738601685,
878,-6.7374467849731445,11.965244054794312,
879,-5.060940742492676,13.184008598327637,
880,-4.505947113037109,11.373507261276245,-4.6933722496032715
881,-4.318856239318848,17.844719171524048,
882,-4.128395080566406,13.128448963165283,
883,-4.043726921081543,11.488279819488525,
884,-3.995398998260498,12.557252407073975,
885,-4.003140449523926,11.471920013427734,
886,-3.9927163124084473,12.643182277679443,
887,-3.9478816986083984,11.734029293060303,
888,-3.8938865661621094,12.765632152557373,
889,-3.9843406677246094,11.992275714874268,
890,-4.1202239990234375,12.925215482711792,-4.324774742126465
891,-4.114563941955566,17.741849184036255,
892,-4.203143119812012,12.526623725891113,
893,-4.236454486846924,12.298274755477905,
894,-4.454742431640625,12.03256368637085,
895,-4.515380859375,11.490199327468872,
896,-4.68112850189209,11.770467281341553,
897,-4.685694694519043,11.372143030166626,
898,-4.847223281860352,13.514679908752441,
899,-4.847369194030762,11.084662437438965,
900,-4.9642462730407715,13.13545298576355,-7.188053131103516
901,-5.086232662200928,17.34784722328186,
902,-5.215850830078125,12.01290774345398,
903,-5.367497444152832,12.71500539779663,
904,-5.598833084106445,12.4718337059021,
905,-5.624306678771973,12.561051368713379,
906,-5.673799991607666,11.518845319747925,
907,-5.868445873260498,12.358749389648438,
908,-6.083438873291016,7.458203554153442,
909,-6.012140274047852,6.3768956661224365,
910,-6.1425628662109375,6.2483110427856445,-9.270246505737305
911,-6.222342491149902,15.332695722579956,
912,-6.282778739929199,12.046134948730469,
913,-6.284525394439697,12.581575393676758,
914,-6.469382286071777,11.809332847595215,
915,-6.3748064041137695,12.436964988708496,
916,-6.445244789123535,12.72317624092102,
917,-6.4991607666015625,11.756832599639893,
918,-6.591446876525879,13.301341772079468,
919,-6.355579376220703,10.897231340408325,
920,-6.633613586425781,13.155840873718262,-7.4073357582092285
921,-6.557619094848633,16.45607328414917,
922,-6.5941901206970215,11.68229627609253,
923,-6.5982208251953125,13.190422058105469,
924,-6.724277973175049,11.613416194915771,
925,-6.66739559173584,13.250332832336426,
926,-6.362245559692383,10.840825080871582,
927,-6.688830852508545,13.38133978843689,
928,-6.782481670379639,11.466982364654541,
929,-6.701586723327637,12.50929069519043,
930,-6.687714099884033,11.72881293296814,-8.386436462402344
931,-6.718470096588135,17.745017290115356,
932,-6.8856201171875,12.852070569992065,
933,-6.703029632568359,11.9996337890625,
934,-6.629382610321045,12.99081826210022,
935,-6.844040870666504,12.451197385787964,
936,-6.742940425872803,12.235025405883789,
937,-6.486331939697266,12.892614603042603,
938,-6.822724342346191,12.241772413253784,
939,-6.807514667510986,13.53676438331604,
940,-3.881920099258423,11.67039179801941,-2.9018826484680176
941,-3.1233396530151367,18.22978401184082,
942,-2.577125072479248,13.306336402893066,
943,-2.2009499073028564,11.730817079544067,
944,-2.0737481117248535,13.288627624511719,
945,-2.0043349266052246,12.080808639526367,
946,-1.9626963138580322,13.26199746131897,
947,-1.9431359767913818,12.333274364471436,
948,-1.8085424900054932,12.717690467834473,
949,-1.942587971687317,12.898126602172852,
950,-2.013613700866699,12.34069037437439,-1.6088489294052124
951,-1.9478943347930908,17.48543119430542,
952,-1.9274532794952393,12.577091932296753,
953,-1.9686659574508667,11.232915163040161,
954,-2.0119237899780273,12.798941135406494,
955,-2.085174322128296,11.417703866958618,
956,-2.148491859436035,12.266060590744019,
957,-2.2581679821014404,11.451045513153076,
958,-2.3335912227630615,12.659849882125854,
959,-2.419827461242676,11.395562648773193,
960,-2.521191120147705,12.599020719528198,-2.530841827392578
961,-2.6684679985046387,17.001012563705444,
962,-2.7417445182800293,11.196972846984863,
963,-2.8443756103515625,12.84007978439331,
964,-3.0179524421691895,11.666385889053345,
965,-3.225114107131958,12.33930778503418,
966,-3.312892198562622,11.158874273300171,
967,-3.56613826751709,12.429029703140259,
968,-3.759970188140869,11.476446151733398,
969,-3.750847816467285,12.16949725151062,
970,-3.9726147651672363,12.107145547866821,-4.875308036804199
971,-4.012497901916504,17.485604524612427,
972,-4.094298362731934,12.426665544509888,
973,-4.206679821014404,11.966602802276611,
974,-4.2161359786987305,11.855951070785522,
975,-4.303452968597412,12.114181518554688,
976,-4.459195137023926,11.754112243652344,
977,-4.409144878387451,12.35241413116455,
978,-4.70463752746582,11.413370132446289,
979,-4.898322582244873,12.89745569229126,
980,-4.960289478302002,11.330947399139404,-6.12270975112915
981,-4.96657133102417,17.096055269241333,
982,-5.171552658081055,12.814019918441772,
983,-5.308329105377197,11.630376100540161,
984,-5.440435409545898,13.090938091278076,
985,-5.390494346618652,11.202122449874878,
986,-5.524863243103027,13.212523460388184,
987,-5.4396514892578125,11.062938928604126,
988,-5.457487106323242,12.862120628356934,
989,-5.754122257232666,11.618560791015625,
990,-5.534981727600098,12.889512062072754,-6.148373126983643
991,-5.224947929382324,18.05746030807495,
992,-5.70678186416626,11.282792329788208,
993,-4.841409683227539,12.952479839324951,
994,-5.212311267852783,12.054713487625122,
995,-5.2709431648254395,12.807791233062744,
996,-5.39748477935791,11.527187585830688,
997,-5.384574890136719,12.386378765106201,
998,-5.377900123596191,11.782522439956665,
999,-5.951269149780273,12.559488773345947,
1000,-5.584016799926758,12.260302305221558,-8.11750602722168
1001,-5.911612033843994,17.308439254760742,
1002,-6.061712265014648,12.153772354125977,
1003,-5.7536725997924805,12.515072107315063,
1004,-6.165424346923828,12.378663301467896,
1005,-5.194597244262695,12.895031452178955,
1006,-5.464482307434082,11.767342567443848,
1007,-5.907961845397949,13.096467971801758,
1008,-5.744045734405518,11.514003276824951,
1009,-5.8717193603515625,12.417524814605713,
1010,-6.032523155212402,11.686888217926025,-5.394045829772949
1011,-5.581690311431885,17.83764100074768,
1012,-5.879772186279297,12.799861907958984,
1013,-5.817351818084717,10.62469744682312,
1014,-6.062808513641357,13.305098533630371,
1015,-5.884792804718018,11.365571022033691,
1016,-5.9866743087768555,12.219525575637817,
1017,-6.006158828735352,11.333338975906372,
1018,-6.168774604797363,12.197728633880615,
1019,-5.87210750579834,11.742969512939453,
1020,-6.0049920082092285,12.750049352645874,-6.145810127258301
1021,-6.09329891204834,17.508927583694458,
1022,-6.231679916381836,11.692846536636353,
1023,-5.847238540649414,12.473891973495483,
1024,-6.146080017089844,11.734754800796509,
1025,-5.803377151489258,12.064699172973633,
1026,-5.842496395111084,12.29512357711792,
1027,-6.322996139526367,12.096675157546997,
1028,-6.060822486877441,11.8212411403656,
1029,-6.504755973815918,12.154349088668823,
1030,-6.379445552825928,12.056312561035156,-6.665126323699951
1031,-6.358179092407227,17.586681127548218,
1032,-6.7624192237854,11.163837671279907,
1033,-6.184566020965576,12.444993257522583,
1034,-6.755913257598877,12.03546690940857,
1035,-6.315454483032227,12.07373833656311,
1036,-6.686596393585205,12.204163551330566,
1037,-6.642056465148926,12.468809604644775,
1038,-6.556649208068848,11.524057626724243,
1039,-6.806113243103027,13.115140438079834,
1040,-6.409614562988281,11.044456720352173,-6.943990707397461
1041,-6.721127510070801,17.819130897521973,
1042,-6.692739486694336,12.91707468032837,
1043,-6.360555171966553,11.85202693939209,
1044,-6.665187835693359,12.908823490142822,
1045,-6.086904525756836,11.612372159957886,
1046,-6.6523284912109375,13.035962343215942,
1047,-5.880859375,11.925374031066895,
1048,-6.454382419586182,13.07719349861145,
1049,-5.740036964416504,11.132562637329102,
1050,-5.569896221160889,12.564940452575684,-9.071207046508789
1051,-6.708282947540283,17.253812551498413,
1052,-5.763571739196777,12.249946594238281,
1053,-6.251744747161865,12.511046171188354,
1054,-5.995800018310547,12.21658968925476,
1055,-5.838744163513184,12.13099217414856,
1056,-6.819623947143555,11.63149642944336,
1057,-6.318960189819336,11.831720352172852,
1058,-6.859651565551758,12.365442037582397,
1059,-6.676959037780762,11.638550758361816,
1060,-6.674515724182129,12.614975452423096,-6.596807479858398
1061,-6.750720977783203,17.05977964401245,
1062,-6.422884941101074,11.780012130737305,
1063,-6.915204048156738,12.136297941207886,
1064,-6.025643825531006,11.532649278640747,
1065,-6.423765182495117,13.013493776321411,
1066,-6.015227317810059,11.664094924926758,
1067,-6.158644199371338,12.761377334594727,
1068,-6.530698776245117,11.274362325668335,
1069,-6.449812889099121,13.262738943099976,
1070,-6.572846412658691,12.00476861000061,-7.9886860847473145
1071,-6.816987991333008,17.639517068862915,
1072,-6.400176048278809,13.057040929794312,
1073,-6.753903388977051,12.373233795166016,
1074,-6.2541046142578125,12.823687076568604,
1075,-6.561963081359863,12.755144119262695,
1076,-6.0663557052612305,12.346449851989746,
1077,-6.026296615600586,12.242628812789917,
1078,-6.873689651489258,12.168809175491333,
1079,-6.293409824371338,12.22650408744812,
1080,-6.773220539093018,11.082289695739746,-8.18017864227295
1081,-6.4423346519470215,16.251747846603394,
1082,-6.795019626617432,11.19667363166809,
1083,-6.379953384399414,10.769284009933472,
1084,-6.798633575439453,11.40798568725586,
1085,-6.318614482879639,10.948744058609009,
1086,-6.677113056182861,11.094060897827148,
1087,-6.413155555725098,11.533625602722168,
1088,-6.791719436645508,11.117199897766113,
1089,-6.561767101287842,12.378434419631958,
1090,-6.798324108123779,10.84219741821289,-5.754392623901367
1091,-6.265380859375,15.12476396560669,
1092,-6.346645355224609,11.389749765396118,
1093,-6.603296279907227,10.634352445602417,
1094,-6.664704322814941,11.607314825057983,
1095,-6.427417755126953,9.822721719741821,
1096,-6.669620513916016,12.163365840911865,
1097,-6.433331489562988,10.606044292449951,
1098,-6.549502372741699,11.33465027809143,
1099,-6.590389251708984,11.29476284980774,
1100,-6.692676544189453,10.954543352127075,-8.952051162719727
1101,-6.7135772705078125,15.472825288772583,
1102,-6.888134956359863,10.853519439697266,
1103,-6.569221496582031,10.425615072250366,
1104,-6.889470100402832,12.194743156433105,
1105,-6.376673698425293,10.066926956176758,
1106,-6.702126502990723,11.029140949249268,
1107,-6.398275375366211,10.807739496231079,
1108,-6.336664199829102,11.108792304992676,
1109,-6.601833343505859,9.97901964187622,
1110,-6.671902656555176,12.466467380523682,-9.032547950744629
1111,-6.89470100402832,15.418710947036743,
1112,-6.793459892272949,11.61061716079712,
1113,-6.934880256652832,11.164201736450195,
1114,-7.013325214385986,10.94943881034851,
1115,-6.907886028289795,11.993846893310547,
1116,-7.228076934814453,10.123698234558105,
1117,-6.971325874328613,11.210663080215454,
1118,-7.159312725067139,11.579410552978516,
1119,-7.066285133361816,10.112802743911743,
1120,-7.098947048187256,11.484967470169067,-7.375243663787842
1121,-7.123547077178955,15.646448850631714,
1122,-7.239689350128174,10.499345779418945,
1123,-7.283422470092773,12.43134069442749,
1124,-7.281437873840332,10.591181755065918,
1125,-7.0868635177612305,11.913853406906128,
1126,-7.280426502227783,9.932937622070312,
1127,-7.273431777954102,11.825998783111572,
1128,-5.571805953979492,9.997644662857056,
1129,-4.948627471923828,11.535449028015137,
1130,-4.666845798492432,10.647592067718506,-4.418993949890137
1131,-4.579784393310547,16.341490507125854,
1132,-4.6485371589660645,12.034955501556396,
1133,-4.7783918380737305,11.358743667602539,
1134,-4.968859672546387,10.709400177001953,
1135,-5.034010887145996,11.336871147155762,
1136,-4.9954328536987305,11.515098333358765,
1137,-5.007305145263672,10.865086078643799,
1138,-5.124237060546875,11.147380352020264,
1139,-5.078794479370117,10.926873445510864,
1140,-5.067583084106445,10.564027786254883,-5.357719898223877
1141,-5.256003379821777,16.54719352722168,
1142,-5.153354167938232,11.837950706481934,
1143,-5.311595916748047,10.148658514022827,
1144,-5.595580101013184,12.060911178588867,
1145,-5.671704292297363,11.183162689208984,
1146,-5.6629838943481445,11.490816831588745,
1147,-5.90104866027832,10.052853345870972,
1148,-5.93032693862915,11.914096355438232,
1149,-6.054661750793457,10.729385375976562,
1150,-6.240042209625244,11.361419200897217,-8.596321105957031
1151,-6.322929859161377,15.771885395050049,
1152,-6.361699104309082,10.817879676818848,
1153,-6.460910797119141,11.299843549728394,
1154,nan,11.215814352035522,
1155,-6.544225215911865,10.718811273574829,
1156,-6.666598320007324,12.637925863265991,
1157,-6.677529335021973,10.141210317611694,
1158,-6.618466377258301,11.356713771820068,
1159,-6.6372551918029785,10.849606037139893,
1160,-6.683528423309326,11.987295627593994,-5.290030002593994
1161,-6.734456539154053,16.396430730819702,
1162,-6.81341028213501,10.015450477600098,
1163,-6.916059494018555,11.224036455154419,
1164,-6.825560569763184,10.584718227386475,
1165,-7.000797271728516,11.050615787506104,
1166,-6.807901382446289,10.896428108215332,
1167,-6.96392822265625,11.616554260253906,
1168,-6.8368000984191895,10.300466299057007,
1169,-7.0401611328125,11.71426510810852,
1170,-7.009139060974121,11.145533084869385,-8.330501556396484
1171,-6.8309526443481445,16.03655982017517,
1172,-7.092017650604248,10.803624868392944,
1173,-7.081093788146973,10.958284378051758,
1174,-6.967155456542969,10.840609550476074,
1175,-7.127406120300293,11.826430320739746,
1176,-7.021449565887451,10.041069030761719,
1177,-7.0057053565979,11.789041519165039,
1178,-7.028019905090332,10.085774898529053,
1179,-7.02407169342041,11.067044496536255,
1180,-7.0652570724487305,10.230501651763916,-4.570976257324219
1181,-4.869396209716797,16.226943016052246,
1182,-4.0379486083984375,10.862345457077026,
1183,-3.6974518299102783,10.714936017990112,
1184,-3.6329329013824463,11.03564190864563,
1185,-3.6504569053649902,10.717641353607178,
1186,-3.5918288230895996,10.511618614196777,
1187,-3.728027820587158,11.4674232006073,
1188,-3.756486177444458,10.695420980453491,
1189,-3.909425735473633,11.360110998153687,
1190,-4.013699054718018,10.55484390258789,-3.327040910720825
1191,-4.023693561553955,15.53455138206482,
1192,-4.141772747039795,12.225634574890137,
1193,-4.14831018447876,10.390197515487671,
1194,-4.139752388000488,11.182470560073853,
1195,-4.207119941711426,6.635639667510986,
1196,-4.283632755279541,6.256510972976685,
1197,-4.373749732971191,6.083886623382568,
1198,-4.3769378662109375,6.2928478717803955,
1199,-4.562429428100586,6.120349645614624,
1200,-4.645840644836426,6.103403568267822,-7.183959484100342
1201,-4.78644323348999,8.57338571548462,
1202,-4.796604633331299,5.918741703033447,
1203,-4.909444808959961,5.962283372879028,
1204,-5.1214728355407715,6.055619478225708,
1205,-5.239960670471191,9.943101406097412,
1206,-5.283627510070801,11.042460203170776,
1207,-5.490203857421875,11.979494333267212,
1208,-5.546805381774902,10.094147682189941,
1209,-5.711946964263916,11.94048261642456,
1210,-5.76432466506958,11.161736249923706,-8.732982635498047
1211,-5.9843292236328125,16.62229037284851,
1212,-6.019181251525879,12.175246000289917,
1213,-6.179433822631836,11.062546968460083,
1214,-6.294262886047363,12.179288625717163,
1215,-6.4150071144104,11.23405909538269,
1216,-6.320898056030273,11.131324291229248,
1217,-6.370948314666748,10.870851039886475,
1218,-6.462791442871094,12.050011396408081,
1219,-6.335964202880859,10.800889253616333,
1220,-6.664234638214111,11.274740219116211,-6.3861823081970215
1221,-6.6527204513549805,15.597816944122314,
1222,-6.736392498016357,11.736753463745117,
1223,-6.747735023498535,11.02283787727356,
1224,-6.835186004638672,11.402048826217651,
1225,-4.2849602699279785,10.722372770309448,
1226,-3.404547691345215,11.59097957611084,
1227,-3.047116279602051,10.090646982192993,
1228,-2.855154514312744,12.587079048156738,
1229,-2.6434080600738525,10.413100719451904,
1230,-2.6072134971618652,12.113616943359375,-3.1487367153167725
1231,-2.623828887939453,15.391607522964478,
1232,-2.6360630989074707,10.702191829681396,
1233,-2.6335153579711914,11.941891193389893,
1234,-2.6965172290802,10.707237005233765,
1235,-2.760131597518921,11.214323043823242,
1236,-2.7934935092926025,11.359427690505981,
1237,-2.8771185874938965,10.236876964569092,
1238,-2.9168601036071777,11.43996787071228,
1239,-2.950382709503174,11.477563381195068,
1240,-2.9494643211364746,10.914424180984497,-4.620522499084473
1241,-3.0081899166107178,16.414212465286255,
1242,-3.006924629211426,9.386524438858032,
1243,-3.0297513008117676,12.018068552017212,
1244,-3.026988983154297,10.933127403259277,
1245,-3.091766834259033,11.628072023391724,
1246,-3.1197800636291504,10.806730508804321,
1247,-3.262932777404785,12.387966871261597,
1248,-3.3709115982055664,10.824594497680664,
1249,-3.4176692962646484,11.42082691192627,
1250,-3.3562839031219482,10.6289701461792,-2.0771324634552
1251,-3.4190080165863037,16.281975984573364,
1252,-3.531449556350708,11.256254196166992,
1253,-3.574129581451416,10.884664297103882,
1254,-3.6502580642700195,10.455999612808228,
1255,-3.6369147300720215,11.057783365249634,
1256,-3.6691575050354004,11.173659324645996,
1257,-3.7464475631713867,11.445016384124756,
1258,-3.869744300842285,10.075433731079102,
1259,-3.945615768432617,12.060423135757446,
1260,-3.9474925994873047,9.97844910621643,-5.300297260284424
1261,-4.180397033691406,15.868504524230957,
1262,-4.219367980957031,12.280489683151245,
1263,-4.271606922149658,10.143497228622437,
1264,-4.4105424880981445,12.198039531707764,
1265,-4.521941184997559,10.754550218582153,
1266,-4.712911605834961,11.376519918441772,
1267,-4.886509895324707,11.335158109664917,
1268,-4.9398579597473145,10.680048942565918,
1269,-4.980267524719238,11.196801900863647,
1270,-5.07340669631958,11.092731714248657,-5.6397833824157715
1271,-5.2007575035095215,15.428669214248657,
1272,-5.284278392791748,11.937422752380371,
1273,-5.406591892242432,10.804235696792603,
1274,-5.291484832763672,11.305082321166992,
1275,-5.650221347808838,10.693873405456543,
1276,-5.670395374298096,11.301985502243042,
1277,-5.826171875,10.38135552406311,
1278,-5.84698486328125,12.276212215423584,
1279,-5.88726806640625,10.344690322875977,
1280,-6.069406032562256,11.710795402526855,-7.013601303100586
1281,-6.103017807006836,15.3773353099823,
1282,-6.096948623657227,10.776870965957642,
1283,-6.257777690887451,11.738185405731201,
1284,-6.190314292907715,11.316339492797852,
1285,-6.271995544433594,10.50980281829834,
1286,-6.298155784606934,11.504730939865112,
1287,-6.253515720367432,11.202001571655273,
1288,-6.345576286315918,11.14048171043396,
1289,-6.1858978271484375,10.574619770050049,
1290,-6.54150915145874,11.780789136886597,-8.713935852050781
1291,-6.367186546325684,16.055203676223755,
1292,-6.39743709564209,10.768997430801392,
1293,-6.48460578918457,11.754123210906982,
1294,-6.557106018066406,9.963975191116333,
1295,-6.627082824707031,12.163881063461304,
1296,-6.635272979736328,10.30148458480835,
1297,-6.684717178344727,11.6214759349823,
1298,-6.635964393615723,10.818418979644775,
1299,-6.622055530548096,11.93643832206726,
1300,-6.5169572830200195,11.157428741455078,-8.273784637451172
1301,-6.72695255279541,15.241034030914307,
1302,-6.7258381843566895,10.934575080871582,
1303,-6.823870658874512,11.598008632659912,
1304,-6.893270492553711,10.909995317459106,
1305,-6.776894569396973,12.114139080047607,
1306,-6.718020439147949,9.873411893844604,
1307,-6.854982376098633,11.4429292678833,
1308,-6.868412017822266,10.423155546188354,
1309,-6.73734712600708,11.760749816894531,
1310,-6.789423942565918,10.02932333946228,-8.541102409362793
1311,-6.711022853851318,16.151267051696777,
1312,-6.935972213745117,11.621529340744019,
1313,-6.837136268615723,11.13388442993164,
1314,-6.412214279174805,11.083244562149048,
1315,-6.869870185852051,10.695458889007568,
1316,-6.88459587097168,11.382575035095215,
1317,-6.687707901000977,11.271256923675537,
1318,-6.883129596710205,11.115199565887451,
1319,-6.933652877807617,11.832939386367798,
1320,-7.005764007568359,10.510072231292725,-6.798175811767578
1321,-6.947964668273926,16.29036784172058,
1322,-6.996851921081543,11.857150316238403,
1323,-7.031667232513428,10.463220596313477,
1324,-6.886265754699707,12.218139886856079,
1325,-6.914291858673096,9.927018642425537,
1326,-7.085650444030762,11.974468231201172,
1327,-6.99089241027832,10.347687244415283,
1328,-6.925624847412109,10.595468044281006,
1329,-6.896294593811035,10.646613121032715,
1330,-6.750061988830566,12.013136863708496,-7.931997776031494
1331,-6.981783866882324,15.323888540267944,
1332,-6.973006725311279,11.167540550231934,
1333,-6.982015609741211,10.227571249008179,
1334,-6.7357378005981445,11.173229694366455,
1335,-6.7269206047058105,11.088481903076172,
1336,-6.903016567230225,11.012515783309937,
1337,-6.895028591156006,10.717397451400757,
1338,-6.652820110321045,11.782757759094238,
1339,-7.073794364929199,10.474704504013062,
1340,-6.4834136962890625,11.603800296783447,-6.561788558959961
1341,-6.887574195861816,15.552924394607544,
1342,-6.824573993682861,10.0597665309906,
1343,-6.655707836151123,11.994839429855347,
1344,-7.148221015930176,10.85097622871399,
1345,-6.56693172454834,11.549767017364502,
1346,-6.747931957244873,10.532168865203857,
1347,-7.0902628898620605,11.62989854812622,
1348,-6.573561668395996,10.64297080039978,
1349,-6.7962846755981445,11.424203872680664,
1350,-6.66838264465332,11.058092832565308,-6.92610502243042
1351,-6.89213752746582,16.05237650871277,
1352,-6.682633399963379,10.843286514282227,
1353,-6.926660537719727,11.441788673400879,
1354,-6.8382568359375,10.948671102523804,
1355,-6.3962721824646,11.938531398773193,
1356,-7.012941360473633,10.294191598892212,
1357,-5.921728610992432,11.907196044921875,
1358,-6.01401424407959,10.028705358505249,
1359,-6.811790943145752,11.064655303955078,
1360,-6.7098236083984375,11.18286657333374,-5.879585266113281
1361,-6.656115531921387,16.82843780517578,
1362,-6.84673547744751,12.132086038589478,
1363,-6.686779022216797,10.73971676826477,
1364,-6.9428019523620605,12.301479578018188,
1365,-6.546382427215576,11.398960590362549,
1366,-7.0353264808654785,13.187824010848999,
1367,-6.273888111114502,11.18001914024353,
1368,-6.803917407989502,13.014795780181885,
1369,-6.186604022979736,11.301793575286865,
1370,-6.0082902908325195,12.914800882339478,-8.378103256225586
1371,-7.179901123046875,16.63095188140869,
1372,-6.234615325927734,11.793068170547485,
1373,-6.683798789978027,13.004395008087158,
1374,-6.462879180908203,11.641311407089233,
1375,-6.5344390869140625,12.491122722625732,
1376,-6.7051191329956055,11.244506359100342,
1377,-6.61097526550293,12.80403757095337,
1378,-6.997869491577148,11.773734092712402,
1379,-6.872204780578613,12.600557327270508,
1380,-7.086543083190918,11.897607326507568,-6.974870204925537
1381,-7.158108711242676,17.312248945236206,
1382,-6.745606422424316,12.306686162948608,
1383,-7.08526611328125,11.670528650283813,
1384,-6.560284614562988,12.336135149002075,
1385,-6.849307537078857,12.825032711029053,
1386,nan,12.68632173538208,
1387,-6.866878986358643,12.055166482925415,
1388,-6.502264022827148,12.817703008651733,
1389,-6.531023025512695,12.1459641456604,
1390,-6.932779312133789,12.959567546844482,-4.132381439208984
1391,-5.311452865600586,18.00364089012146,
1392,-4.519827842712402,12.089402437210083,
1393,-4.099366188049316,13.121804237365723,
1394,-3.849778652191162,11.633554220199585,
1395,-3.721217155456543,12.836034536361694,
1396,-3.660889148712158,11.998958587646484,
1397,-3.729905843734741,12.872656106948853,
1398,-3.8080053329467773,11.690314531326294,
1399,-3.6900062561035156,13.570061206817627,
1400,-3.8166933059692383,11.599870681762695,-2.1643667221069336
1401,-3.8251514434814453,17.679928302764893,
1402,-3.836407423019409,12.906103134155273,
1403,-3.9066224098205566,12.199474096298218,
1404,-4.037147521972656,12.43513011932373,
1405,-4.018558025360107,11.702083826065063,
1406,-4.032310962677002,13.110778570175171,
1407,-4.13086462020874,11.652596235275269,
1408,-4.146573066711426,13.134506464004517,
1409,-4.207124710083008,11.241048574447632,
1410,-4.210919380187988,13.290769577026367,-2.725635528564453
1411,-4.2066121101379395,17.448763132095337,
1412,-4.149847507476807,11.800637006759644,
1413,-4.310842037200928,13.12067699432373,
1414,-4.2755327224731445,11.353872299194336,
1415,-4.355334281921387,13.534326553344727,
1416,-4.465612888336182,11.633543014526367,
1417,-4.445907115936279,14.262644052505493,
1418,-4.402909278869629,11.526298999786377,
1419,-4.4739155769348145,13.620445489883423,
1420,-4.4699811935424805,11.552652835845947,-3.984619617462158
1421,-4.5454840660095215,17.38415288925171,
1422,-4.5487518310546875,13.555256605148315,
1423,-4.715948104858398,11.439566850662231,
1424,-4.789229393005371,14.145772457122803,
1425,-4.753523349761963,11.244430303573608,
1426,-4.834028244018555,13.907397508621216,
1427,-4.847606182098389,11.60354495048523,
1428,-5.077392578125,13.306432962417603,
1429,-5.032821178436279,11.96967339515686,
1430,-5.19321870803833,13.17298936843872,-4.069758892059326
1431,-5.228105545043945,16.923086166381836,
1432,-5.279047966003418,10.7429940700531,
1433,-5.387741565704346,12.710909605026245,
1434,-5.49808406829834,10.844823122024536,
1435,-5.643798828125,13.042048931121826,
1436,-5.6566057205200195,11.667973041534424,
1437,-5.71082878112793,12.692845344543457,
1438,-5.861422538757324,11.230938911437988,
1439,-5.914589881896973,11.984056949615479,
1440,-5.966996669769287,11.14084005355835,-3.6104373931884766
1441,-6.063780784606934,16.755752325057983,
1442,-6.161187648773193,12.93084454536438,
1443,-6.165530204772949,11.39269232749939,
1444,-6.294032096862793,13.102345705032349,
1445,-6.276236534118652,11.228718042373657,
1446,-6.3803019523620605,12.814039468765259,
1447,-6.363693714141846,11.089841365814209,
1448,-6.533071517944336,13.302483558654785,
1449,-6.455110549926758,11.473574161529541,
1450,-6.577006816864014,13.93491005897522,-5.765285968780518
1451,-6.554750919342041,17.04600238800049,
1452,-6.753176212310791,11.686442613601685,
1453,-6.696273326873779,12.459265232086182,
1454,-6.8245697021484375,11.895972490310669,
1455,-6.856590747833252,12.980977296829224,
1456,-6.767707824707031,11.829164743423462,
1457,-6.828756332397461,12.916217803955078,
1458,-4.643994331359863,11.123897314071655,
1459,-3.989572525024414,12.746592283248901,
1460,-3.678760051727295,11.938494443893433,-3.328223943710327
1461,-3.6398723125457764,16.98024582862854,
1462,-3.545978546142578,12.076340913772583,
1463,-3.6242475509643555,12.129252195358276,
1464,-3.6134111881256104,11.90516448020935,
1465,-3.7513065338134766,11.961807489395142,
1466,-3.7932398319244385,11.965455770492554,
1467,-3.8643112182617188,12.692100048065186,
1468,-3.841729164123535,11.60130500793457,
1469,-3.9435291290283203,12.017573356628418,
1470,-3.9198083877563477,11.103154182434082,-4.500224590301514
1471,-3.8995282649993896,16.708750247955322,
1472,-3.9282119274139404,13.099083662033081,
1473,-4.115203857421875,11.274917364120483,
1474,-4.080226898193359,13.300523519515991,
1475,-4.199411869049072,11.281278848648071,
1476,-4.216839790344238,13.433417081832886,
1477,-4.340245723724365,11.195967435836792,
1478,-4.498646259307861,12.703381299972534,
1479,-4.5216827392578125,11.073955774307251,
1480,-4.582901954650879,13.108186721801758,-7.2335662841796875
1481,-4.677467346191406,17.157991409301758,
1482,-4.7554030418396,11.134613037109375,
1483,-4.859746932983398,12.62867283821106,
1484,-4.902072429656982,10.629972696304321,
1485,-5.021148681640625,12.21448564529419,
1486,-4.998891830444336,11.20625376701355,
1487,-5.110995292663574,12.423145055770874,
1488,-5.244783401489258,11.247568845748901,
1489,-5.292306900024414,12.538450956344604,
1490,-5.475214004516602,11.050620317459106,-7.022920608520508
1491,-5.705289840698242,17.373077869415283,
1492,-5.826783180236816,11.856603384017944,
1493,-5.9674835205078125,12.265791893005371,
1494,-5.9154863357543945,11.242533922195435,
1495,-6.200321197509766,12.186393976211548,
1496,-6.1076154708862305,11.942124605178833,
1497,-6.157569408416748,12.062337875366211,
1498,-6.303718090057373,11.379846096038818,
1499,-6.249495029449463,12.017276763916016,
1500,-6.439198017120361,11.340373516082764,-7.393289566040039
1501,-6.416367530822754,16.9531409740448,
1502,-6.489989757537842,12.689195156097412,
1503,-6.583554267883301,10.988481283187866,
1504,-6.377002716064453,12.229063749313354,
1505,-6.557807922363281,10.9273042678833,
1506,-6.556916236877441,12.907687664031982,
1507,-6.635307788848877,10.886415719985962,
1508,-6.7634382247924805,13.282508134841919,
1509,-6.579269886016846,10.783686876296997,
1510,-6.796138763427734,12.889679908752441,-9.665583610534668
1511,-6.850761413574219,15.983168840408325,
1512,-6.759555816650391,11.392804384231567,
1513,-6.891458511352539,12.316560506820679,
1514,-6.852342128753662,11.423489570617676,
1515,-6.994838714599609,12.277856826782227,
1516,-6.947841644287109,11.965553998947144,
1517,-6.941224575042725,12.233694076538086,
1518,-6.933108329772949,11.922616004943848,
1519,-7.011992454528809,11.9942307472229,
1520,-7.001480579376221,12.399056434631348,-8.104008674621582
1521,-7.0395965576171875,17.640968799591064,
1522,-6.883188247680664,11.969352960586548,
1523,-6.979610443115234,12.224511861801147,
1524,-6.969560623168945,12.109645366668701,
1525,-6.934235572814941,13.13096809387207,
1526,-6.969120979309082,11.6581552028656,
1527,-6.923520088195801,12.562832832336426,
1528,-7.133579730987549,11.355018138885498,
1529,-6.92125940322876,12.468681335449219,
1530,-6.923327445983887,12.03736400604248,-7.581592082977295
1531,-7.169556617736816,15.336009740829468,
1532,-7.097307205200195,12.987812280654907,
1533,-7.2029876708984375,11.241631984710693,
1534,-7.0588178634643555,13.103351831436157,
1535,-7.049895286560059,10.807769536972046,
1536,-7.142971038818359,13.15996241569519,
1537,-7.1474151611328125,11.514931440353394,
1538,-7.1919708251953125,12.716590881347656,
1539,-7.262370586395264,11.051984548568726,
1540,-7.115449905395508,12.523092985153198,-8.150827407836914
1541,-7.0642266273498535,17.67452359199524,
1542,-7.295588970184326,10.92940616607666,
1543,-6.873117446899414,13.4758882522583,
1544,-6.9828619956970215,11.090220212936401,
1545,-7.058119773864746,13.119962453842163,
1546,-7.139756202697754,11.725748062133789,
1547,-6.710663318634033,12.995847225189209,
1548,-7.160929203033447,11.607973337173462,
1549,-6.483776092529297,13.20991325378418,
1550,-7.0718994140625,10.905250787734985,-6.623541831970215
1551,-6.772217750549316,17.93100643157959,
1552,-6.836053848266602,12.976933479309082,
1553,-7.045442581176758,11.519511461257935,
1554,-5.238518714904785,12.860762357711792,
1555,-4.225783348083496,11.548622608184814,
1556,-3.6797449588775635,13.171266317367554,
1557,-3.480370044708252,11.509294033050537,
1558,-3.3239171504974365,13.1497061252594,
1559,-3.3942930698394775,11.40859842300415,
1560,-3.4207146167755127,12.894840955734253,-2.182478189468384
1561,-3.3314461708068848,17.269962549209595,
1562,-3.295742988586426,11.873354434967041,
1563,-3.415520191192627,12.703232765197754,
1564,-3.3831710815429688,12.366315603256226,
1565,-3.4074299335479736,12.924709796905518,
1566,-3.5053796768188477,12.000608444213867,
1567,-3.584423065185547,12.557982206344604,
1568,-3.60611629486084,11.795704126358032,
1569,-3.7682762145996094,12.466805458068848,
1570,-3.8299546241760254,12.159934520721436,-5.34429931640625
1571,-3.9759490489959717,17.274179697036743,
1572,-4.121169090270996,12.38168978691101,
1573,-4.182471752166748,11.93886661529541,
1574,-4.314610481262207,12.36867642402649,
1575,-4.515030384063721,12.222412109375,
1576,-4.529915809631348,12.039403200149536,
1577,-4.755592346191406,12.720659971237183,
1578,-4.819112300872803,11.462931394577026,
1579,-4.948127269744873,12.794320583343506,
1580,-5.101791858673096,11.310086727142334,-5.644827842712402
1581,-5.235921382904053,17.678446769714355,
1582,-5.391024589538574,12.431501865386963,
1583,-5.433741569519043,11.546144962310791,
1584,-5.675973892211914,12.040015935897827,
1585,-5.7063140869140625,11.369479417800903,
1586,-6.029811859130859,12.237959146499634,
1587,-5.952644348144531,10.092091798782349,
1588,-6.141525745391846,10.177513122558594,
1589,-6.138267517089844,9.697242259979248,
1590,-6.257841110229492,10.124499559402466,-6.940042972564697
1591,-6.30667781829834,14.325986862182617,
1592,-6.383049011230469,10.064204931259155,
1593,-6.383536338806152,10.64042592048645,
1594,-6.614482402801514,9.663950443267822,
1595,-6.627058029174805,10.155318975448608,
1596,-6.536869049072266,9.95361328125,
1597,-6.5518798828125,10.042118072509766,
1598,-6.723423957824707,10.16198992729187,
1599,-6.415349006652832,10.309109449386597,
1600,-6.680170059204102,9.786560297012329,-6.247024059295654
1601,-6.553117752075195,14.250096559524536,
1602,-6.821826934814453,10.40979290008545,
1603,-6.551496505737305,9.562737941741943,
1604,-6.879883766174316,10.266491889953613,
1605,-6.7968645095825195,9.783610105514526,
1606,-6.750392913818359,10.125129699707031,
1607,-6.914054870605469,9.795778751373291,
1608,-6.836396217346191,10.330888509750366,
1609,-6.91054630279541,9.762685298919678,
1610,-6.9863481521606445,10.292171239852905,-4.592754364013672
1611,-3.7804648876190186,14.604211330413818,
1612,-2.7261266708374023,10.057811737060547,
1613,-2.27323579788208,10.85094928741455,
1614,-2.0972466468811035,10.29222583770752,
1615,-1.8672897815704346,11.196066617965698,
1616,-1.74709153175354,10.340850591659546,
1617,-1.6863009929656982,11.133642673492432,
1618,-1.5674070119857788,10.514243602752686,
1619,-1.6450233459472656,10.781039714813232,
1620,-1.6920487880706787,10.086281776428223,-1.1048928499221802
1621,-1.6460188627243042,14.894735336303711,
1622,-1.7919669151306152,10.869720935821533,
1623,-1.9017702341079712,10.743501901626587,
1624,-1.893000602722168,11.160696268081665,
1625,-1.986344337463379,10.11950397491455,
1626,-2.1645660400390625,10.35880446434021,
1627,-2.3163022994995117,9.85788106918335,
1628,-2.443816900253296,11.028333902359009,
1629,-2.5758819580078125,10.512272357940674,
1630,-2.635193347930908,10.618457317352295,-5.042095184326172
1631,-2.7185168266296387,14.827979803085327,
1632,-2.7117600440979004,10.095364809036255,
1633,-2.845093250274658,10.253427028656006,
1634,-2.908859968185425,9.96669340133667,
1635,-3.0812578201293945,10.743655920028687,
1636,-3.092202663421631,10.39014720916748,
1637,-3.04701566696167,10.957199096679688,
1638,-3.1769814491271973,10.049800395965576,
1639,-3.199007034301758,10.593598127365112,
1640,-3.3344764709472656,10.706014156341553,-6.626956939697266
1641,-3.4992623329162598,15.56427264213562,
1642,-3.5323073863983154,11.41958212852478,
1643,-3.546198844909668,10.370761394500732,
1644,-3.70029354095459,11.355067491531372,
1645,-3.7855381965637207,10.148865461349487,
1646,-3.8051631450653076,10.652677059173584,
1647,-3.9168355464935303,10.650052309036255,
1648,-4.037814617156982,11.220767498016357,
1649,-4.265744209289551,10.304114580154419,
1650,-4.155763626098633,10.282411098480225,-7.072553634643555
1651,-4.34110164642334,15.308849573135376,
1652,-4.453516960144043,10.316438436508179,
1653,-4.559774398803711,10.722899675369263,
1654,-4.701475143432617,10.079878330230713,
1655,-4.754325866699219,10.973015308380127,
1656,-4.73356819152832,10.67123031616211,
1657,-4.991300582885742,10.671150207519531,
1658,-5.028604507446289,10.190829753875732,
1659,-5.107969760894775,11.14797854423523,
1660,-5.162128448486328,10.464914560317993,-8.04654598236084
1661,-5.301090240478516,15.194382429122925,
1662,-5.379667282104492,10.870872020721436,
1663,-5.382530689239502,10.432555913925171,
1664,nan,10.218609809875488,
1665,-5.639101982116699,10.358234882354736,
1666,-5.493888854980469,10.419816255569458,
1667,-5.707231044769287,10.8111252784729,
1668,-5.693117141723633,10.918216943740845,
1669,-5.707095146179199,10.130223274230957,
1670,-5.874015808105469,10.281527757644653,-8.776826858520508
1671,-5.988626956939697,15.5747811794281,
1672,-5.812071800231934,11.00764775276184,
1673,-5.909952163696289,10.98032546043396,
1674,-5.832249641418457,10.362567663192749,
1675,-5.976283550262451,10.500596761703491,
1676,-6.021502494812012,10.924115419387817,
1677,-6.105715751647949,10.448545694351196,
1678,-5.654655456542969,10.321338415145874,
1679,-6.148921966552734,10.858140468597412,
1680,-5.726986885070801,10.878339052200317,-8.778373718261719
1681,-6.214571952819824,14.831031322479248,
1682,-5.864119529724121,10.828241109848022,
1683,-6.243040084838867,11.13760495185852,
1684,-6.3338398933410645,10.786739110946655,
1685,-6.247346878051758,10.355279684066772,
1686,-6.33962345123291,10.615023136138916,
1687,-6.266118049621582,11.119606971740723,
1688,-6.450373649597168,10.34254264831543,
1689,-6.251770973205566,10.538808107376099,
1690,-6.31569766998291,10.694304943084717,-8.61192512512207
1691,-6.5018181800842285,15.648576974868774,
1692,-6.435484409332275,10.421383619308472,
1693,-6.425991058349609,10.206647872924805,
1694,-6.6004791259765625,10.150267124176025,
1695,-6.565056800842285,10.386373043060303,
1696,-6.470591068267822,10.325101852416992,
1697,-6.7071943283081055,11.255492925643921,
1698,-6.694267272949219,12.268780708312988,
1699,-6.737192630767822,12.016377925872803,
1700,-6.560879230499268,11.644593238830566,-8.508668899536133
1701,-6.552977085113525,17.29256582260132,
1702,-6.589486122131348,11.550764560699463,
1703,-6.780139446258545,12.506432056427002,
1704,-6.795698165893555,12.077892303466797,
1705,-6.195374965667725,11.781476974487305,
1706,-6.731037139892578,12.527163743972778,
1707,-6.77945613861084,11.024263858795166,
1708,-6.040744781494141,12.7290678024292,
1709,-6.527804851531982,12.023071765899658,
1710,-5.762285232543945,11.690530061721802,-6.3429741859436035
1711,-5.967911720275879,16.89941692352295,
1712,-6.057110786437988,10.66528844833374,
1713,-5.89268684387207,12.433412790298462,
1714,-6.747429847717285,11.650651693344116,
1715,-6.335277557373047,12.398423910140991,
1716,-6.549379825592041,11.701650142669678,
1717,-6.800587177276611,12.42030954360962,
1718,-6.289640426635742,11.470971822738647,
1719,-7.07000732421875,11.995001554489136,
1720,-6.258706092834473,11.52769947052002,-7.682905197143555
1721,-6.779295921325684,16.879958152770996,
1722,-6.1067681312561035,12.4314444065094,
1723,-6.830881118774414,11.445103883743286,
1724,-6.288111209869385,12.42652940750122,
1725,-6.958790302276611,11.150425672531128,
1726,-6.233071804046631,12.7166748046875,
1727,-6.9704179763793945,11.028202295303345,
1728,-6.649964809417725,12.6042640209198,
1729,-6.794346809387207,10.996764183044434,
1730,-7.047717094421387,13.088498592376709,-8.702392578125
1731,-6.577740669250488,16.867454290390015,
1732,-6.917757511138916,11.052581310272217,
1733,-7.047854900360107,12.631978034973145,
1734,-6.8056440353393555,11.010936737060547,
1735,-6.996466159820557,12.885466814041138,
1736,-6.928777694702148,10.914094924926758,
1737,-6.806598663330078,12.789857864379883,
1738,-6.77000617980957,11.022089004516602,
1739,-6.946577072143555,12.733877658843994,
1740,-6.556339263916016,11.14298939704895,-9.290704727172852
1741,-6.89674186706543,17.021604537963867,
1742,-6.610325336456299,12.967132329940796,
1743,-6.895073413848877,10.961489200592041,
1744,-6.594241142272949,13.103369951248169,
1745,-6.793104648590088,11.473896026611328,
1746,-6.874815940856934,12.41039776802063,
1747,-6.610021591186523,10.785999774932861,
1748,-6.97920036315918,12.766189575195312,
1749,-6.556904315948486,10.785793542861938,
1750,-6.790142059326172,12.847355127334595,-6.950687885284424
1751,-6.4785332679748535,16.453949451446533,
1752,-6.544127464294434,11.59430980682373,
1753,-6.414178848266602,11.918571710586548,
1754,-6.878902912139893,11.566815614700317,
1755,-6.247840404510498,12.352099895477295,
1756,-6.61984920501709,11.582552909851074,
1757,-6.442086696624756,12.376001834869385,
1758,-6.36893892288208,10.860949754714966,
1759,-6.862203598022461,12.113831520080566,
1760,-6.656421184539795,11.648240089416504,-6.942755699157715
1761,-6.636720180511475,16.94074296951294,
1762,-6.926993370056152,12.254961490631104,
1763,-6.3600850105285645,11.819440364837646,
1764,-6.5210041999816895,11.956726789474487,
1765,-6.782773971557617,11.867972135543823,
1766,-6.813922882080078,11.991428852081299,
1767,-6.521527290344238,11.11591911315918,
1768,-6.633397102355957,11.9145667552948,
1769,-6.5776238441467285,11.789350748062134,
1770,-6.743677139282227,12.45803427696228,-5.909533500671387
1771,-6.730555057525635,16.383602619171143,
1772,-6.715492248535156,12.398201704025269,
1773,-6.848424911499023,11.617680072784424,
1774,-6.980483055114746,12.299174547195435,
1775,-6.753895282745361,11.335177659988403,
1776,-6.857898712158203,12.45414113998413,
1777,-6.627552509307861,12.165276050567627,
1778,-6.9897661209106445,11.937556266784668,
1779,-6.630970001220703,11.925984859466553,
1780,-7.0233354568481445,11.432157516479492,-5.4032182693481445
1781,-6.510354042053223,17.25714659690857,
1782,-7.14320182800293,10.898716926574707,
1783,-6.716320037841797,12.654945611953735,
1784,-7.098402976989746,11.519710302352905,
1785,-6.538155555725098,12.330087184906006,
1786,-7.173243045806885,11.8048095703125,
1787,-6.529994487762451,12.117468118667603,
1788,-6.939062118530273,11.093292951583862,
1789,-6.438477516174316,12.013716220855713,
1790,-6.471786022186279,10.940557956695557,-6.8331828117370605
1791,-6.901425361633301,16.835813999176025,
1792,-6.721208095550537,12.511214971542358,
1793,-6.91567325592041,11.020862817764282,
1794,-6.836263656616211,12.498036623001099,
1795,-7.158384323120117,10.677138328552246,
1796,-7.215073585510254,12.699183225631714,
1797,-7.018342971801758,10.462621927261353,
1798,-7.289373874664307,12.30772876739502,
1799,-7.292529582977295,12.138626337051392,
1800,-7.299187660217285,12.124631404876709,-9.50610065460205
1801,-7.209662914276123,16.346632957458496,
1802,-7.181170463562012,10.969215393066406,
1803,-7.494170188903809,12.471593379974365,
1804,-7.321528434753418,10.969338417053223,
1805,-7.190382957458496,11.999248027801514,
1806,nan,11.22527027130127,
1807,-7.225832939147949,10.347785234451294,
1808,-7.232069492340088,11.849492311477661,
1809,-7.38450813293457,12.34536337852478,
1810,-7.319106578826904,11.542211055755615,-8.403313636779785
1811,-7.371095180511475,16.837197303771973,
1812,-7.243334770202637,11.632822275161743,
1813,-7.3003411293029785,11.66626524925232,
1814,-7.087940692901611,11.774075984954834,
1815,-7.430073261260986,11.902758598327637,
1816,-7.164881706237793,11.710673093795776,
1817,-7.428773403167725,11.669678926467896,
1818,-7.169941425323486,11.366421699523926,
1819,-7.174184799194336,12.08646821975708,
1820,-7.390083312988281,11.462269306182861,-8.879264831542969
1821,-7.30393648147583,11.846534490585327,
1822,-7.2975945472717285,6.130075693130493,
1823,-7.393738746643066,6.067776203155518,
1824,-7.225284576416016,6.211192846298218,
1825,-7.244553565979004,6.010919809341431,
1826,-7.485666751861572,6.1329991817474365,
1827,-7.459256172180176,5.97857928276062,
1828,-3.7712607383728027,5.959938049316406,
1829,-2.5390684604644775,6.097752094268799,
1830,-1.9362366199493408,6.022800922393799,-0.9684562087059021
1831,-1.5534605979919434,8.789451599121094,
1832,-1.2887119054794312,6.275091648101807,
1833,-1.1496353149414062,6.128144264221191,
1834,-0.9922173023223877,6.1982996463775635,
1835,-0.9498664736747742,6.118387222290039,
1836,-0.9909235239028931,6.140912771224976,
1837,-0.9512445330619812,6.1140899658203125,
1838,-0.9701949954032898,6.084605932235718,
1839,-0.9652953147888184,6.065467357635498,
1840,-1.0166678428649902,5.927288055419922,-0.21949085593223572
1841,-1.0365865230560303,8.812140464782715,
1842,-1.0856465101242065,6.008316516876221,
1843,-1.1959854364395142,6.051150321960449,
1844,-1.2011785507202148,5.989879608154297,
1845,-1.1851736307144165,5.947768926620483,
1846,-1.2804086208343506,6.028271675109863,
1847,-1.443446397781372,6.091203689575195,
1848,-1.4121522903442383,6.198196172714233,
1849,-1.548495888710022,6.138886451721191,
1850,-1.671310305595398,6.072204828262329,-1.8878906965255737
1851,-1.5957427024841309,8.841834306716919,
1852,-1.7637337446212769,5.980071544647217,
1853,-1.6824285984039307,5.867765188217163,
1854,-1.7973413467407227,5.893880844116211,
1855,-1.9264070987701416,5.9109437465667725,
1856,-1.939624309539795,5.962644577026367,
1857,-1.9486355781555176,6.189129114151001,
1858,-2.1016721725463867,6.050166368484497,
1859,-2.1010148525238037,6.037064790725708,
1860,-2.1663684844970703,6.114275217056274,-2.624431848526001
1861,-2.173333168029785,8.845529317855835,
1862,-2.2665882110595703,6.061155080795288,
1863,-2.163590431213379,5.852288484573364,
1864,-2.271798610687256,5.9185874462127686,
1865,-2.350252151489258,5.937069892883301,
1866,-2.347846746444702,5.9502270221710205,
1867,-2.474432945251465,5.918140172958374,
1868,-2.4351799488067627,5.978436470031738,
1869,-2.5636892318725586,5.98903751373291,
1870,-2.4592695236206055,6.06434178352356,-3.76554536819458
1871,-2.643603563308716,9.416985273361206,
1872,-2.57352352142334,6.125760078430176,
1873,-2.586164951324463,6.182911157608032,
1874,-2.636870861053467,6.682355642318726,
1875,-2.7916738986968994,6.939357042312622,
1876,-2.7576680183410645,6.535235643386841,
1877,-2.844691753387451,6.419631004333496,
1878,-2.945065975189209,6.239810228347778,
1879,-3.015171527862549,6.587261915206909,
1880,-3.1267731189727783,6.390241384506226,-4.0641913414001465
1881,-3.159637928009033,9.10221791267395,
1882,-3.246870994567871,6.117524862289429,
1883,-3.2094006538391113,6.513372421264648,
1884,-3.262768507003784,6.422546148300171,
1885,-3.402334213256836,6.181710481643677,
1886,-3.38948392868042,6.205215930938721,
1887,-3.5558571815490723,6.2814247608184814,
1888,-3.5728230476379395,6.698606967926025,
1889,-3.5387630462646484,6.449322462081909,
1890,-3.670287847518921,6.223615646362305,-3.6560325622558594
1891,-3.7820117473602295,8.977530717849731,
1892,-3.7367544174194336,6.190224885940552,
1893,-3.7056944370269775,6.605582237243652,
1894,-3.7311909198760986,6.266602039337158,
1895,-3.7455129623413086,6.151309251785278,
1896,-3.8706040382385254,6.093263626098633,
1897,-4.047476291656494,6.110941410064697,
1898,-3.990124464035034,6.578384876251221,
1899,-4.13106632232666,6.171022176742554,
1900,-4.1576924324035645,6.160539627075195,-4.521486282348633
1901,-4.177566051483154,8.97608995437622,
1902,-4.135161399841309,6.391064882278442,
1903,-4.381874084472656,6.649570465087891,
1904,-4.328723907470703,6.277188539505005,
1905,-4.309080600738525,6.198123216629028,
1906,-4.447807312011719,6.06080961227417,
1907,-4.473583221435547,6.257080078125,
1908,-4.5988922119140625,6.45511269569397,
1909,-4.607625961303711,6.134676456451416,
1910,-4.636519908905029,6.144012451171875,-6.005845546722412
1911,-4.48164176940918,9.083343744277954,
1912,-4.8380513191223145,6.633516788482666,
1913,-4.292449951171875,6.3930504322052,
1914,-4.825109481811523,6.098254442214966,
1915,-4.334444046020508,6.020781993865967,
1916,-4.39224100112915,6.311349630355835,
1917,-4.785865783691406,6.135070562362671,
1918,-4.744014739990234,6.473865747451782,
1919,-4.776886940002441,6.140495777130127,
1920,-4.836269855499268,6.165515184402466,-6.9370927810668945
1921,-5.0122480392456055,9.203296661376953,
1922,-5.001236915588379,6.6158037185668945,
1923,-4.89865255355835,6.144847869873047,
1924,-4.988809108734131,6.058247327804565,
1925,-4.998140335083008,6.271427631378174,
1926,-5.220346927642822,6.147573947906494,
1927,-5.089839935302734,6.176088333129883,
1928,-5.1035566329956055,6.502619028091431,
1929,-5.409383296966553,6.166146516799927,
1930,-5.191977500915527,6.559136390686035,-8.25802230834961
1931,-5.284685134887695,9.276177644729614,
1932,-5.470475196838379,6.898362159729004,
1933,-5.511443138122559,6.518418073654175,
1934,-5.390923500061035,6.5913474559783936,
1935,-5.377668380737305,6.198672533035278,
1936,-5.579876899719238,6.124253511428833,
1937,-5.580214977264404,6.442469835281372,
1938,-5.505251884460449,6.195364952087402,
1939,-5.675353527069092,6.3302648067474365,
1940,-5.698782920837402,6.248520374298096,-6.514671325683594
1941,-5.735324859619141,9.037112951278687,
1942,-5.668849945068359,6.617955684661865,
1943,-5.612406253814697,6.313009023666382,
1944,-5.70728874206543,6.108818292617798,
1945,-5.716293811798096,6.0633323192596436,
1946,-5.731074810028076,6.212891101837158,
1947,-5.737797260284424,6.615185260772705,
1948,-5.741335868835449,6.332202196121216,
1949,-5.844059467315674,6.1837286949157715,
1950,-5.424439430236816,6.213600158691406,-8.34544849395752
1951,-5.8320417404174805,9.03806185722351,
1952,-5.875613212585449,6.729515552520752,
1953,-5.701202392578125,6.097990036010742,
1954,-5.768121719360352,6.046304702758789,
1955,-5.928679943084717,6.065103530883789,
1956,-5.577152729034424,6.104828834533691,
1957,-6.003940582275391,6.360978126525879,
1958,-5.912596702575684,6.193988800048828,
1959,-6.099321365356445,6.166482210159302,
1960,-6.016115188598633,6.218774080276489,-7.627042770385742
1961,-5.799594879150391,9.396198749542236,
1962,-6.001608848571777,6.403380393981934,
1963,-6.145190238952637,6.204679250717163,
1964,-6.002121448516846,6.223734617233276,
1965,-5.984034538269043,6.257768630981445,
1966,-5.981305122375488,6.385395050048828,
1967,-5.894706726074219,6.314750909805298,
1968,-6.1197710037231445,6.1074607372283936,
1969,-6.208016872406006,6.078121185302734,
1970,-6.235757827758789,6.442368745803833,-6.897853374481201
1971,-5.805021286010742,9.115208148956299,
1972,-6.247806549072266,6.1370933055877686,
1973,nan,6.161582946777344,
1974,-6.095282554626465,6.1857099533081055,
1975,-5.830193042755127,6.716284513473511,
1976,nan,6.375161170959473,
1977,-3.567218780517578,6.2364349365234375,
1978,-2.7022171020507812,6.261709451675415,
1979,-2.2326619625091553,6.189939022064209,
1980,-1.9302449226379395,6.698781490325928,-1.7672677040100098
1981,-1.7527836561203003,8.858894109725952,
1982,-1.6574618816375732,6.108942985534668,
1983,-1.5670180320739746,6.114899396896362,
1984,-1.5791290998458862,6.124571084976196,
1985,-1.5684685707092285,6.624890327453613,
1986,-1.5598044395446777,6.185428619384766,
1987,-1.627993106842041,6.237668037414551,
1988,-1.6542789936065674,6.093276023864746,
1989,-1.6853235960006714,6.140581130981445,
1990,-1.712721347808838,6.564950227737427,-1.9321517944335938
1991,-1.7830144166946411,9.124203205108643,
1992,-1.757178783416748,6.112555980682373,
1993,-1.7916362285614014,6.144537448883057,
1994,-1.920015573501587,6.3710620403289795,
1995,-1.9645226001739502,6.545886993408203,
1996,-2.0423262119293213,6.228552341461182,
1997,-2.086864948272705,6.265603065490723,
1998,-2.1667966842651367,6.338429927825928,
1999,-2.198314666748047,6.394961357116699,
2000,-2.356642723083496,6.522417783737183,-4.012210369110107
