time,joint_1_angle,joint_2_angle,joint_3_angle,joint_4_angle,joint_5_angle,joint_6_angle,joint_1_velocity,joint_2_velocity,joint_3_velocity,joint_4_velocity,joint_5_velocity,joint_6_velocity,joint_1_acceleration,joint_2_acceleration,joint_3_acceleration,joint_4_acceleration,joint_5_acceleration,joint_6_acceleration,quaternion_x,quaternion_y,quaternion_z,quaternion_w
0.00000000,0.00000000,0.00000000,0.00000000,0.00000000,0.00000000,0.00000000,0.00000000,0.00000000,0.00000000,0.00000000,0.00000000,0.00000000,0.42048942,0.15781017,0.28626809,0.01052000,-0.00534349,0.00004121,0.00000000,0.00000000,0.00000000,1.00000000
0.10000000,0.00000000,0.00000000,0.00000000,0.00000000,0.00000000,0.00000000,0.04204894,0.01578102,0.02862681,0.00105200,-0.00053435,0.00000412,0.40651597,0.13593687,0.27039572,0.01240973,-0.00670359,0.00002620,0.00000000,0.00000000,0.00000000,1.00000000
0.20000000,0.00420489,0.00157810,0.00286268,0.00010520,-0.00005343,0.00000041,0.08270054,0.02937470,0.05566638,0.00229297,-0.00120471,0.00000674,0.39234607,0.11455275,0.25476757,0.01427668,-0.00804872,0.00001121,0.00044863,-0.00053400,-0.00113334,0.99999911
0.30000000,0.01247495,0.00451557,0.00842932,0.00033450,-0.00017391,0.00000109,0.12193515,0.04082998,0.08114314,0.00372064,-0.00200958,0.00000786,0.37780281,0.09392389,0.23949914,0.01610129,-0.00936583,-0.00000369,0.00132394,-0.00153834,-0.00336310,0.99999228
0.40000000,0.02466846,0.00859857,0.01654363,0.00070656,-0.00037486,0.00000187,0.15971543,0.05022237,0.10509305,0.00533077,-0.00294616,0.00000749,0.36273442,0.07430011,0.22469623,0.01786359,-0.01064167,-0.00001842,0.00260430,-0.00294575,-0.00665434,0.99997012
0.50000000,0.04064001,0.01362081,0.02705294,0.00123964,-0.00066948,0.00000262,0.19598887,0.05765238,0.12756268,0.00711713,-0.00401033,0.00000565,0.34701531,0.05591191,0.21045304,0.01954318,-0.01186275,-0.00003290,0.00426759,-0.00468698,-0.01097257,0.99991970
0.60000000,0.06023889,0.01938604,0.03980921,0.00195135,-0.00107051,0.00000319,0.23069040,0.06324357,0.14860798,0.00907145,-0.00519661,0.00000236,0.33054646,0.03896765,0.19685046,0.02111930,-0.01301537,-0.00004707,0.00629064,-0.00669237,-0.01628227,0.99982524
0.70000000,0.08330793,0.02571040,0.05467000,0.00285850,-0.00159017,0.00000342,0.26374505,0.06714034,0.16829303,0.01118338,-0.00649814,-0.00000235,0.31325504,0.02365089,0.18395452,0.02257094,-0.01408576,-0.00006085,0.00864867,-0.00889337,-0.02254557,0.99966884
0.80000000,0.10968244,0.03242444,0.07149931,0.00397683,-0.00223999,0.00000319,0.29507055,0.06950542,0.18668848,0.01344047,-0.00790672,-0.00000843,0.29509353,0.01011814,0.17181511,0.02387700,-0.01506011,-0.00007417,0.01131498,-0.01122404,-0.02972119,0.99943115
0.90000000,0.13918949,0.03937498,0.09016815,0.00532088,-0.00303066,0.00000235,0.32457990,0.07051724,0.20386999,0.01582817,-0.00941273,-0.00001585,0.27603829,-0.00150322,0.16046501,0.02501652,-0.01592478,-0.00008698,0.01426082,-0.01362244,-0.03776357,0.99909207
1.00000000,0.17164748,0.04642670,0.11055515,0.00690370,-0.00397193,0.00000076,0.35218373,0.07036692,0.21991649,0.01832982,-0.01100521,-0.00002455,0.25608783,-0.01111649,0.14991912,0.02596894,-0.01666643,-0.00009919,0.01745550,-0.01603187,-0.04662239,0.99863138
1.10000000,0.20686586,0.05346339,0.13254680,0.00873668,-0.00507245,-0.00000169,0.37779251,0.06925527,0.23490840,0.02092672,-0.01267185,-0.00003447,0.23526064,-0.01865693,0.14017417,0.02671440,-0.01727225,-0.00011075,0.02086670,-0.01840197,-0.05624228,0.99802943
1.20000000,0.24464511,0.06038892,0.15603764,0.01082935,-0.00633964,-0.00000514,0.40131858,0.06738957,0.24892582,0.02359816,-0.01439908,-0.00004554,0.21359301,-0.02409250,0.13120859,0.02723412,-0.01773014,-0.00012159,0.02446098,-0.02068959,-0.06656281,0.99726776
1.30000000,0.28477696,0.06712788,0.18093022,0.01318917,-0.00777955,-0.00000969,0.42267788,0.06498032,0.26204668,0.02632157,-0.01617209,-0.00005770,0.19113661,-0.02742419,0.12298291,0.02751073,-0.01802894,-0.00013167,0.02820448,-0.02285949,-0.07751874,0.99632966
1.40000000,0.32704475,0.07362591,0.20713489,0.01582132,-0.00939676,-0.00001546,0.44179154,0.06223790,0.27434497,0.02907264,-0.01797498,-0.00007087,0.16795618,-0.02868587,0.11544043,0.02752865,-0.01815871,-0.00014091,0.03206367,-0.02488463,-0.08904049,0.99520071
1.50000000,0.37122391,0.07984970,0.23456939,0.01872859,-0.01119425,-0.00002255,0.45858716,0.05936932,0.28588901,0.03182551,-0.01979086,-0.00008496,0.14412721,-0.02794362,0.10850821,0.02727452,-0.01811092,-0.00014926,0.03600622,-0.02674635,-0.10105466,0.99386927
1.60000000,0.41708262,0.08578663,0.26315829,0.02191114,-0.01317334,-0.00003105,0.47299988,0.05657496,0.29673983,0.03455296,-0.02160195,-0.00009988,0.11973392,-0.02529464,0.10209851,0.02673755,-0.01787869,-0.00015669,0.04000182,-0.02843417,-0.11348478,0.99232683
1.70000000,0.46438261,0.09144413,0.29283227,0.02536643,-0.01533353,-0.00004104,0.48497327,0.05404549,0.30694968,0.03722671,-0.02338982,-0.00011555,0.09486741,-0.02086574,0.09611043,0.02590992,-0.01745707,-0.00016315,0.04402306,-0.02994530,-0.12625209,0.99056835
1.80000000,0.51287994,0.09684868,0.32352724,0.02908911,-0.01767252,-0.00005259,0.49446001,0.05195892,0.31656073,0.03981771,-0.02513552,-0.00013187,0.06962410,-0.01481131,0.09043194,0.02478711,-0.01684318,-0.00016859,0.04804606,-0.03128403,-0.13927627,0.98859243
1.90000000,0.56232594,0.10204457,0.35518331,0.03307088,-0.02018607,-0.00006578,0.50142242,0.05047779,0.32560392,0.04229642,-0.02681984,-0.00014873,0.04410452,-0.00731103,0.08494210,0.02336823,-0.01603643,-0.00017298,0.05205108,-0.03246081,-0.15247635,0.98640151
2.00000000,0.61246818,0.10709235,0.38774371,0.03730052,-0.02286805,-0.00008065,0.50583287,0.04974668,0.33409813,0.04463324,-0.02842348,-0.00016602,0.01841245,0.00143289,0.07951358,0.02165630,-0.01503869,-0.00017630,0.05602294,-0.03349119,-0.16577140,0.98400183
2.10000000,0.66305147,0.11206702,0.42115352,0.04176384,-0.02571040,-0.00009725,0.50767412,0.04988997,0.34204949,0.04679887,-0.02992735,-0.00018365,-0.00734563,0.01119871,0.07401534,0.01965848,-0.01385442,-0.00017851,0.05995117,-0.03439469,-0.17908132,0.98140345
2.20000000,0.71381888,0.11705601,0.45535847,0.04644373,-0.02870314,-0.00011562,0.50693956,0.05100984,0.34945102,0.04876472,-0.03131279,-0.00020151,-0.03306081,0.02174851,0.06831551,0.01738620,-0.01249074,-0.00017961,0.06383005,-0.03519355,-0.19232757,0.97862007
2.30000000,0.76451283,0.12215700,0.49030357,0.05132020,-0.03183441,-0.00013577,0.50363347,0.05318469,0.35628257,0.05050334,-0.03256187,-0.00021947,-0.05862174,0.03283179,0.06228437,0.01485534,-0.01095751,-0.00017956,0.06765838,-0.03591154,-0.20543380,0.97566882
2.40000000,0.81487618,0.12747547,0.52593183,0.05637053,-0.03509060,-0.00015772,0.49777130,0.05646787,0.36251101,0.05198887,-0.03365762,-0.00023742,-0.08391437,0.04418925,0.05579745,0.01208615,-0.00926733,-0.00017837,0.07143902,-0.03657275,-0.21832653,0.97257001
2.50000000,0.86465331,0.13312225,0.56218293,0.06156942,-0.03845636,-0.00018146,0.48937986,0.06088680,0.36809075,0.05319749,-0.03458435,-0.00025526,-0.10882168,0.05555687,0.04873866,0.00910325,-0.00743545,-0.00017602,0.07517831,-0.03720055,-0.23093572,0.96934670
2.60000000,0.91359130,0.13921093,0.59899200,0.06688917,-0.04191480,-0.00020698,0.47849770,0.06644248,0.37296462,0.05410781,-0.03532790,-0.00027286,-0.13322330,0.06667002,0.04100346,0.00593547,-0.00547975,-0.00017251,0.07888531,-0.03781657,-0.24319536,0.96602434
2.70000000,0.96144107,0.14585518,0.63628846,0.07229995,-0.04544759,-0.00023427,0.46517537,0.07310949,0.37706497,0.05470136,-0.03587587,-0.00029011,-0.15699516,0.07726781,0.03250189,0.00261556,-0.00342048,-0.00016784,0.08257090,-0.03843999,-0.25504410,0.96263021
2.80000000,1.00795861,0.15316613,0.67399496,0.07777009,-0.04903518,-0.00026328,0.44947585,0.08083627,0.38031515,0.05496291,-0.03621792,-0.00030690,-0.18000938,0.08709745,0.02316155,-0.00082015,-0.00128010,-0.00016201,0.08624683,-0.03908691,-0.26642574,0.95919290
2.90000000,1.05290619,0.16124976,0.71202648,0.08326638,-0.05265697,-0.00029397,0.43147491,0.08954601,0.38263131,0.05488090,-0.03634593,-0.00032310,-0.20213430,0.09591868,0.01293038,-0.00433223,0.00091704,-0.00015502,0.08992476,-0.03976999,-0.27728989,0.95574170
3.00000000,1.09605368,0.17020436,0.75028961,0.08875447,-0.05629156,-0.00032628,0.41126148,0.09913788,0.38392435,0.05444768,-0.03625423,-0.00033860,-0.22323498,0.10350810,0.00177905,-0.00787874,0.00314507,-0.00014689,0.09361530,-0.04049829,-0.28759245,0.95230596
3.10000000,1.13717983,0.18011815,0.78868204,0.09419924,-0.05991698,-0.00036014,0.38893798,0.10948869,0.38410225,0.05365980,-0.03593972,-0.00035329,-0.24317399,0.10966348,-0.01029686,-0.01141588,0.00537699,-0.00013761,0.09732714,-0.04127730,-0.29729619,0.94891442
3.20000000,1.17607363,0.19106702,0.82709227,0.09956522,-0.06351096,-0.00039547,0.36462059,0.12045504,0.38307257,0.05251822,-0.03540202,-0.00036705,-0.26181278,0.11420774,-0.02327538,-0.01489880,0.00758518,-0.00012719,0.10106630,-0.04210920,-0.30637121,0.94559457
3.30000000,1.21253569,0.20311252,0.86539952,0.10481704,-0.06705116,-0.00043217,0.33843931,0.13187581,0.38074503,0.05102833,-0.03464350,-0.00037977,-0.27901352,0.11699266,-0.03710713,-0.01828248,0.00974193,-0.00011566,0.10483560,-0.04299327,-0.31479541,0.94237196
3.40000000,1.24637962,0.21630010,0.90347403,0.10991987,-0.07051551,-0.00047015,0.31053796,0.14357508,0.37703432,0.04920009,-0.03366931,-0.00039133,-0.29464149,0.11790220,-0.05171507,-0.02152262,0.01181998,-0.00010301,0.10863426,-0.04392645,-0.32255477,0.93926965
3.50000000,1.27743341,0.23065761,0.94117746,0.11483988,-0.07388244,-0.00050928,0.28107381,0.15536530,0.37186281,0.04704782,-0.03248731,-0.00040164,-0.30856793,0.11685514,-0.06699513,-0.02457664,0.01379316,-0.00008927,0.11245775,-0.04490397,-0.32964354,0.93630765
3.60000000,1.30554079,0.24619414,0.97836374,0.11954466,-0.07713117,-0.00054945,0.25021701,0.16705081,0.36516330,0.04459016,-0.03110799,-0.00041056,-0.32067331,0.11380704,-0.08281768,-0.02740467,0.01563694,-0.00007447,0.11629785,-0.04591999,-0.33606422,0.93350254
3.70000000,1.33056250,0.26289922,1.01488007,0.12400368,-0.08024197,-0.00059050,0.21814968,0.17843152,0.35688153,0.04184969,-0.02954430,-0.00041801,-0.33085085,0.10875140,-0.09903001,-0.02997047,0.01732904,-0.00005862,0.12014293,-0.04696834,-0.34182735,0.93086718
3.80000000,1.35237746,0.28074237,1.05056822,0.12818865,-0.08319640,-0.00063231,0.18506460,0.18930666,0.34697853,0.03885265,-0.02781140,-0.00042387,-0.33901014,0.10171980,-0.11545980,-0.03224235,0.01884999,-0.00004177,0.12397841,-0.04804310,-0.34695102,0.92841057
3.90000000,1.37088392,0.29967304,1.08526607,0.13207391,-0.08597754,-0.00067469,0.15116358,0.19947864,0.33543255,0.03562841,-0.02592640,-0.00042805,-0.34508058,0.09278101,-0.13191951,-0.03419393,0.02018354,-0.00002395,0.12778731,-0.04913909,-0.35146015,0.92613795
4.00000000,1.38600028,0.31962090,1.11880933,0.13563675,-0.08857018,-0.00071750,0.11665553,0.20875674,0.32224060,0.03220902,-0.02390804,-0.00043044,-0.34901448,0.08203902,-0.14821161,-0.03580478,0.02131709,-0.00000521,0.13155095,-0.05025227,-0.35538549,0.92405097
4.10000000,1.39766583,0.34049657,1.15103339,0.13885766,-0.09096098,-0.00076054,0.08175408,0.21696064,0.30741943,0.02862854,-0.02177633,-0.00043096,-0.35078946,0.06963010,-0.16413435,-0.03706089,0.02224196,0.00001436,0.13524964,-0.05137989,-0.35876238,0.92214814
4.20000000,1.40584124,0.36219264,1.18177533,0.14172051,-0.09313862,-0.00080364,0.04667513,0.22392365,0.29100600,0.02492245,-0.01955214,-0.00042953,-0.35041001,0.05571876,-0.17948806,-0.03795486,0.02295348,0.00003471,0.13886335,-0.05252058,-0.36162939,0.92042530
4.30000000,1.41050876,0.38458500,1.21087593,0.14421276,-0.09509383,-0.00084659,0.01163413,0.22949553,0.27305719,0.02112697,-0.01725679,-0.00042606,-0.34790793,0.04049308,-0.19408143,-0.03848602,0.02345107,0.00005574,0.14237234,-0.05367412,-0.36402680,0.91887632
4.40000000,1.41167217,0.40753456,1.23818165,0.14632545,-0.09681951,-0.00088920,-0.02315666,0.23354483,0.25364905,0.01727836,-0.01491168,-0.00042048,-0.34334167,0.02415933,-0.20773753,-0.03866014,0.02373806,0.00007734,0.14575765,-0.05484112,-0.36599510,0.91749372
4.50000000,1.40935650,0.43088904,1.26354656,0.14805329,-0.09831068,-0.00093124,-0.05749083,0.23596077,0.23287530,0.01341235,-0.01253788,-0.00041275,-0.33679445,0.00693638,-0.22029933,-0.03848916,0.02382147,0.00009940,0.14900150,-0.05602261,-0.36757356,0.91626944
4.60000000,1.40360742,0.45448512,1.28683409,0.14939452,-0.09956446,-0.00097252,-0.09117027,0.23665440,0.21084536,0.00956343,-0.01015573,-0.00040281,-0.32837126,-0.01094993,-0.23163427,-0.03799054,0.02371164,0.00012177,0.15208760,-0.05721948,-0.36879893,0.91519541
4.70000000,1.39449039,0.47815056,1.30791862,0.15035087,-0.10058004,-0.00101280,-0.12400740,0.23555941,0.18768194,0.00576438,-0.00778456,-0.00039063,-0.31819503,-0.02927218,-0.24163774,-0.03718668,0.02342185,0.00014432,0.15500129,-0.05843188,-0.36970441,0.91426416
4.80000000,1.38208965,0.50170650,1.32668682,0.15092731,-0.10135849,-0.00105186,-0.15582690,0.23263219,0.16351816,0.00204571,-0.00544238,-0.00037620,-0.30640206,-0.04780621,-0.25023536,-0.03610411,0.02296779,0.00016687,0.15772966,-0.05965867,-0.37031894,0.91346925
4.90000000,1.36650696,0.52496972,1.34303863,0.15113188,-0.10190273,-0.00108948,-0.18646711,0.22785157,0.13849463,-0.00156470,-0.00314560,-0.00035951,-0.29313723,-0.06633527,-0.25738378,-0.03477273,0.02236711,0.00018926,0.16026159,-0.06089696,-0.37066666,0.91280557
5.00000000,1.34786025,0.54775487,1.35688810,0.15097541,-0.10221729,-0.00112543,-0.21578083,0.22121805,0.11275625,-0.00504197,-0.00090889,-0.00034059,-0.27854912,-0.08465337,-0.26307028,-0.03322498,0.02163887,0.00021131,0.16258773,-0.06214161,-0.37076680,0.91226949
5.10000000,1.32628217,0.56987668,1.36816372,0.15047121,-0.10230818,-0.00115949,-0.24363574,0.21275271,0.08644922,-0.00836447,0.00125500,-0.00031946,-0.26278546,-0.10256768,-0.26731111,-0.03149514,0.02080313,0.00023281,0.16470055,-0.06338499,-0.37063374,0.91185892
5.20000000,1.30191859,0.59115195,1.37680864,0.14963476,-0.10218268,-0.00119144,-0.26991429,0.20249594,0.05971811,-0.01151398,0.00333531,-0.00029617,-0.24598916,-0.11990015,-0.27014866,-0.02961861,0.01988047,0.00025359,0.16659429,-0.06461679,-0.37027729,0.91157322
5.30000000,1.27492716,0.61140154,1.38278045,0.14848336,-0.10184915,-0.00122106,-0.29451321,0.19050593,0.03270324,-0.01447584,0.00532336,-0.00027081,-0.22829511,-0.13648815,-0.27164784,-0.02763125,0.01889159,0.00027344,0.16826506,-0.06582394,-0.36970308,0.91141302
5.40000000,1.24547584,0.63045214,1.38605078,0.14703578,-0.10131681,-0.00124814,-0.31734272,0.17685711,0.00553846,-0.01723897,0.00721252,-0.00024347,-0.20982791,-0.15218457,-0.27189164,-0.02556888,0.01785697,0.00029217,0.16971085,-0.06699070,-0.36891310,0.91138004
5.50000000,1.21374157,0.64813785,1.38660462,0.14531188,-0.10059556,-0.00127248,-0.33832551,0.16163865,-0.02165070,-0.01979586,0.00899821,-0.00021425,-0.19070061,-0.16685719,-0.27097626,-0.02346670,0.01679655,0.00030957,0.17093162,-0.06809878,-0.36790618,0.91147681
5.60000000,1.17990902,0.66430171,1.38443955,0.14333230,-0.09969574,-0.00129391,-0.35739557,0.14495293,-0.04874833,-0.02214253,0.01067787,-0.00018330,-0.17101454,-0.18038760,-0.26900578,-0.02135888,0.01572947,0.00032545,0.17192942,-0.06912760,-0.36667848,0.91170639
5.70000000,1.14416946,0.67879700,1.37956472,0.14111804,-0.09862795,-0.00131224,-0.37449702,0.12691417,-0.07564891,-0.02427841,0.01225082,-0.00015075,-0.15086013,-0.19266979,-0.26608681,-0.01927814,0.01467374,0.00033964,0.17270845,-0.07005456,-0.36522391,0.91207216
5.80000000,1.10671976,0.69148842,1.37199983,0.13869020,-0.09740287,-0.00132731,-0.38958304,0.10764720,-0.10225759,-0.02620623,0.01371819,-0.00011679,-0.13031880,-0.20360862,-0.26232312,-0.01725530,0.01364608,0.00035197,0.17327523,-0.07085541,-0.36353451,0.91257759
5.90000000,1.06776146,0.70225314,1.36177407,0.13606958,-0.09603105,-0.00133899,-0.40261492,0.08728633,-0.12848990,-0.02793176,0.01508280,-0.00008159,-0.10946574,-0.21311812,-0.25781040,-0.01531889,0.01266159,0.00036226,0.17363860,-0.07150461,-0.36160072,0.91322595
6.00000000,1.02749997,0.71098178,1.34892508,0.13327640,-0.09452277,-0.00134715,-0.41356149,0.06597452,-0.15427094,-0.02946365,0.01634896,-0.00004536,-0.08837361,-0.22112001,-0.25263151,-0.01349468,0.01173354,0.00037037,0.17380983,-0.07197576,-0.35941153,0.91402023
6.10000000,0.98614382,0.71757923,1.33349799,0.13033004,-0.09288788,-0.00135169,-0.42239885,0.04386252,-0.17953409,-0.03081312,0.01752231,-0.00000833,-0.06711681,-0.22754245,-0.24685222,-0.01180522,0.01087308,0.00037619,0.17380257,-0.07224205,-0.35695469,0.91496289
6.20000000,0.94390393,0.72196548,1.31554458,0.12724873,-0.09113565,-0.00135252,-0.42911053,0.02110827,-0.20421931,-0.03199364,0.01860962,0.00002929,-0.04577635,-0.23231920,-0.24051772,-0.01026929,0.01008895,0.00037959,0.17363274,-0.07227676,-0.35421673,0.91605581
6.30000000,0.90099288,0.72407631,1.29512265,0.12404936,-0.08927469,-0.00134959,-0.43368817,-0.00212365,-0.22827108,-0.03302057,0.01961851,0.00006725,-0.02444491,-0.23538944,-0.23365015,-0.00890139,0.00938723,0.00038049,0.17331834,-0.07205372,-0.35118309,0.91730008
6.40000000,0.85762406,0.72386394,1.27229554,0.12074731,-0.08731283,-0.00134287,-0.43613266,-0.02566259,-0.25163610,-0.03391071,0.02055724,0.00010530,-0.00323176,-0.23669818,-0.22624733,-0.00771110,0.00877097,0.00037883,0.17287907,-0.07154786,-0.34783821,0.91869598
6.50000000,0.81401079,0.72129768,1.24713193,0.11735624,-0.08525711,-0.00133234,-0.43645584,-0.04933241,-0.27426083,-0.03468182,0.02143433,0.00014318,0.01773280,-0.23619763,-0.21828284,-0.00670264,0.00823999,0.00037457,0.17233585,-0.07073563,-0.34416578,0.92024276
6.60000000,0.77036521,0.71636444,1.21970585,0.11388805,-0.08311368,-0.00131802,-0.43468256,-0.07295217,-0.29608912,-0.03535208,0.02225833,0.00018064,0.03829415,-0.23384931,-0.20970776,-0.00587426,0.00779064,0.00036771,0.17171009,-0.06959549,-0.34014901,0.92193858
6.70000000,0.72689696,0.70906922,1.19009694,0.11035285,-0.08088784,-0.00129996,-0.43085314,-0.09633710,-0.31705989,-0.03593951,0.02303740,0.00021741,0.05827158,-0.22962701,-0.20045392,-0.00521800,0.00741567,0.00035827,0.17102291,-0.06810823,-0.33577125,0.92378033
6.80000000,0.68381164,0.69943551,1.15839095,0.10675890,-0.07858410,-0.00127821,-0.42502598,-0.11929980,-0.33710528,-0.03646131,0.02377896,0.00025324,0.07745887,-0.22352038,-0.19043893,-0.00471948,0.00710420,0.00034628,0.17029421,-0.06625721,-0.33101670,0.92576336
6.90000000,0.64130904,0.68750553,1.12468042,0.10311277,-0.07620621,-0.00125289,-0.41728010,-0.14165184,-0.35614918,-0.03693325,0.02448938,0.00028787,0.09562755,-0.21553874,-0.17957250,-0.00435804,0.00684198,0.00033184,0.16954158,-0.06402843,-0.32587152,0.92788133
7.00000000,0.59958103,0.67334035,1.08906550,0.09941944,-0.07375727,-0.00122410,-0.40771734,-0.16320571,-0.37410643,-0.03736906,0.02517358,0.00032105,0.11253332,-0.20571489,-0.16776395,-0.00410728,0.00661168,0.00031505,0.16877945,-0.06141047,-0.32032514,0.93012582
7.10000000,0.55880930,0.65701978,1.05165486,0.09568253,-0.07123991,-0.00119200,-0.39646401,-0.18377720,-0.39088282,-0.03777979,0.02583475,0.00035255,0.12792564,-0.19410821,-0.15493014,-0.00393590,0.00639356,0.00029604,0.16801818,-0.05839431,-0.31437189,0.93248609
7.20000000,0.51916290,0.63864206,1.01256657,0.09190456,-0.06865644,-0.00115674,-0.38367144,-0.20318802,-0.40637584,-0.03817338,0.02647410,0.00038216,0.14156025,-0.18080662,-0.14100317,-0.00380894,0.00616625,0.00027497,0.16726361,-0.05497302,-0.30801267,0.93494868
7.30000000,0.48079575,0.61832326,0.97192899,0.08808722,-0.06600903,-0.00111853,-0.36951542,-0.22126869,-0.42047615,-0.03855427,0.02709073,0.00040966,0.15321376,-0.16592699,-0.12593713,-0.00368932,0.00590771,0.00025201,0.16651685,-0.05114147,-0.30125671,0.93749724
7.40000000,0.44384421,0.59619639,0.92988138,0.08423179,-0.06329995,-0.00107756,-0.35419404,-0.23786139,-0.43306987,-0.03892320,0.02768150,0.00043486,0.16269927,-0.14961366,-0.10971298,-0.00353954,0.00559623,0.00022735,0.16577460,-0.04689619,-0.29412310,0.94011229
7.50000000,0.40842481,0.57241025,0.88657439,0.08033947,-0.06053180,-0.00103408,-0.33792412,-0.25282275,-0.44404116,-0.03927716,0.02824112,0.00045759,0.16988132,-0.13203493,-0.09234115,-0.00332332,0.00521141,0.00020117,0.16502999,-0.04223537,-0.28664185,0.94277130
7.60000000,0.37463240,0.54712797,0.84217027,0.07641176,-0.05770769,-0.00098832,-0.32093598,-0.26602624,-0.45327528,-0.03960949,0.02876226,0.00047771,0.17468877,-0.11337786,-0.07386161,-0.00300722,0.00473504,0.00017367,0.16427367,-0.03715927,-0.27885432,0.94544889
7.70000000,0.34253880,0.52052535,0.79684275,0.07245081,-0.05483146,-0.00094055,-0.30346711,-0.27736403,-0.46066144,-0.03991021,0.02923577,0.00049508,0.17712405,-0.09384160,-0.05434146,-0.00256185,0.00415172,0.00014504,0.16349535,-0.03167093,-0.27081282,0.94811741
7.80000000,0.31219209,0.49278895,0.75077660,0.06845979,-0.05190789,-0.00089104,-0.28575470,-0.28674819,-0.46609559,-0.04016639,0.02965094,0.00050958,0.17726769,-0.07362993,-0.03387057,-0.00196285,0.00344933,0.00011543,0.16268533,-0.02577715,-0.26257937,0.95074765
7.90000000,0.28361662,0.46411413,0.70416704,0.06444315,-0.04894279,-0.00084008,-0.26802793,-0.29411118,-0.46948264,-0.04036268,0.02999587,0.00052112,0.17527778,-0.05294385,-0.01255583,-0.00119137,0.00261924,0.00008502,0.16183588,-0.01948981,-0.25422359,0.95330984
8.00000000,0.25681382,0.43470301,0.65721878,0.06040688,-0.04594321,-0.00078797,-0.25050016,-0.29940557,-0.47073823,-0.04048182,0.03025780,0.00052963,0.17138424,-0.03197465,0.00948514,-0.00023427,0.00165622,0.00005393,0.16094242,-0.01282715,-0.24581995,0.95577484
8.10000000,0.23176381,0.40476245,0.61014496,0.05635870,-0.04291743,-0.00073501,-0.23336173,-0.30260303,-0.46978971,-0.04050524,0.03042342,0.00053502,0.16587874,-0.01089839,0.03213031,0.00091615,0.00055827,0.00002229,0.16000415,-0.00581499,-0.23744468,0.95811527
8.20000000,0.20842763,0.37450215,0.56316598,0.05230817,-0.03987509,-0.00068150,-0.21677386,-0.30369287,-0.46657668,-0.04041363,0.03047925,0.00053725,0.15910134,0.01012821,0.05525879,0.00226260,-0.00067380,-0.00000982,0.15902425,0.00151237,-0.22917265,0.96030666
8.30000000,0.18675025,0.34413286,0.51650832,0.04826681,-0.03682716,-0.00062778,-0.20086372,-0.30268005,-0.46105080,-0.04018737,0.03041187,0.00053626,0.15142488,0.03097017,0.07875546,0.00380354,-0.00203685,-0.00004231,0.15800963,0.00911167,-0.22107444,0.96232843
8.40000000,0.16666388,0.31386486,0.47040324,0.04424807,-0.03378597,-0.00057415,-0.18572124,-0.29958304,-0.45317526,-0.03980702,0.03020818,0.00053203,0.14323858,0.05151516,0.10251442,0.00553390,-0.00352590,-0.00007513,0.15697023,0.01693072,-0.21321409,0.96416463
8.50000000,0.14809175,0.28390655,0.42508571,0.04026737,-0.03076516,-0.00052095,-0.17139738,-0.29443152,-0.44292381,-0.03925362,0.02985559,0.00052452,0.13493168,0.07167326,0.12644123,0.00744597,-0.00513463,-0.00010825,0.15591820,0.02490889,-0.20564742,0.96580443
8.60000000,0.13095201,0.25446340,0.38079333,0.03634201,-0.02777960,-0.00046850,-0.15790421,-0.28726419,-0.43027969,-0.03850903,0.02934213,0.00051370,0.12687804,0.09137588,0.15045421,0.00953009,-0.00685587,-0.00014163,0.15486691,0.03297810,-0.19842127,0.96724230
8.70000000,0.11516159,0.22573698,0.33776536,0.03249111,-0.02484538,-0.00041713,-0.14521641,-0.27812660,-0.41523427,-0.03755602,0.02865654,0.00049953,0.11942249,0.11057418,0.17448490,0.01177533,-0.00868193,-0.00017527,0.15383005,0.04106408,-0.19157336,0.96847803
8.80000000,0.10063995,0.19792432,0.29624193,0.02873550,-0.02197973,-0.00036717,-0.13327416,-0.26706919,-0.39778578,-0.03637849,0.02778835,0.00048201,0.11286946,0.12923728,0.19847786,0.01417002,-0.01060491,-0.00020915,0.15282078,0.04908783,-0.18513287,0.96951638
8.90000000,0.08731254,0.17121740,0.25646335,0.02509765,-0.01920089,-0.00031897,-0.12198721,-0.25414546,-0.37793800,-0.03496148,0.02672786,0.00046109,0.10747426,0.14735043,0.22239012,0.01670217,-0.01261689,-0.00024328,0.15185122,0.05696718,-0.17912152,0.97036664
9.00000000,0.07511382,0.14580286,0.21866955,0.02160151,-0.01652811,-0.00027287,-0.11123978,-0.23941042,-0.35569898,-0.03329127,0.02546617,0.00043676,0.10343698,0.16491321,0.24619035,0.01935977,-0.01471010,-0.00027766,0.15093199,0.06461831,-0.17355486,0.97104207
9.10000000,0.06398984,0.12186181,0.18309966,0.01827238,-0.01398149,-0.00022919,-0.10089609,-0.22291909,-0.33107995,-0.03135529,0.02399516,0.00040900,0.10089864,0.18193818,0.26985799,0.02213095,-0.01687696,-0.00031228,0.15007210,0.07195709,-0.16844381,0.97155917
9.20000000,0.05390023,0.09956991,0.14999166,0.01513685,-0.01158198,-0.00018829,-0.09080622,-0.20472528,-0.30409415,-0.02914219,0.02230746,0.00037777,0.09993946,0.19844973,0.29338242,0.02500411,-0.01911009,-0.00034715,0.14927893,0.07890030,-0.16379616,0.97193691
9.30000000,0.04481961,0.07909738,0.11958225,0.01222263,-0.00935123,-0.00015051,-0.08081228,-0.18488030,-0.27475591,-0.02664178,0.02039645,0.00034305,0.10057865,0.21448331,0.31676221,0.02796796,-0.02140228,-0.00038227,0.14855838,0.08536659,-0.15961803,0.97219598
9.40000000,0.03673838,0.06060935,0.09210666,0.00955845,-0.00731158,-0.00011621,-0.07075441,-0.16343197,-0.24307969,-0.02384499,0.01825623,0.00030483,0.10277565,0.23008503,0.34000445,0.03101142,-0.02374646,-0.00041761,0.14791512,0.09127719,-0.15591512,0.97235799
9.50000000,0.02966294,0.04426615,0.06779869,0.00717395,-0.00548596,-0.00008572,-0.06047685,-0.14042347,-0.20907924,-0.02074385,0.01588158,0.00026306,0.10643245,0.24531134,0.36312425,0.03412362,-0.02613558,-0.00045318,0.14735290,0.09655644,-0.15269387,0.97244462
9.60000000,0.02361525,0.03022380,0.04689076,0.00509957,-0.00389780,-0.00005942,-0.04983360,-0.11589234,-0.17276682,-0.01733148,0.01326802,0.00021775,0.11139676,0.26022892,0.38614424,0.03729375,-0.02856256,-0.00048895,0.14687486,0.10113214,-0.14996234,0.97247692
9.70000000,0.01863189,0.01863457,0.02961408,0.00336642,-0.00257100,-0.00003764,-0.03869393,-0.08986944,-0.13415239,-0.01360211,0.01041177,0.00016885,0.11746609,0.27491415,0.40909388,0.04051092,-0.03102015,-0.00052489,0.14648387,0.10493568,-0.14773103,0.97247443
9.80000000,0.01476250,0.00964763,0.01619884,0.00200621,-0.00152983,-0.00002076,-0.02694732,-0.06237803,-0.09324301,-0.00955102,0.00730975,0.00011636,0.12439296,0.28945204,0.43200858,0.04376409,-0.03350087,-0.00056099,0.14618281,0.10790210,-0.14601349,0.97245451
9.90000000,0.01206777,0.00340982,0.00687454,0.00105111,-0.00079885,-0.00000912,-0.01450802,-0.03343282,-0.05004215,-0.00517461,0.00395966,0.00006026,0.13189109,0.30393477,0.45492862,0.04704188,-0.03599695,-0.00059721,0.14597486,0.10997006,-0.14482682,0.97243155
10.00000000,0.01061697,0.00006654,0.00187033,0.00053365,-0.00040288,-0.00000310,-0.00131891,-0.00303935,-0.00454929,-0.00047042,0.00035997,0.00000054,0.13189109,0.30393477,0.45492862,0.04704188,-0.03599695,-0.00059721,0.14586368,0.11108176,-0.14419208,0.97241619
