time,tau_1,tau_2,tau_3,tau_4,tau_5,tau_6
0.000000,-8.273930,18.737111,8.507998,0.320885,-0.167980,0.004052
0.100000,-5.948224,17.283149,7.872858,0.334058,-0.182093,0.003877
0.200000,-3.620062,16.003025,7.322416,0.377998,-0.211373,0.003695
0.300000,-1.238388,14.832139,6.823390,0.439151,-0.250239,0.003490
0.400000,1.221106,13.698769,6.340231,0.505576,-0.293882,0.003243
0.500000,3.723807,12.522383,5.833951,0.566816,-0.338281,0.002918
0.600000,6.158124,11.220419,5.265003,0.613925,-0.380073,0.002467
0.700000,8.334219,9.722826,4.599824,0.639677,-0.416252,0.001822
0.800000,10.003903,7.992077,3.819902,0.638953,-0.443730,0.000913
0.900000,10.904711,6.043732,2.931069,0.609282,-0.458888,-0.000319
1.000000,10.825855,3.959866,1.969518,0.551398,-0.457285,-0.001904
1.100000,9.684052,1.886311,1.000508,0.469563,-0.433789,-0.003820
1.200000,7.584873,0.007019,0.106878,0.371286,-0.383371,-0.005978
1.300000,4.837367,-1.502904,-0.631826,0.266135,-0.302640,-0.008215
1.400000,1.897801,-2.531310,-1.163262,0.163729,-0.191727,-0.010314
1.500000,-0.750978,-3.066430,-1.478762,0.071534,-0.055707,-0.012041
1.600000,-2.738117,-3.197416,-1.613645,-0.006590,0.095436,-0.013201
1.700000,-3.896963,-3.076979,-1.631099,-0.070462,0.248673,-0.013682
1.800000,-4.271875,-2.866921,-1.598771,-0.122439,0.390987,-0.013475
1.900000,-4.051342,-2.694121,-1.569989,-0.165852,0.512324,-0.012660
2.000000,-3.474398,-2.632518,-1.576184,-0.203814,0.607261,-0.011373
2.100000,-2.755452,-2.708709,-1.629326,-0.238700,0.675069,-0.009767
2.200000,-2.047038,-2.918833,-1.729058,-0.272140,0.718584,-0.007987
2.300000,-1.435740,-3.245240,-1.869590,-0.305219,0.742599,-0.006153
2.400000,-0.956381,-3.667339,-2.044078,-0.338662,0.752375,-0.004357
2.500000,-0.611046,-4.166246,-2.246376,-0.372914,0.752577,-0.002663
2.600000,-0.385318,-4.725301,-2.471080,-0.408151,0.746681,-0.001111
2.700000,-0.259244,-5.328799,-2.712893,-0.444259,0.736795,0.000276
2.800000,-0.213421,-5.960604,-2.965987,-0.480826,0.723760,0.001488
2.900000,-0.231598,-6.603469,-3.223724,-0.517180,0.707412,0.002528
3.000000,-0.301223,-7.239263,-3.478795,-0.552468,0.686903,0.003404
3.100000,-0.412933,-7.849888,-3.723686,-0.585763,0.661015,0.004129
3.200000,-0.559594,-8.418478,-3.951256,-0.616186,0.628422,0.004720
3.300000,-0.735165,-8.930447,-4.155251,-0.642993,0.587881,0.005193
3.400000,-0.933470,-9.374058,-4.330578,-0.665624,0.538363,0.005567
3.500000,-1.146893,-9.740334,-4.473269,-0.683706,0.479138,0.005857
3.600000,-1.364987,-10.022409,-4.580186,-0.696993,0.409861,0.006081
3.700000,-1.573116,-10.214581,-4.648573,-0.705302,0.330674,0.006253
3.800000,-1.751340,-10.311499,-4.675696,-0.708450,0.242355,0.006384
3.900000,-1.874015,-10.307942,-4.658766,-0.706236,0.146531,0.006482
4.000000,-1.910768,-10.199525,-4.595317,-0.698490,0.045930,0.006550
4.100000,-1.829745,-9.984397,-4.484067,-0.685184,-0.055360,0.006583
4.200000,-1.604001,-9.665504,-4.326053,-0.666556,-0.151701,0.006569
4.300000,-1.221501,-9.252423,-4.125559,-0.643179,-0.235920,0.006488
4.400000,-0.698031,-8.761255,-3.890094,-0.615864,-0.299665,0.006310
4.500000,-0.090258,-8.210957,-3.628647,-0.585300,-0.334272,0.006003
4.600000,0.496452,-7.615257,-3.347805,-0.551433,-0.332210,0.005537
4.700000,0.912712,-6.971576,-3.046417,-0.512741,-0.288980,0.004891
4.800000,0.988536,-6.250976,-2.710762,-0.465763,-0.205029,0.004066
4.900000,0.575273,-5.396027,-2.313506,-0.405345,-0.086969,0.003091
5.000000,-0.404318,-4.331883,-1.819021,-0.325858,0.052647,0.002021
5.100000,-1.917446,-2.990580,-1.195042,-0.223206,0.197284,0.000937
5.200000,-3.814424,-1.340921,-0.426955,-0.096884,0.329783,-0.000074
5.300000,-5.887211,0.579089,0.467520,0.048339,0.437992,-0.000940
5.400000,-7.938622,2.666008,1.439804,0.203307,0.517167,-0.001629
5.500000,-9.778053,4.794213,2.429322,0.357528,0.565835,-0.002125
5.600000,-11.224847,6.840730,3.375490,0.501001,0.583762,-0.002414
5.700000,-12.171893,8.688102,4.220889,0.624913,0.574261,-0.002495
5.800000,-12.623730,10.236519,4.917958,0.722721,0.544686,-0.002394
5.900000,-12.639627,11.426916,5.439253,0.791350,0.502352,-0.002139
6.000000,-12.306000,12.241808,5.777993,0.831051,0.453360,-0.001759
6.100000,-11.712445,12.699049,5.945083,0.844807,0.402000,-0.001275
6.200000,-10.936271,12.842011,5.964286,0.837527,0.350656,-0.000704
6.300000,-10.035979,12.729258,5.867004,0.815214,0.300088,-0.000058
6.400000,-9.051910,12.425524,5.687585,0.784226,0.249922,0.000654
6.500000,-8.011390,11.994767,5.459543,0.750651,0.199219,0.001419
6.600000,-6.935667,11.495285,5.212793,0.719813,0.147032,0.002217
6.700000,-5.846379,10.976576,4.971822,0.695910,0.092843,0.003021
6.800000,-4.769905,10.477559,4.754679,0.681794,0.036853,0.003796
6.900000,-3.738636,10.025859,4.572718,0.678896,-0.019934,0.004497
7.000000,-2.788998,9.638027,4.430992,0.687316,-0.075824,0.005080
7.100000,-1.956764,9.320577,4.329222,0.706054,-0.128726,0.005500
7.200000,-1.270885,9.071730,4.263171,0.733359,-0.176570,0.005722
7.300000,-0.747414,8.883613,4.226194,0.767131,-0.217764,0.005722
7.400000,-0.385056,8.744545,4.210702,0.805290,-0.251573,0.005496
7.500000,-0.163484,8.641022,4.209265,0.846054,-0.278357,0.005058
7.600000,-0.044811,8.559099,4.215209,0.888062,-0.299569,0.004440
7.700000,0.022082,8.485175,4.222743,0.930336,-0.317520,0.003690
7.800000,0.095208,8.406363,4.226771,0.972132,-0.334955,0.002868
7.900000,0.232202,8.310825,4.222658,1.012726,-0.354520,0.002035
8.000000,0.483163,8.188352,4.206170,1.051215,-0.378258,0.001253
8.100000,0.884558,8.031251,4.173669,1.086393,-0.407209,0.000571
8.200000,1.454957,7.835324,4.122497,1.116701,-0.441228,0.000029
8.300000,2.193180,7.600602,4.051363,1.140271,-0.479005,-0.000354
8.400000,3.079171,7.331474,3.960559,1.155040,-0.518293,-0.000576
8.500000,4.077460,7.036088,3.851881,1.158909,-0.556270,-0.000651
8.600000,5.142623,6.725098,3.728262,1.149940,-0.589953,-0.000613
8.700000,6.225751,6.410028,3.593208,1.126556,-0.616601,-0.000505
8.800000,7.280771,6.101630,3.450189,1.087748,-0.634043,-0.000379
8.900000,8.269601,5.808510,3.302133,1.033244,-0.640899,-0.000288
9.000000,9.165503,5.536212,3.151080,0.963638,-0.636690,-0.000282
9.100000,9.954411,5.286769,2.998042,0.880434,-0.621843,-0.000406
9.200000,10.634454,5.058677,2.843017,0.786014,-0.597605,-0.000692
9.300000,11.214109,4.847207,2.685140,0.683512,-0.565901,-0.001160
9.400000,11.709562,4.644976,2.522925,0.576620,-0.529151,-0.001818
9.500000,12.141809,4.442737,2.354567,0.469347,-0.490072,-0.002658
9.600000,12.533988,4.230320,2.178294,0.365759,-0.451484,-0.003659
9.700000,12.909342,3.997674,1.992733,0.269740,-0.416160,-0.004793
9.800000,13.290043,3.735987,1.797298,0.184815,-0.386705,-0.006017
9.900000,13.697150,3.439187,1.592767,0.114059,-0.365519,-0.007285
