t,J1,J2,J3,J4,J5,J6
0.000000000000000000e+00,0.000000000000000000e+00,0.000000000000000000e+00,0.000000000000000000e+00,0.000000000000000000e+00,0.000000000000000000e+00,0.000000000000000000e+00
1.010101010101010083e-01,1.232247706502676010e-02,2.820997498929500580e-03,-1.173242088407278061e-02,1.227982342243194580e-02,-8.751204237341880798e-03,-1.196006499230861664e-02
2.020202020202020166e-01,4.788162186741828918e-02,1.096158940345048904e-02,-4.558883234858512878e-02,4.771587997674942017e-02,-3.400467708706855774e-02,-4.647339135408401489e-02
3.030303030303030387e-01,1.045650094747543335e-01,2.393817529082298279e-02,-9.955795109272003174e-02,1.042030602693557739e-01,-7.426021248102188110e-02,-1.014896780252456665e-01
4.040404040404040331e-01,1.802602410316467285e-01,4.126716032624244690e-02,-1.716285496950149536e-01,1.796362698078155518e-01,-1.280176192522048950e-01,-1.749586611986160278e-01
5.050505050505050830e-01,2.728548347949981689e-01,6.246494129300117493e-02,-2.597893178462982178e-01,2.719103693962097168e-01,-1.937766671180725098e-01,-2.648299932479858398e-01
6.060606060606060774e-01,3.802363872528076172e-01,8.704790472984313965e-02,-3.620289266109466553e-01,3.789201974868774414e-01,-2.700371146202087402e-01,-3.690533638000488281e-01
7.070707070707070718e-01,5.002925395965576172e-01,1.145324856042861938e-01,-4.763362109661102295e-01,4.985607862472534180e-01,-3.552988767623901367e-01,-4.855785667896270752e-01
8.080808080808080662e-01,6.309108138084411621e-01,1.444350630044937134e-01,-6.006999015808105469e-01,6.287269592285156250e-01,-4.480616450309753418e-01,-6.123552918434143066e-01
9.090909090909090606e-01,7.699787020683288574e-01,1.762720197439193726e-01,-7.331085801124572754e-01,7.673134207725524902e-01,-5.468251705169677734e-01,-7.473330497741699219e-01
1.010101010101010166e+00,9.153839945793151855e-01,2.095597982406616211e-01,-8.715511560440063477e-01,9.122154116630554199e-01,-6.500894427299499512e-01,-8.884618878364562988e-01
1.111111111111111160e+00,1.065013885498046875e+00,2.438147366046905518e-01,-1.014016151428222656e+00,1.061327457427978516e+00,-7.563539743423461914e-01,-1.033691167831420898e+00
1.212121212121212155e+00,1.216756463050842285e+00,2.785533070564270020e-01,-1.158492565155029297e+00,1.212544679641723633e+00,-8.641188144683837891e-01,-1.180970788002014160e+00
1.313131313131313149e+00,1.368498802185058594e+00,3.132918477058410645e-01,-1.302968859672546387e+00,1.363761782646179199e+00,-9.718835353851318359e-01,-1.328250288963317871e+00
1.414141414141414144e+00,1.518128991127014160e+00,3.475468456745147705e-01,-1.445433974266052246e+00,1.512874007225036621e+00,-1.078148245811462402e+00,-1.473479747772216797e+00
1.515151515151515138e+00,1.663534283638000488e+00,3.808346092700958252e-01,-1.583876609802246094e+00,1.657775878906250000e+00,-1.181412458419799805e+00,-1.614608526229858398e+00
1.616161616161616132e+00,1.802601933479309082e+00,4.126715064048767090e-01,-1.716285109519958496e+00,1.796362280845642090e+00,-1.280175924301147461e+00,-1.749586105346679688e+00
1.717171717171717127e+00,1.933220505714416504e+00,4.425741434097290039e-01,-1.840649008750915527e+00,1.926528692245483398e+00,-1.372938871383666992e+00,-1.876363039016723633e+00
1.818181818181818121e+00,2.053276538848876953e+00,4.700587093830108643e-01,-1.954956173896789551e+00,2.046169042587280273e+00,-1.458200454711914062e+00,-1.992888212203979492e+00
1.919191919191919116e+00,2.160658121109008789e+00,4.946417212486267090e-01,-2.057195901870727539e+00,2.153179168701171875e+00,-1.534461021423339844e+00,-2.097111701965332031e+00
2.020202020202020332e+00,2.253252744674682617e+00,5.158394575119018555e-01,-2.145356655120849609e+00,2.245453119277954102e+00,-1.600219964981079102e+00,-2.186982870101928711e+00
2.121212121212121104e+00,2.328948020935058594e+00,5.331684350967407227e-01,-2.217427253723144531e+00,2.320886373519897461e+00,-1.653977394104003906e+00,-2.260451793670654297e+00
2.222222222222222321e+00,2.385631084442138672e+00,5.461450219154357910e-01,-2.271396160125732422e+00,2.377373456954956055e+00,-1.694232821464538574e+00,-2.315468072891235352e+00
2.323232323232323093e+00,2.421190500259399414e+00,5.542856454849243164e-01,-2.305252790451049805e+00,2.412809610366821289e+00,-1.719486474990844727e+00,-2.349981546401977539e+00
2.424242424242424310e+00,2.433512926101684570e+00,5.571066141128540039e-01,-2.316985130310058594e+00,2.425089359283447266e+00,-1.728237628936767578e+00,-2.361941576004028320e+00
2.525252525252525082e+00,2.433512926101684570e+00,5.571066141128540039e-01,-2.316985130310058594e+00,2.425089359283447266e+00,-1.728237628936767578e+00,-2.361941576004028320e+00
2.626262626262626299e+00,2.433553218841552734e+00,5.545883774757385254e-01,-2.297008514404296875e+00,2.416915416717529297e+00,-1.713552594184875488e+00,-2.362318992614746094e+00
2.727272727272727071e+00,2.433669567108154297e+00,5.473214983940124512e-01,-2.239361286163330078e+00,2.393327474594116211e+00,-1.671175599098205566e+00,-2.363408088684082031e+00
2.828282828282828287e+00,2.433854818344116211e+00,5.357376933097839355e-01,-2.147468566894531250e+00,2.355726957321166992e+00,-1.603624224662780762e+00,-2.365144252777099609e+00
2.929292929292929060e+00,2.434102296829223633e+00,5.202685594558715820e-01,-2.024754524230957031e+00,2.305515289306640625e+00,-1.513415932655334473e+00,-2.367462873458862305e+00
3.030303030303030276e+00,2.434404850006103516e+00,5.013459324836730957e-01,-1.874643683433532715e+00,2.244093418121337891e+00,-1.403068065643310547e+00,-2.370298862457275391e+00
3.131313131313131048e+00,2.434756040573120117e+00,4.794014096260070801e-01,-1.700561046600341797e+00,2.172862529754638672e+00,-1.275098085403442383e+00,-2.373588085174560547e+00
3.232323232323232265e+00,2.435148477554321289e+00,4.548667073249816895e-01,-1.505930900573730469e+00,2.093224525451660156e+00,-1.132023572921752930e+00,-2.377265214920043945e+00
3.333333333333333481e+00,2.435575485229492188e+00,4.281735122203826904e-01,-1.294177651405334473e+00,2.006579875946044922e+00,-9.763616323471069336e-01,-2.381265878677368164e+00
3.434343434343434254e+00,2.436030149459838867e+00,3.997535705566406250e-01,-1.068726301193237305e+00,1.914330244064331055e+00,-8.106301426887512207e-01,-2.385525465011596680e+00
3.535353535353535470e+00,2.436505556106567383e+00,3.700385093688964844e-01,-8.330011367797851562e-01,1.817876815795898438e+00,-6.373461484909057617e-01,-2.389979124069213867e+00
3.636363636363636243e+00,2.436994552612304688e+00,3.394600749015808105e-01,-5.904270410537719727e-01,1.718621015548706055e+00,-4.590275287628173828e-01,-2.394562244415283203e+00
3.737373737373737459e+00,2.437490701675415039e+00,3.084499239921569824e-01,-3.444280624389648438e-01,1.617963910102844238e+00,-2.781912088394165039e-01,-2.399209976196289062e+00
3.838383838383838231e+00,2.437986850738525391e+00,2.774398326873779297e-01,-9.842944145202636719e-02,1.517306804656982422e+00,-9.735512733459472656e-02,-2.403857946395874023e+00
3.939393939393939448e+00,2.438475847244262695e+00,2.468613684177398682e-01,1.441450119018554688e-01,1.418050885200500488e+00,8.096385002136230469e-02,-2.408441066741943359e+00
4.040404040404040664e+00,2.438951253890991211e+00,2.171463072299957275e-01,3.798701763153076172e-01,1.321597576141357422e+00,2.542476654052734375e-01,-2.412894725799560547e+00
4.141414141414140992e+00,2.439405918121337891e+00,1.887263953685760498e-01,6.053214073181152344e-01,1.229348063468933105e+00,4.199790954589843750e-01,-2.417154312133789062e+00
4.242424242424242209e+00,2.439832925796508789e+00,1.620331704616546631e-01,8.170747756958007812e-01,1.142703413963317871e+00,5.756411552429199219e-01,-2.421154975891113281e+00
4.343434343434343425e+00,2.440225362777709961e+00,1.374984681606292725e-01,1.011704921722412109e+00,1.063065171241760254e+00,7.187156677246093750e-01,-2.424832105636596680e+00
4.444444444444444642e+00,2.440576553344726562e+00,1.155539155006408691e-01,1.185787916183471680e+00,9.918344020843505859e-01,8.466858863830566406e-01,-2.428121328353881836e+00
4.545454545454544970e+00,2.440879106521606445e+00,9.663128852844238281e-02,1.335898160934448242e+00,9.304126501083374023e-01,9.570333957672119141e-01,-2.430957317352294922e+00
4.646464646464646187e+00,2.441126585006713867e+00,8.116218447685241699e-02,1.458612442016601562e+00,8.802008628845214844e-01,1.047241926193237305e+00,-2.433275938034057617e+00
4.747474747474747403e+00,2.441311836242675781e+00,6.957837939262390137e-02,1.550505161285400391e+00,8.426004648208618164e-01,1.114793062210083008e+00,-2.435012102127075195e+00
4.848484848484848619e+00,2.441428184509277344e+00,6.231150031089782715e-02,1.608152389526367188e+00,8.190125226974487305e-01,1.157170057296752930e+00,-2.436101198196411133e+00
4.949494949494949836e+00,2.441468477249145508e+00,5.979326367378234863e-02,1.628129005432128906e+00,8.108384609222412109e-01,1.171855211257934570e+00,-2.436478614807128906e+00
5.050505050505050164e+00,2.441468477249145508e+00,5.979326367378234863e-02,1.628129124641418457e+00,8.108384013175964355e-01,1.171855211257934570e+00,-2.436478614807128906e+00
5.151515151515151381e+00,2.416773319244384766e+00,5.415446311235427856e-02,1.618489146232604980e+00,7.950384616851806641e-01,1.153578758239746094e+00,-2.434494495391845703e+00
5.252525252525252597e+00,2.345509767532348633e+00,3.788249194622039795e-02,1.590670943260192871e+00,7.494444251060485840e-01,1.100838184356689453e+00,-2.428768873214721680e+00
5.353535353535353813e+00,2.231911659240722656e+00,1.194400712847709656e-02,1.546327114105224609e+00,6.767647862434387207e-01,1.016766548156738281e+00,-2.419641733169555664e+00
5.454545454545454142e+00,2.080212354660034180e+00,-2.269435673952102661e-02,1.487110137939453125e+00,5.797080993652343750e-01,9.044969677925109863e-01,-2.407453298568725586e+00
5.555555555555555358e+00,1.894645214080810547e+00,-6.506592780351638794e-02,1.414672613143920898e+00,4.609830081462860107e-01,7.671625614166259766e-01,-2.392543792724609375e+00
5.656565656565656575e+00,1.679443955421447754e+00,-1.142040342092514038e-01,1.330667138099670410e+00,3.232980370521545410e-01,6.078964471817016602e-01,-2.375253438949584961e+00
5.757575757575757791e+00,1.438841700553894043e+00,-1.691420823335647583e-01,1.236746311187744141e+00,1.693616509437561035e-01,4.298316836357116699e-01,-2.355922222137451172e+00
5.858585858585858119e+00,1.177072167396545410e+00,-2.289133965969085693e-01,1.134562492370605469e+00,1.882433891296386719e-03,2.361013889312744141e-01,-2.334890127182006836e+00
5.959595959595959336e+00,8.983688354492187500e-01,-2.925512790679931641e-01,1.025768518447875977e+00,-1.764308214187622070e-01,2.983880043029785156e-02,-2.312497615814208984e+00
6.060606060606060552e+00,6.069648265838623047e-01,-3.590891659259796143e-01,9.120168685913085938e-01,-3.628699183464050293e-01,-1.858233213424682617e-01,-2.289084672927856445e+00
6.161616161616161769e+00,3.070943355560302734e-01,-4.275602698326110840e-01,7.949601411819458008e-01,-5.547259449958801270e-01,-4.077513217926025391e-01,-2.264991521835327148e+00
6.262626262626262097e+00,2.990007400512695312e-03,-4.969981014728546143e-01,6.762507557868957520e-01,-7.492907643318176270e-01,-6.328127384185791016e-01,-2.240558147430419922e+00
6.363636363636363313e+00,-3.011140823364257812e-01,-5.664358139038085938e-01,5.575414896011352539e-01,-9.438553452491760254e-01,-8.578739166259765625e-01,-2.216124773025512695e+00
6.464646464646464530e+00,-6.009850502014160156e-01,-6.349071264266967773e-01,4.404845237731933594e-01,-1.135711669921875000e+00,-1.079802274703979492e+00,-2.192031621932983398e+00
6.565656565656565746e+00,-8.923888206481933594e-01,-7.014449834823608398e-01,3.267328739166259766e-01,-1.322150707244873047e+00,-1.295464277267456055e+00,-2.168618679046630859e+00
6.666666666666666963e+00,-1.171091794967651367e+00,-7.650827169418334961e-01,2.179391384124755859e-01,-1.500463724136352539e+00,-1.501726627349853516e+00,-2.146226167678833008e+00
6.767676767676767291e+00,-1.432861804962158203e+00,-8.248541355133056641e-01,1.157552003860473633e-01,-1.667943239212036133e+00,-1.695457220077514648e+00,-2.125194072723388672e+00
6.868686868686868507e+00,-1.673464059829711914e+00,-8.797922134399414062e-01,2.183437347412109375e-02,-1.821879625320434570e+00,-1.873522043228149414e+00,-2.105862855911254883e+00
6.969696969696969724e+00,-1.888665437698364258e+00,-9.289304018020629883e-01,-6.217122077941894531e-02,-1.959564685821533203e+00,-2.032788276672363281e+00,-2.088572502136230469e+00
7.070707070707070940e+00,-2.074232339859008789e+00,-9.713019132614135742e-01,-1.346085071563720703e-01,-2.078289508819580078e+00,-2.170122385025024414e+00,-2.073662996292114258e+00
7.171717171717171269e+00,-2.225931882858276367e+00,-1.005940198898315430e+00,-1.938256025314331055e-01,-2.175346374511718750e+00,-2.282392024993896484e+00,-2.061474561691284180e+00
7.272727272727272485e+00,-2.339529752731323242e+00,-1.031878709793090820e+00,-2.381693124771118164e-01,-2.248025655746459961e+00,-2.366463422775268555e+00,-2.052347660064697266e+00
7.373737373737373701e+00,-2.410793066024780273e+00,-1.048150658607482910e+00,-2.659876346588134766e-01,-2.293619871139526367e+00,-2.419204235076904297e+00,-2.046621799468994141e+00
7.474747474747474918e+00,-2.435488462448120117e+00,-1.053789496421813965e+00,-2.756276130676269531e-01,-2.309419870376586914e+00,-2.437480688095092773e+00,-2.044637680053710938e+00
7.575757575757575246e+00,-2.435488462448120117e+00,-1.053789496421813965e+00,-2.756275832653045654e-01,-2.309419870376586914e+00,-2.437480688095092773e+00,-2.044637680053710938e+00
7.676767676767676463e+00,-2.423156023025512695e+00,-1.048453450202941895e+00,-2.742319107055664062e-01,-2.297725677490234375e+00,-2.425138235092163086e+00,-2.034284353256225586e+00
7.777777777777777679e+00,-2.387567996978759766e+00,-1.033055186271667480e+00,-2.702043652534484863e-01,-2.263979911804199219e+00,-2.389520883560180664e+00,-2.004407644271850586e+00
7.878787878787878896e+00,-2.330838680267333984e+00,-1.008509516716003418e+00,-2.637841999530792236e-01,-2.210186958312988281e+00,-2.332745075225830078e+00,-1.956782102584838867e+00
7.979797979797979224e+00,-2.255081892013549805e+00,-9.757310152053833008e-01,-2.552107274532318115e-01,-2.138351678848266602e+00,-2.256926536560058594e+00,-1.893182992935180664e+00
8.080808080808081328e+00,-2.162412166595458984e+00,-9.356345534324645996e-01,-2.447231560945510864e-01,-2.050478935241699219e+00,-2.164180994033813477e+00,-1.815384984016418457e+00
8.181818181818181657e+00,-2.054943323135375977e+00,-8.891348838806152344e-01,-2.325607687234878540e-01,-1.948572993278503418e+00,-2.056624412536621094e+00,-1.725162982940673828e+00
8.282828282828281985e+00,-1.934789776802062988e+00,-8.371466994285583496e-01,-2.189628183841705322e-01,-1.834638953208923340e+00,-1.936372518539428711e+00,-1.624291896820068359e+00
8.383838383838384090e+00,-1.804065465927124023e+00,-7.805848121643066406e-01,-2.041685730218887329e-01,-1.710681319236755371e+00,-1.805541276931762695e+00,-1.514546394348144531e+00
8.484848484848484418e+00,-1.664884686470031738e+00,-7.203639149665832520e-01,-1.884172856807708740e-01,-1.578705072402954102e+00,-1.666246652603149414e+00,-1.397701501846313477e+00
8.585858585858586522e+00,-1.519361376762390137e+00,-6.573987007141113281e-01,-1.719482243061065674e-01,-1.440714359283447266e+00,-1.520604133605957031e+00,-1.275532007217407227e+00
8.686868686868686851e+00,-1.369609951972961426e+00,-5.926041603088378906e-01,-1.550006419420242310e-01,-1.298714637756347656e+00,-1.370730280876159668e+00,-1.149812936782836914e+00
8.787878787878787179e+00,-1.217744231224060059e+00,-5.268947482109069824e-01,-1.378137916326522827e-01,-1.154709935188293457e+00,-1.218740344047546387e+00,-1.022318840026855469e+00
8.888888888888889284e+00,-1.065878629684448242e+00,-4.611853957176208496e-01,-1.206269562244415283e-01,-1.010705471038818359e+00,-1.066750526428222656e+00,-8.948248624801635742e-01
8.989898989898989612e+00,-9.161269664764404297e-01,-3.963907361030578613e-01,-1.036793589591979980e-01,-8.687053918838500977e-01,-9.168764352798461914e-01,-7.691055536270141602e-01
9.090909090909089940e+00,-7.706037759780883789e-01,-3.334255814552307129e-01,-8.721028268337249756e-02,-7.307149171829223633e-01,-7.712341547012329102e-01,-6.469361782073974609e-01
9.191919191919192045e+00,-6.314231157302856445e-01,-2.732047438621520996e-01,-7.145902514457702637e-02,-5.987386703491210938e-01,-6.319396495819091797e-01,-5.300914049148559570e-01
9.292929292929292373e+00,-5.006985664367675781e-01,-2.166427373886108398e-01,-5.666474997997283936e-02,-4.747807979583740234e-01,-5.011081695556640625e-01,-4.203457832336425781e-01
9.393939393939394478e+00,-3.805451393127441406e-01,-1.646546125411987305e-01,-4.306681454181671143e-02,-3.608468770980834961e-01,-3.808562755584716797e-01,-3.194746971130371094e-01
9.494949494949494806e+00,-2.730762958526611328e-01,-1.181548833847045898e-01,-3.090441226959228516e-02,-2.589409351348876953e-01,-2.732994556427001953e-01,-2.292525768280029297e-01
9.595959595959595134e+00,-1.804065704345703125e-01,-7.805848121643066406e-02,-2.041685581207275391e-02,-1.710681915283203125e-01,-1.805541515350341797e-01,-1.514546871185302734e-01
9.696969696969697239e+00,-1.046497821807861328e-01,-4.527997970581054688e-02,-1.184338331222534180e-02,-9.923291206359863281e-02,-1.047356128692626953e-01,-8.785557746887207031e-02
9.797979797979797567e+00,-4.792070388793945312e-02,-2.073431015014648438e-02,-5.423247814178466797e-03,-4.543995857238769531e-02,-4.795980453491210938e-02,-4.023027420043945312e-02
9.898989898989899672e+00,-1.233243942260742188e-02,-5.336046218872070312e-03,-1.395672559738159180e-03,-1.169419288635253906e-02,-1.234245300292968750e-02,-1.035332679748535156e-02
1.000000000000000000e+01,0.000000000000000000e+00,0.000000000000000000e+00,0.000000000000000000e+00,0.000000000000000000e+00,0.000000000000000000e+00,0.000000000000000000e+00
