0,1,0,0,0,0,-0,0
0.000249353231907328,1,-2.27914899259403e-09,-9.92748119162763e-09,1.25269399422927e-08,1.43548158040722e-06,-1.13760554367986e-06,-2.61171250564979e-07
0.00149611939144397,0.999999999999831,-8.20494206264278e-08,-3.573891026777e-07,4.50969768207847e-07,5.16773321728502e-05,-4.09537702147014e-05,-9.40218949569094e-06
0.00772995018912716,0.999999999879633,-2.19030383407267e-06,-9.5401481838772e-06,1.20383382340358e-05,0.00137949434102574,-0.00109321743215937,-0.000251003491661241
0.0388991041775431,0.999999922842738,-5.54920369962484e-05,-0.000241491715456815,0.00030482274120593,0.0349316523103227,-0.0276709727634669,-0.00636735463091269
0.194744874119623,0.999952041921572,-0.00140585709546125,-0.0059909876671843,0.00761875905096581,0.874065167954451,-0.685272653379615,-0.166334165369555
0.394744874119623,0.999219668961389,-0.00592195091544577,-0.0238275525843479,0.030939156353848,3.56504854946048,-2.70831871955354,-0.763428744461781
0.594744874119623,0.996248550162488,-0.0136624121389695,-0.0513735517329131,0.0682855985990586,7.94150754407715,-5.76771929845875,-1.9720906167009
0.794744874119623,0.989305547846646,-0.0241439626850286,-0.0859797048418186,0.115321691025693,13.6234162545088,-9.47119587460349,-3.92992834779718
0.994744874119623,0.977760727475077,-0.0364821796838461,-0.125404031423198,0.164093995245813,19.8404283834321,-13.4889164978385,-6.64337043223635
1.19474487411962,0.963193434814039,-0.0505749847655309,-0.167491757933662,0.204076184478719,25.4775890953347,-17.5784660257335,-10.0152333050772
1.39474487411962,0.949137248815891,-0.0676614249601237,-0.208184619195488,0.226317429317752,29.4470560043028,-21.3808535215055,-13.8351378270052
1.59474487411962,0.938997508942866,-0.0884954853431599,-0.240777879547075,0.229081295600021,31.2533463166688,-24.3075427411758,-17.6623378577126
1.79474487411962,0.933821787567978,-0.11100947382346,-0.259828764745587,0.219414627578855,31.3055984150111,-25.8841751953317,-20.9270745316806
1.99474487411962,0.932255168010367,-0.131180036987318,-0.265933989556309,0.207294989839682,30.5642965613612,-26.196480957595,-23.2946372729122
2.19474487411962,0.93228787896935,-0.145793463463931,-0.264762956072938,0.198706199776308,29.8285580910009,-25.8317832502296,-24.7666105156548
2.39474487411962,0.932576288735815,-0.153398487771368,-0.262399374954587,0.19472271993949,29.4300666829695,-25.4469067096977,-25.4688798487228
2.47015488531212,0.932622517148291,-0.154348240213541,-0.262021474636121,0.194259126118907,29.3807939551201,-25.3893455409168,-25.5539214126619
2.54556489650462,0.932608274134578,-0.154156537098779,-0.262096009129506,0.194379142615207,29.3939122694092,-25.4000665374585,-25.5373673221748
2.6145643862072,0.93248116920057,-0.152405867814856,-0.262751596884807,0.19548124942414,29.5133652622629,-25.4952871626635,-25.3853494543886
2.8145643862072,0.931601061793788,-0.138312578412509,-0.266310050580651,0.205104971361743,30.4937558308419,-26.0689381986181,-24.1110388839341
3.0145643862072,0.931284312372433,-0.111005922915341,-0.264534499335391,0.224518848358199,32.1352012532154,-26.2870026567926,-21.2901104572125
3.2145643862072,0.935704995627253,-0.0711233164733877,-0.24397244291364,0.244693853847578,32.9096221875242,-24.9461068716863,-16.1694294819552
3.4145643862072,0.949057989471775,-0.0201421719423619,-0.198785632996173,0.243654463623279,30.3906878824238,-21.5616861448613,-8.35277957550501
3.6145643862072,0.96753821550155,0.0401295988233495,-0.136225115797622,0.209050555292917,24.2075485725739,-16.2831387267422,1.23555910441612
3.8145643862072,0.98041157770687,0.104867493603749,-0.063697881926085,0.154073121996421,17.0008842203294,-9.04527040565968,10.8559516032784
4.0145643862072,0.981292884954898,0.16256626244121,0.0153259889007468,0.101988226364631,11.8379635130367,-0.176535555759433,18.794686502219
4.2145643862072,0.972938908522845,0.200618346503807,0.0934838213744025,0.0663546115179032,9.71068146559777,8.93327867114897,24.0623664019127
4.4145643862072,0.962189806083573,0.216124879520206,0.159074975701673,0.0466472467220161,9.5225241835941,16.6160842166944,26.7127603249292
4.6145643862072,0.953816662535611,0.217256328061447,0.204211338738677,0.036485494614183,9.82859079649855,21.9444167299563,27.5733868184932
4.8145643862072,0.949138075732252,0.214246738845842,0.228593993825037,0.0313054959443101,9.98906375392225,24.8674422013516,27.6478473755241
4.94205770159798,0.947953438479701,0.212991147785176,0.234802783650077,0.0297775457323198,9.99409499741042,25.625018976952,27.6048117039321
5.06955101698876,0.947979433519574,0.212972100027321,0.23475813136948,0.029436337913726,9.9510469741612,25.629722637306,27.5925174672642
5.1952531255531,0.94862630431395,0.214413129635879,0.230745411906405,0.0298613376717755,9.89828179759629,25.1492081621463,27.6856785931998
5.3952531255531,0.950781791069259,0.218733306898941,0.217128914448519,0.0320118842712033,9.78583921455671,23.5081996253985,27.952588884699
5.5952531255531,0.954398516387897,0.222740962042764,0.195471844577085,0.0360651316714177,9.60895470859233,20.9191189383077,28.0514343275864
5.7952531255531,0.95940859617201,0.222480317544886,0.168151054542663,0.0419866258774127,9.38704951738369,17.6961315166033,27.5759415439858
5.9952531255531,0.965418510960247,0.214707046744785,0.139353285834435,0.0494837801767182,9.22944691796783,14.3485159500504,26.2410145122853
6.1952531255531,0.971670144783418,0.198571521504063,0.114222661214819,0.0581348797980788,9.2978184277545,11.4718016543209,24.0359412423223
6.3952531255531,0.977195638478281,0.176401328884314,0.096960835795498,0.067600677723755,9.70970036128085,9.53497968294351,21.2771578862179
6.5952531255531,0.981192430679544,0.152776453292424,0.0889397541391353,0.0775273463380878,10.4507260913399,8.67591731825917,18.495285859716
6.7952531255531,0.983420683377554,0.132203589983954,0.0882944943018188,0.0872356152988288,11.3716912069069,8.66144058713869,16.1770066651426
6.9952531255531,0.984258853022441,0.117133948456178,0.0914158150805047,0.095693767399871,12.2655793215301,9.06388670255447,14.5492981543753
7.1952531255531,0.984373202939995,0.107770916511431,0.0949837205421459,0.101847531732058,12.9474737719764,9.49993312948212,13.5763325561251
7.3952531255531,0.984338754500576,0.103239024817506,0.0969897262732163,0.104937663116881,13.2931170332684,9.74562038359906,13.1131074854779
7.5952531255531,0.984512038463653,0.102225608815562,0.0965012927363331,0.104754338920386,13.2544304215866,9.70621015782167,12.9863758211779
7.785692394384,0.985317277837922,0.100142097568822,0.0926453576628299,0.102656027548847,12.9328900302796,9.32356936566113,12.6656501242271
7.985692394384,0.986830114062916,0.0964158037278058,0.0847606260627885,0.0984172497052071,12.2947994113642,8.5290429901705,12.0807731608745
8.185692394384,0.98882901835643,0.0924130795359979,0.0734698357713614,0.0909899907608616,11.2531116538589,7.38181703467666,11.406621999079
8.38569239438399,0.990995798953016,0.0902802295332489,0.0610501330324068,0.077779739454581,9.56317745296552,6.13992399287782,10.9246990329217
8.58569239438399,0.992880260955503,0.0919464168367517,0.0515180895907954,0.0555025249941789,6.90360849773918,5.28420408504667,10.9006165401194
8.78569239438399,0.993750491575632,0.0978866426228511,0.0485939244784489,0.0227331518492086,3.14879428308964,5.28615222941887,11.396623798977
8.98569239438399,0.992650665189816,0.106980848995415,0.0535704564055944,-0.0181648299450609,-1.41830109406917,6.32915509201642,12.2239617122435
9.18569239438399,0.989042415748377,0.117294059485645,0.0650092237720468,-0.0617333320382825,-6.19855261878811,8.22586108847158,13.0804851376272
9.38569239438399,0.983454638193131,0.126902559250065,0.0797238954243886,-0.101768440936095,-10.5453215618372,10.5235131810868,13.7314647667092
9.58569239438399,0.977411615333707,0.134397270191915,0.093921602908341,-0.133351567230545,-13.9641762207525,12.6763964278309,14.0998072691851
9.78569239438399,0.972743938759149,0.139042598959289,0.104147874596192,-0.15358908001248,-16.1617608106839,14.2012938165578,14.2428617958196
9.98569239438399,0.970858162210965,0.140614235737129,0.108002080607151,-0.161237762825391,-17.0001673150983,14.7767880420649,14.2617822075974
10,0.970850632058028,0.140607959738508,0.107999315962021,-0.161290420181851,-17.006512216749,14.7771311065902,14.2602897879503
