t,q_J1,q_J2,q_J3,q_J4,q_J5,q_J6,qd_J1,qd_J2,qd_J3,qd_J4,qd_J5,qd_J6,qdd_J1,qdd_J2,qdd_J3,qdd_J4,qdd_J5,qdd_J6
0.0,0.0,0.0,0.0,0.0,0.0,0.0,0.0,-0.0,-0.0,-0.0,-0.0,-0.0,1.5040339231491089,-1.1966255903244019,-2.1815037727355957,-0.6887610554695129,-1.5670772790908813,-0.03063482604920864
0.1,0.007933243177831173,-0.006311774253845215,-0.011506656184792519,-0.0036329692229628563,-0.008265774697065353,-0.00016158781363628805,0.15014228224754333,-0.11945482343435287,-0.21777164936065674,-0.06875652819871902,-0.15643566846847534,-0.0030581641476601362,1.3786977529525757,-1.0969069004058838,-1.9997118711471558,-0.6313642859458923,-1.4364875555038452,-0.028081927448511124
0.2,0.03082631528377533,-0.024525750428438187,-0.04471157491207123,-0.014116679318249226,-0.03211843967437744,-0.000627884001005441,0.28722870349884033,-0.22852228581905365,-0.4166066646575928,-0.13153423368930817,-0.2992682456970215,-0.00585040170699358,1.2533615827560425,-0.9971880912780762,-1.8179198503494263,-0.5739675164222717,-1.305897831916809,-0.02552902325987816
0.30000000000000004,0.06731922924518585,-0.05355990678071976,-0.09764218330383301,-0.030828334391117096,-0.07014099508523941,-0.0013711878564208746,0.411259263753891,-0.32720234990119934,-0.5965049862861633,-0.18833310902118683,-0.42849770188331604,-0.008376711048185825,1.1280254125595093,-0.8974692225456238,-1.6361279487609863,-0.5165708065032959,-1.1753079891204834,-0.022976120933890343
0.4,0.11605201661586761,-0.09233224391937256,-0.16832593083381653,-0.0531451478600502,-0.12091647833585739,-0.002363798674196005,0.5222340226173401,-0.41549500823020935,-0.7574666142463684,-0.23915314674377441,-0.5441240668296814,-0.010637093335390091,1.002689242362976,-0.7977503538131714,-1.4543358087539673,-0.4591740071773529,-1.0447181463241577,-0.020423216745257378
0.5,0.17566466331481934,-0.13976071774959564,-0.2547902464866638,-0.0804443210363388,-0.18302786350250244,-0.0035780156031250954,0.6201528310775757,-0.49340033531188965,-0.8994916081428528,-0.2839943468570709,-0.6461473107337952,-0.012631547637283802,0.8773531317710876,-0.6980316638946533,-1.2725439071655273,-0.4017772674560547,-0.9141284823417664,-0.01787031628191471
0.6000000000000001,0.24479718506336212,-0.19476330280303955,-0.35506248474121094,-0.11210303753614426,-0.2550581693649292,-0.004986137617379427,0.7050158977508545,-0.5609182715415955,-1.0225800275802612,-0.32285675406455994,-0.7345675230026245,-0.014360076747834682,0.7520169615745544,-0.5983127951622009,-1.0907518863677979,-0.34438052773475647,-0.7835386395454407,-0.01531741302460432
0.7000000000000001,0.32208964228630066,-0.2562580108642578,-0.46717017889022827,-0.14749853312969208,-0.3355904221534729,-0.0065604643896222115,0.776823103427887,-0.618048906326294,-1.1267317533493042,-0.3557403087615967,-0.8093846440315247,-0.015822676941752434,0.6266807317733765,-0.4985940158367157,-0.9089598655700684,-0.28698375821113586,-0.652948796749115,-0.012764510698616505
0.8,0.40618205070495605,-0.32316282391548157,-0.589140772819519,-0.186008021235466,-0.42320767045021057,-0.008273295126855373,0.8355743288993835,-0.664792001247406,-1.2119466066360474,-0.38264501094818115,-0.8705984950065613,-0.017019348219037056,0.501344621181488,-0.3988751769065857,-0.7271679043769836,-0.22958700358867645,-0.5223590731620789,-0.010211608372628689
0.9,0.49571430683135986,-0.3943956792354584,-0.7190015316009521,-0.227008655667305,-0.5164927840232849,-0.010096928104758263,0.8812698721885681,-0.7011479139328003,-1.2782249450683594,-0.4035709500312805,-0.9182093739509583,-0.017950095236301422,0.3760084807872772,-0.29915639758110046,-0.5453759431838989,-0.17219026386737823,-0.39176931977272034,-0.00765870651230216
1.0,0.5893266201019287,-0.46887463331222534,-0.8547801375389099,-0.26987770199775696,-0.6140289306640625,-0.01200366485863924,0.9139094352722168,-0.7271162867546082,-1.3255666494369507,-0.41851797699928284,-0.9522171020507812,-0.018614912405610085,0.25067225098609924,-0.19943757355213165,-0.36358389258384705,-0.11479347944259644,-0.26117950677871704,-0.005105803720653057
1.1,0.6856587529182434,-0.5455175638198853,-0.9945036768913269,-0.31399229168891907,-0.714398980140686,-0.01396580133587122,0.9334932565689087,-0.7426973581314087,-1.3539716005325317,-0.42748624086380005,-0.972621738910675,-0.01901380345225334,0.12533612549304962,-0.09971878677606583,-0.18179194629192352,-0.05739673972129822,-0.13058975338935852,-0.0025529018603265285
1.2000000000000002,0.7833510041236877,-0.6232425570487976,-1.136199951171875,-0.3587297201156616,-0.8161861300468445,-0.015955640003085136,0.9400212168693542,-0.7478910684585571,-1.363439917564392,-0.4304756820201874,-0.9794233441352844,-0.019146768376231194,0.0,-0.0,-0.0,-0.0,-0.0,-0.0
1.3,0.8810431361198425,-0.7009674906730652,-1.2778960466384888,-0.4034671187400818,-0.9179731607437134,-0.01794547587633133,0.9334933161735535,-0.7426974177360535,-1.3539717197418213,-0.42748627066612244,-0.9726218581199646,-0.01901380531489849,-0.12533603608608246,0.09971871227025986,0.18179181218147278,0.05739670246839523,0.13058964908123016,0.0025528999976813793
1.4000000000000001,0.9773754477500916,-0.7776105403900146,-1.4176198244094849,-0.44758176803588867,-1.0183433294296265,-0.019907616078853607,0.9139095544815063,-0.7271163463592529,-1.3255666494369507,-0.4185180366039276,-0.9522172212600708,-0.018614914268255234,-0.25067225098609924,0.19943757355213165,0.36358389258384705,0.11479347944259644,0.26117950677871704,0.005105803720653057
1.5,1.0709877014160156,-0.8520894050598145,-1.5533983707427979,-0.49045079946517944,-1.1158794164657593,-0.02181435190141201,0.8812698721885681,-0.7011479139328003,-1.2782249450683594,-0.4035709500312805,-0.9182093739509583,-0.017950095236301422,-0.3760084807872772,0.29915639758110046,0.5453759431838989,0.17219026386737823,0.39176931977272034,0.00765870651230216
1.6,1.1605198383331299,-0.9233222007751465,-1.6832590103149414,-0.531451404094696,-1.2091645002365112,-0.023637982085347176,0.8355744481086731,-0.6647920608520508,-1.211946725845337,-0.38264504075050354,-0.8705986142158508,-0.017019350081682205,-0.5013445019721985,0.3988751471042633,0.7271677851676941,0.22958695888519287,0.5223590135574341,0.010211607441306114
1.7000000000000002,1.244612455368042,-0.9902271628379822,-1.8052297830581665,-0.5699609518051147,-1.2967818975448608,-0.025350816547870636,0.776823103427887,-0.618048906326294,-1.1267317533493042,-0.3557403087615967,-0.8093846440315247,-0.015822676941752434,-0.6266807317733765,0.4985940158367157,0.9089598655700684,0.28698375821113586,0.652948796749115,0.012764510698616505
1.8,1.3219047784805298,-1.0517218112945557,-1.917337417602539,-0.6053563952445984,-1.3773140907287598,-0.026925142854452133,0.7050158977508545,-0.5609182715415955,-1.0225800275802612,-0.32285675406455994,-0.7345675230026245,-0.014360076747834682,-0.7520169615745544,0.5983127951622009,1.0907518863677979,0.34438052773475647,0.7835386395454407,0.01531741302460432
1.9000000000000001,1.3910372257232666,-1.1067243814468384,-2.0176095962524414,-0.6370151042938232,-1.449344277381897,-0.028333263471722603,0.62015300989151,-0.4934004247188568,-0.8994917869567871,-0.2839944064617157,-0.6461474299430847,-0.012631550431251526,-0.8773529529571533,0.6980315446853638,1.2725437879562378,0.4017772078514099,0.914128303527832,0.017870314419269562
2.0,1.4506499767303467,-1.1541528701782227,-2.104074001312256,-0.6643142700195312,-1.511455774307251,-0.02954748086631298,0.5222340822219849,-0.4154951274394989,-0.757466733455658,-0.2391531765460968,-0.544124186038971,-0.01063709519803524,-1.002689242362976,0.7977503538131714,1.4543358087539673,0.4591740071773529,1.0447181463241577,0.020423216745257378
2.1,1.499382734298706,-1.192925214767456,-2.174757719039917,-0.6866310834884644,-1.5622313022613525,-0.030540091916918755,0.411259263753891,-0.32720234990119934,-0.5965049862861633,-0.18833310902118683,-0.42849770188331604,-0.008376711048185825,-1.1280254125595093,0.8974692225456238,1.6361279487609863,0.5165708065032959,1.1753079891204834,0.022976120933890343
2.2,1.535875678062439,-1.2219593524932861,-2.2276883125305176,-0.7033427357673645,-1.600253701210022,-0.03128339350223541,0.28722864389419556,-0.22852221131324768,-0.4166065752506256,-0.13153420388698578,-0.2992681860923767,-0.005850400310009718,-1.2533615827560425,0.9971880912780762,1.8179198503494263,0.5739675164222717,1.305897831916809,0.02552902325987816
2.3000000000000003,1.5587687492370605,-1.24017333984375,-2.2608933448791504,-0.7138264775276184,-1.624106526374817,-0.03174969181418419,0.1501423567533493,-0.11945488303899765,-0.2177717685699463,-0.06875656545162201,-0.1564357578754425,-0.0030581660103052855,-1.3786977529525757,1.0969069004058838,1.9997118711471558,0.6313642859458923,1.4364875555038452,0.028081927448511124
2.4000000000000004,1.5667020082473755,-1.2464851140975952,-2.27239990234375,-0.7174594402313232,-1.632372260093689,-0.03191128000617027,0.0,-0.0,-0.0,-0.0,-0.0,-0.0,-1.5040339231491089,1.1966255903244019,2.1815037727355957,0.6887610554695129,1.5670772790908813,0.03063482604920864
2.5,1.5667020082473755,-1.2464851140975952,-2.27239990234375,-0.7174594402313232,-1.632372260093689,-0.03191128000617027,-0.0,0.0,0.0,0.0,-0.0,-0.0,-1.028606653213501,3.5626237392425537,0.19915328919887543,3.8170394897460938,-1.602529764175415,-1.536255121231079
2.6,1.5612764358520508,-1.2276935577392578,-2.2713494300842285,-0.6973259449005127,-1.6408250331878662,-0.04001447930932045,-0.10268210619688034,0.3556438982486725,0.019880754873156548,0.3810412585735321,-0.15997475385665894,-0.1533588021993637,-0.9428895115852356,3.2657387256622314,0.18255718052387238,3.498952865600586,-1.4689855575561523,-1.4082337617874146
2.7,1.5456199645996094,-1.173466444015503,-2.2683181762695312,-0.6392263174057007,-1.6652172803878784,-0.06339798867702484,-0.19643531739711761,0.6803622245788574,0.03803274780511856,0.7289485335350037,-0.3060387074947357,-0.29338204860687256,-0.8571723103523254,2.96885347366333,0.16596107184886932,3.180866003036499,-1.3354413509368896,-1.2802125215530396
2.8000000000000003,1.5206624269485474,-1.0870251655578613,-2.263485908508301,-0.5466121435165405,-1.7041001319885254,-0.10067269206047058,-0.2812596559524536,0.974155068397522,0.05445597693324089,1.0437217950820923,-0.4381917417049408,-0.42006975412368774,-0.7714550495147705,2.6719679832458496,0.14936496317386627,2.862779378890991,-1.201897382736206,-1.1521912813186646
2.9000000000000004,1.4873342514038086,-0.9715912342071533,-2.257033109664917,-0.42293477058410645,-1.7560242414474487,-0.1504494994878769,-0.35715511441230774,1.2370222806930542,0.06915044784545898,1.325360894203186,-0.5564339756965637,-0.5334219336509705,-0.6857377290725708,2.375082492828369,0.13276885449886322,2.5446927547454834,-1.0683530569076538,-1.024169921875
3.0,1.4465651512145996,-0.8303860425949097,-2.2491395473480225,-0.271645724773407,-1.8195408582687378,-0.21133925020694733,-0.4241216778755188,1.468963861465454,0.08211614936590195,1.5738660097122192,-0.6607652902603149,-0.6334385275840759,-0.6000205874443054,2.0781972408294678,0.11617275327444077,2.2266063690185547,-0.9348090291023254,-0.8961488008499146
3.1,1.3992855548858643,-0.6666309237480164,-2.239985704421997,-0.09619653224945068,-1.8932006359100342,-0.28195279836654663,-0.48215943574905396,1.6699800491333008,0.09335310757160187,1.7892372608184814,-0.7511858344078064,-0.7201195955276489,-0.5143033266067505,1.7813118696212769,0.09957664459943771,1.9085197448730469,-0.8012648820877075,-0.7681275606155396
3.2,1.3464252948760986,-0.4835473299026489,-2.2297511100769043,0.09996151924133301,-1.9755548238754272,-0.3609011173248291,-0.531268298625946,1.8400707244873047,0.10286130011081696,1.971474528312683,-0.8276955485343933,-0.7934651374816895,-0.42858612537384033,1.484426498413086,0.08298052847385406,1.5904330015182495,-0.6677206754684448,-0.640106201171875
3.3000000000000003,1.288914680480957,-0.28435659408569336,-2.218616247177124,0.31337690353393555,-2.0651543140411377,-0.4467950463294983,-0.5714482069015503,1.9792355298995972,0.11064070463180542,2.120577573776245,-0.8902942538261414,-0.853475034236908,-0.3428688645362854,1.1875412464141846,0.06638442724943161,1.2723463773727417,-0.5341765284538269,-0.5120849609375
3.4000000000000004,1.227683663368225,-0.0722804069519043,-2.206760883331299,0.5405980348587036,-2.1605498790740967,-0.5382453203201294,-0.6026992797851562,2.087475061416626,0.11669137328863144,2.236546516418457,-0.9389823079109192,-0.9001494646072388,-0.25715166330337524,0.8906559348106384,0.04978832229971886,0.9542598724365234,-0.40063244104385376,-0.3840637803077698
3.5,1.163662314414978,0.14946019649505615,-2.1943655014038086,0.7781736850738525,-2.2602925300598145,-0.633863091468811,-0.6250213980674744,2.1647889614105225,0.12101327627897263,2.3193814754486084,-0.9737593531608582,-0.9334883093833923,-0.1714344173669815,0.5937705039978027,0.03319220617413521,0.6361730694770813,-0.26708823442459106,-0.2560424506664276
3.6,1.0977809429168701,0.3776434659957886,-2.181609869003296,1.0226519107818604,-2.362933397293091,-0.7322590351104736,-0.6384148001670837,2.211177110671997,0.12360642105340958,2.369082450866699,-0.9946256875991821,-0.9534916281700134,-0.08571720868349075,0.29688525199890137,0.016596103087067604,0.31808653473854065,-0.13354411721229553,-0.1280212253332138
3.7,1.0309693813323975,0.6090482473373413,-2.1686742305755615,1.2705819606781006,-2.4670231342315674,-0.8320441246032715,-0.6428791880607605,2.226639986038208,0.12447080761194229,2.3856496810913086,-1.001581072807312,-0.9601594805717468,-0.0,0.0,0.0,0.0,-0.0,-0.0
3.8000000000000003,0.9641578197479248,0.8404527902603149,-2.155738592147827,1.5185117721557617,-2.571113109588623,-0.9318291544914246,-0.6384148001670837,2.211177349090576,0.12360643595457077,2.3690826892852783,-0.9946257472038269,-0.9534916877746582,0.08571714162826538,-0.29688504338264465,-0.01659609191119671,-0.31808632612228394,0.13354402780532837,0.12802113592624664
3.9000000000000004,0.8982762694358826,1.0686362981796265,-2.1429829597473145,1.7629904747009277,-2.6737537384033203,-1.0302252769470215,-0.6250215172767639,2.1647889614105225,0.12101328372955322,2.3193817138671875,-0.9737594723701477,-0.9334883689880371,0.1714344173669815,-0.5937705039978027,-0.03319220617413521,-0.6361730694770813,0.26708823442459106,0.2560424506664276
4.0,0.8342549800872803,1.2903770208358765,-2.130587577819824,2.000566005706787,-2.773496627807617,-1.1258429288864136,-0.6026992797851562,2.087475061416626,0.11669137328863144,2.236546516418457,-0.9389823079109192,-0.9001494646072388,0.25715166330337524,-0.8906559348106384,-0.04978832229971886,-0.9542598724365234,0.40063244104385376,0.3840637803077698
4.1000000000000005,0.7730240225791931,1.5024529695510864,-2.118732213973999,2.2277867794036865,-2.868892192840576,-1.2172931432724,-0.5714482665061951,1.9792356491088867,0.11064071953296661,2.120577573776245,-0.8902943730354309,-0.8534750938415527,0.342868834733963,-1.1875410079956055,-0.06638441234827042,-1.2723461389541626,0.5341764688491821,0.5120849013328552
4.2,0.715513288974762,1.7016438245773315,-2.1075973510742188,2.441202402114868,-2.958491563796997,-1.3031872510910034,-0.531268298625946,1.8400707244873047,0.10286130011081696,1.971474528312683,-0.8276955485343933,-0.7934651374816895,0.42858612537384033,-1.484426498413086,-0.08298052847385406,-1.5904330015182495,0.6677206754684448,0.640106201171875
4.3,0.6626530885696411,1.8847273588180542,-2.097362756729126,2.6373603343963623,-3.0408458709716797,-1.3821355104446411,-0.48215943574905396,1.6699800491333008,0.09335310757160187,1.7892372608184814,-0.7511858344078064,-0.7201195955276489,0.5143033266067505,-1.7813118696212769,-0.09957664459943771,-1.9085197448730469,0.8012648820877075,0.7681275606155396
4.4,0.6153734922409058,2.0484824180603027,-2.0882089138031006,2.812809467315674,-3.1145055294036865,-1.4527488946914673,-0.42412176728248596,1.4689640998840332,0.08211617171764374,1.573866367340088,-0.6607654094696045,-0.6334386467933655,0.6000205278396606,-2.0781970024108887,-0.11617273092269897,-2.2266061305999756,0.9348088502883911,0.896148681640625
4.5,0.5746044516563416,2.189687728881836,-2.080315351486206,2.9640986919403076,-3.1780221462249756,-1.5136387348175049,-0.3571551740169525,1.2370223999023438,0.06915045529603958,1.3253611326217651,-0.5564340353012085,-0.5334219932556152,0.6857377290725708,-2.375082492828369,-0.13276885449886322,-2.5446927547454834,1.0683530569076538,1.024169921875
4.6000000000000005,0.541276216506958,2.305121898651123,-2.0738625526428223,3.087775945663452,-3.2299461364746094,-1.56341552734375,-0.2812596559524536,0.974155068397522,0.05445597693324089,1.0437217950820923,-0.4381917417049408,-0.42006975412368774,0.7714550495147705,-2.6719679832458496,-0.14936496317386627,-2.862779378890991,1.201897382736206,1.1521912813186646
4.7,0.5163187980651855,2.3915629386901855,-2.069030284881592,3.1803901195526123,-3.268828868865967,-1.600690245628357,-0.19643527269363403,0.6803621053695679,0.038032736629247665,0.7289483547210693,-0.30603858828544617,-0.2933819890022278,0.8571723103523254,-2.96885347366333,-0.16596107184886932,-3.180866003036499,1.3354413509368896,1.2802125215530396
4.800000000000001,0.5006622076034546,2.4457902908325195,-2.0659990310668945,3.238489866256714,-3.2932214736938477,-1.62407386302948,-0.10268215090036392,0.3556440770626068,0.019880762323737144,0.3810414671897888,-0.1599748432636261,-0.15335887670516968,0.9428895115852356,-3.2657387256622314,-0.18255718052387238,-3.498952865600586,1.4689855575561523,1.4082337617874146
4.9,0.4952366352081299,2.4645814895629883,-2.064948558807373,3.2586233615875244,-3.3016741275787354,-1.6321769952774048,-0.0,0.0,0.0,0.0,-0.0,-0.0,1.028606653213501,-3.5626237392425537,-0.19915328919887543,-3.8170394897460938,1.602529764175415,1.536255121231079
5.0,0.4952366352081299,2.4645814895629883,-2.064948558807373,3.2586233615875244,-3.3016741275787354,-1.6321769952774048,-0.0,-0.0,0.0,0.0,0.0,0.0,-2.79337215423584,-0.47400936484336853,0.09166911989450455,0.302062451839447,1.1659997701644897,3.818080425262451
5.1000000000000005,0.4805026054382324,2.46208119392395,-2.064465045928955,3.26021671295166,-3.2955238819122314,-1.612038016319275,-0.278852254152298,-0.04731864482164383,0.009150996804237366,0.030153801664710045,0.11639755219221115,0.381145179271698,-2.560590982437134,-0.4345085918903351,0.08403002470731735,0.2768905758857727,1.0688331127166748,3.4999072551727295
5.2,0.4379843473434448,2.454866409301758,-2.0630698204040527,3.2648143768310547,-3.277776002883911,-1.5539225339889526,-0.5334565043449402,-0.09052262455224991,0.017506256699562073,0.05768554285168648,0.22267358005046844,0.7291473746299744,-2.327810049057007,-0.39500775933265686,0.07639092952013016,0.2517186999320984,0.9716665148735046,3.1817336082458496
5.300000000000001,0.3702077865600586,2.4433653354644775,-2.0608456134796143,3.2721433639526367,-3.2494850158691406,-1.4612830877304077,-0.7638127207756042,-0.12961193919181824,0.025065774098038673,0.08259520679712296,0.3188280761241913,1.04400634765625,-2.09502911567688,-0.3555070161819458,0.06875184178352356,0.22654683887958527,0.8744998574256897,2.863560199737549
5.4,0.2796986401081085,2.428006649017334,-2.057875394821167,3.281930685043335,-3.211704969406128,-1.3375719785690308,-0.969920814037323,-0.16458658874034882,0.031829554587602615,0.10488279163837433,0.4048610329627991,1.325722336769104,-1.8622478246688843,-0.31600621342658997,0.061112742871046066,0.20137494802474976,0.77733314037323,2.545386791229248
5.5,0.1689828336238861,2.409219264984131,-2.054241895675659,3.29390287399292,-3.1654903888702393,-1.186241626739502,-1.1517809629440308,-0.19544655084609985,0.03779759630560875,0.12454831600189209,0.480772465467453,1.5742952823638916,-1.6294670104980469,-0.2765054702758789,0.05347365140914917,0.17620308697223663,0.6801665425300598,2.2272136211395264
5.6000000000000005,0.040586233139038086,2.3874316215515137,-2.0500285625457764,3.3077871799468994,-3.1118955612182617,-1.010744571685791,-1.309393286705017,-0.22219188511371613,0.042969901114702225,0.14159177243709564,0.5465624332427979,1.7897251844406128,-1.39668607711792,-0.23700468242168427,0.045834559947252274,0.1510312259197235,0.5829998850822449,1.9090402126312256
5.7,-0.10296547412872314,2.363072156906128,-2.0453176498413086,3.323310136795044,-3.0519747734069824,-0.8145331144332886,-1.4427573680877686,-0.24482254683971405,0.04734646901488304,0.15601317584514618,0.6022308468818665,1.9720121622085571,-1.1639049053192139,-0.19750387966632843,0.03819546103477478,0.1258593499660492,0.48583319783210754,1.5908666849136353
5.800000000000001,-0.2591463327407837,2.3365697860717773,-2.040192127227783,3.3401989936828613,-2.9867820739746094,-0.6010594367980957,-1.5518733263015747,-0.26333853602409363,0.050927288830280304,0.16781246662139893,0.6477776765823364,2.1211557388305664,-0.9311239123344421,-0.15800310671329498,0.030556371435523033,0.10068747401237488,0.388666570186615,1.272693395614624
5.9,-0.42543041706085205,2.3083527088165283,-2.0347354412078857,3.358180046081543,-2.917372465133667,-0.3737764358520508,-1.6367415189743042,-0.27773985266685486,0.053712375462055206,0.17698971927165985,0.6832030415534973,2.237156629562378,-0.69834303855896,-0.11850234121084213,0.022917279973626137,0.07551561295986176,0.29149994254112244,0.9545201063156128
6.0,-0.5992921590805054,2.2788500785827637,-2.0290298461914062,3.376980781555176,-2.844799518585205,-0.13613605499267578,-1.6973613500595093,-0.28802651166915894,0.05570172145962715,0.18354488909244537,0.7085068225860596,2.320013999938965,-0.4655618965625763,-0.0790015384554863,0.015278182923793793,0.050343725830316544,0.1943332701921463,0.6363465785980225
6.1000000000000005,-0.778205394744873,2.24849009513855,-2.023158550262451,3.396327495574951,-2.770118236541748,0.10840892791748047,-1.7337335348129272,-0.29419851303100586,0.05689532682299614,0.1874779909849167,0.723689079284668,2.3697288036346436,-0.23278094828128815,-0.03950076922774315,0.007639091461896896,0.025171862915158272,0.09716663509607315,0.31817328929901123
6.2,-0.9596446752548218,2.2177016735076904,-2.0172042846679688,3.415947437286377,-2.694382667541504,0.356406569480896,-1.7458575963974,-0.29625585675239563,0.057293202728033066,0.18878903985023499,0.7287499308586121,2.3863003253936768,-0.0,-0.0,0.0,0.0,0.0,0.0
6.300000000000001,-1.1410837173461914,2.186913013458252,-2.0112500190734863,3.435567617416382,-2.6186468601226807,0.6044038534164429,-1.7337335348129272,-0.29419854283332825,0.056895334273576736,0.18747800588607788,0.7236891984939575,2.3697288036346436,0.23278076946735382,0.03950073942542076,-0.007639085873961449,-0.02517184615135193,-0.09716655313968658,-0.31817305088043213
6.4,-1.3199971914291382,2.156553030014038,-2.0053787231445312,3.4549143314361572,-2.5439653396606445,0.8489493131637573,-1.6973615884780884,-0.2880265414714813,0.05570172891020775,0.18354490399360657,0.7085068821907043,2.320014238357544,0.4655618965625763,0.0790015384554863,-0.015278182923793793,-0.050343725830316544,-0.1943332701921463,-0.6363465785980225
6.5,-1.4938589334487915,2.1270503997802734,-1.9996731281280518,3.47371506690979,-2.4713926315307617,1.0865896940231323,-1.6367415189743042,-0.27773985266685486,0.053712375462055206,0.17698971927165985,0.6832030415534973,2.237156629562378,0.69834303855896,0.11850234121084213,-0.022917279973626137,-0.07551561295986176,-0.29149994254112244,-0.9545201063156128
6.6000000000000005,-1.6601428985595703,2.0988335609436035,-1.9942162036895752,3.4916961193084717,-2.4019830226898193,1.3138724565505981,-1.5518734455108643,-0.26333853602409363,0.0509272925555706,0.16781248152256012,0.6477777361869812,2.1211559772491455,0.9311237931251526,0.1580030769109726,-0.030556365847587585,-0.10068745166063309,-0.3886665403842926,-1.272693157196045
6.7,-1.81632399559021,2.072330951690674,-1.989090919494629,3.508584976196289,-2.3367903232574463,1.5273462533950806,-1.4427573680877686,-0.24482254683971405,0.04734646901488304,0.15601317584514618,0.6022308468818665,1.9720121622085571,1.1639049053192139,0.19750387966632843,-0.03819546103477478,-0.1258593499660492,-0.48583319783210754,-1.5908666849136353
6.800000000000001,-1.9598755836486816,2.047971725463867,-1.9843800067901611,3.5241079330444336,-2.276869535446167,1.7235578298568726,-1.309393286705017,-0.22219188511371613,0.042969901114702225,0.14159177243709564,0.5465624332427979,1.7897251844406128,1.39668607711792,0.23700468242168427,-0.045834559947252274,-0.1510312259197235,-0.5829998850822449,-1.9090402126312256
6.9,-2.0882720947265625,2.02618408203125,-1.9801664352416992,3.537992238998413,-2.2232747077941895,1.8990546464920044,-1.1517812013626099,-0.19544659554958344,0.037797603756189346,0.12454833835363388,0.48077258467674255,1.5742956399917603,1.6294667720794678,0.2765054404735565,-0.05347364395856857,-0.17620307207107544,-0.680166482925415,-2.227213144302368
7.0,-2.1989879608154297,2.0073964595794678,-1.9765331745147705,3.549964427947998,-2.177060127258301,2.050384998321533,-0.9699210524559021,-0.16458660364151,0.03182956203818321,0.10488281399011612,0.40486112236976624,1.325722575187683,1.8622478246688843,0.31600621342658997,-0.061112742871046066,-0.20137494802474976,-0.77733314037323,-2.545386791229248
7.1000000000000005,-2.289497137069702,1.9920380115509033,-1.9735629558563232,3.5597517490386963,-2.139280080795288,2.17409610748291,-0.7638127207756042,-0.12961193919181824,0.025065774098038673,0.08259520679712296,0.3188280761241913,1.04400634765625,2.09502911567688,0.3555070161819458,-0.06875184178352356,-0.22654683887958527,-0.8744998574256897,-2.863560199737549
7.2,-2.357273578643799,1.980536937713623,-1.9713387489318848,3.5670807361602783,-2.1109890937805176,2.266735553741455,-0.5334563851356506,-0.09052260220050812,0.017506252974271774,0.057685524225234985,0.22267353534698486,0.7291471362113953,2.327810049057007,0.39500775933265686,-0.07639092952013016,-0.2517186999320984,-0.9716665148735046,-3.1817336082458496
7.300000000000001,-2.399791955947876,1.9733219146728516,-1.9699434041976929,3.571678400039673,-2.0932412147521973,2.3248510360717773,-0.2788524031639099,-0.04731866344809532,0.009151002392172813,0.03015381656587124,0.11639761179685593,0.3811453580856323,2.560590982437134,0.4345085918903351,-0.08403002470731735,-0.2768905758857727,-1.0688331127166748,-3.4999072551727295
7.4,-2.4145259857177734,1.970821738243103,-1.969459891319275,3.5732717514038086,-2.0870909690856934,2.3449902534484863,-0.0,-0.0,0.0,0.0,0.0,0.0,2.79337215423584,0.47400936484336853,-0.09166911989450455,-0.302062451839447,-1.1659997701644897,-3.818080425262451
7.5,-2.4145259857177734,1.970821738243103,-1.969459891319275,3.5732717514038086,-2.0870909690856934,2.3449902534484863,0.0,-0.0,0.0,-0.0,0.0,-0.0,2.3179450035095215,-1.891988754272461,1.8906813859939575,-3.4303407669067383,2.0036072731018066,-2.251190662384033
7.6000000000000005,-2.402299642562866,1.9608421325683594,-1.9594871997833252,3.555177927017212,-2.0765225887298584,2.333116054534912,0.23139207065105438,-0.1888704150915146,0.18873991072177887,-0.34243854880332947,0.20001287758350372,-0.22472822666168213,2.1247828006744385,-1.7343230247497559,1.7331246137619019,-3.1444790363311768,1.8366400003433228,-2.063591480255127
7.7,-2.367017984390259,1.9320440292358398,-1.930708885192871,3.5029642581939697,-2.046025514602661,2.2988502979278564,0.4426631033420563,-0.36131733655929565,0.36106765270233154,-0.6550998091697693,0.38263335824012756,-0.4299149215221405,1.931620717048645,-1.5766574144363403,1.5755678415298462,-2.8586175441741943,1.6696728467941284,-1.8759920597076416
7.800000000000001,-2.310776710510254,1.8861379623413086,-1.88483464717865,3.4197328090667725,-1.9974112510681152,2.2442288398742676,0.6338130831718445,-0.5173407196998596,0.5169832110404968,-0.9379838109016418,0.5478613972663879,-0.615559995174408,1.7384586334228516,-1.4189916849136353,1.41801118850708,-2.5727555751800537,1.502705454826355,-1.6883928775787354
7.9,-2.2356722354888916,1.824834942817688,-1.8235739469528198,3.3085849285125732,-1.932491660118103,2.1712872982025146,0.8048419952392578,-0.6569405794143677,0.6564866304397583,-1.1910905838012695,0.695697009563446,-0.7816634178161621,1.5452964305877686,-1.2613258361816406,1.2604541778564453,-2.286893606185913,1.3357380628585815,-1.5007935762405396
8.0,-2.1438000202178955,1.7498456239700317,-1.7486364841461182,3.1726226806640625,-1.8530782461166382,2.0820608139038086,0.9557498097419739,-0.7801169157028198,0.7795778512954712,-1.4144200086593628,0.8261401057243347,-0.9282252192497253,1.3521344661712646,-1.103660225868225,1.1028975248336792,-2.0010321140289307,1.1687709093093872,-1.3131945133209229
8.1,-2.0372562408447266,1.6628808975219727,-1.6617317199707031,3.0149478912353516,-1.7609829902648926,1.9785854816436768,1.0865367650985718,-0.8868698477745056,0.886256992816925,-1.6079723834991455,0.9391909837722778,-1.0552456378936768,1.1589725017547607,-0.9459943771362305,0.9453406929969788,-1.7151703834533691,1.0018036365509033,-1.1255953311920166
8.200000000000001,-1.9181368350982666,1.5656514167785645,-1.5645694732666016,2.838662624359131,-1.6580173969268799,1.8628966808319092,1.1972025632858276,-0.9771991968154907,0.9765238761901855,-1.7717472314834595,1.0348492860794067,-1.1627243757247925,0.9658102989196777,-0.7883285880088806,0.7877838611602783,-1.429308533668518,0.8348362445831299,-0.937995970249176
8.3,-1.7885377407073975,1.4598679542541504,-1.4588592052459717,2.6468677520751953,-1.5459933280944824,1.737029790878296,1.2877471446990967,-1.0511049032211304,1.0503785610198975,-1.9057447910308838,1.1131151914596558,-1.2506613731384277,0.7726482152938843,-0.6306629180908203,0.6302270889282227,-1.1434468030929565,0.6678690314292908,-0.7503967881202698
8.4,-1.650554895401001,1.3472414016723633,-1.3463104963302612,2.4426662921905518,-1.4267222881317139,1.6030206680297852,1.3581708669662476,-1.1085872650146484,1.1078212261199951,-2.009965419769287,1.173988699913025,-1.3190569877624512,0.5794862508773804,-0.47299718856811523,0.4726703464984894,-0.8575851917266846,0.5009018182754517,-0.5627976655960083
8.5,-1.5062841176986694,1.2294824123382568,-1.228632926940918,2.229158878326416,-1.302016258239746,1.462904691696167,1.4084733724594116,-1.1496460437774658,1.1488516330718994,-2.0844085216522217,1.2174696922302246,-1.3679108619689941,0.38632407784461975,-0.3153313994407654,0.31511348485946655,-0.5717233419418335,0.333934485912323,-0.3751983642578125
8.6,-1.3578215837478638,1.108302116394043,-1.1075363159179688,2.009448528289795,-1.1736867427825928,1.3187178373336792,1.4386550188064575,-1.1742812395095825,1.1734699010849,-2.1290743350982666,1.2435582876205444,-1.3972233533859253,0.19316203892230988,-0.1576656997203827,0.15755674242973328,-0.28586167097091675,0.1669672429561615,-0.18759918212890625
8.700000000000001,-1.2072629928588867,0.9854108691215515,-0.9847299456596375,1.7866358757019043,-1.0435454845428467,1.1724951267242432,1.4487155675888062,-1.1824930906295776,1.181675910949707,-2.143963098526001,1.252254605293274,-1.4069942235946655,0.0,-0.0,0.0,-0.0,0.0,-0.0
8.8,-1.0567045211791992,0.8625197410583496,-0.8619236946105957,1.5638234615325928,-0.9134043455123901,1.0262726545333862,1.438655138015747,-1.174281358718872,1.1734699010849,-2.1290745735168457,1.243558406829834,-1.3972233533859253,-0.19316188991069794,0.15766558051109314,-0.15755663812160492,0.28586146235466003,-0.16696712374687195,0.1875990480184555
8.9,-0.908241868019104,0.7413392066955566,-0.7408269643783569,1.3441126346588135,-0.7850747108459473,0.8820854425430298,1.4084734916687012,-1.1496461629867554,1.148851752281189,-2.0844085216522217,1.2174698114395142,-1.3679111003875732,-0.38632407784461975,0.3153313994407654,-0.31511348485946655,0.5717233419418335,-0.333934485912323,0.3751983642578125
9.0,-0.7639710903167725,0.6235803365707397,-0.6231493949890137,1.1306054592132568,-0.6603686809539795,0.7419695854187012,1.3581708669662476,-1.1085872650146484,1.1078212261199951,-2.009965419769287,1.173988699913025,-1.3190569877624512,-0.5794862508773804,0.47299718856811523,-0.4726703464984894,0.8575851917266846,-0.5009018182754517,0.5627976655960083
9.1,-0.6259883642196655,0.5109539031982422,-0.5106009244918823,0.9264039993286133,-0.54109787940979,0.60796058177948,1.2877472639083862,-1.0511049032211304,1.050378680229187,-1.9057449102401733,1.1131151914596558,-1.2506614923477173,-0.7726481556892395,0.6306627988815308,-0.6302269697189331,1.143446683883667,-0.667868971824646,0.750396728515625
9.200000000000001,-0.4963890314102173,0.4051703214645386,-0.40489041805267334,0.7346091270446777,-0.4290734529495239,0.48209357261657715,1.1972025632858276,-0.9771991968154907,0.9765238761901855,-1.7717472314834595,1.0348492860794067,-1.1627243757247925,-0.9658102989196777,0.7883285880088806,-0.7877838611602783,1.429308533668518,-0.8348362445831299,0.937995970249176
9.3,-0.3772697448730469,0.30794084072113037,-0.3077280521392822,0.5583236217498779,-0.3261079788208008,0.36640477180480957,1.0865367650985718,-0.8868698477745056,0.886256992816925,-1.6079723834991455,0.9391909837722778,-1.0552456378936768,-1.1589725017547607,0.9459943771362305,-0.9453406929969788,1.7151703834533691,-1.0018036365509033,1.1255953311920166
9.4,-0.27072620391845703,0.22097623348236084,-0.2208235263824463,0.4006490707397461,-0.23401284217834473,0.26292943954467773,0.9557499885559082,-0.7801170945167542,0.7795780301094055,-1.4144203662872314,0.8261403441429138,-0.9282254576683044,-1.352134346961975,1.103659987449646,-1.1028974056243896,2.0010318756103516,-1.168770670890808,1.3131943941116333
9.5,-0.17885375022888184,0.14598679542541504,-0.14588594436645508,0.26468682289123535,-0.15459930896759033,0.17370295524597168,0.8048421144485474,-0.6569406390190125,0.6564866900444031,-1.191090703010559,0.6956970691680908,-0.7816635370254517,-1.5452964305877686,1.2613258361816406,-1.2604541778564453,2.286893606185913,-1.3357380628585815,1.5007935762405396
9.600000000000001,-0.10374927520751953,0.08468377590179443,-0.084625244140625,0.15353894233703613,-0.08967971801757812,0.10076141357421875,0.6338130831718445,-0.5173407196998596,0.5169832110404968,-0.9379838109016418,0.5478613972663879,-0.615559995174408,-1.7384586334228516,1.4189916849136353,-1.41801118850708,2.5727555751800537,-1.502705454826355,1.6883928775787354
9.700000000000001,-0.04750823974609375,0.038777828216552734,-0.03875100612640381,0.07030749320983887,-0.04106545448303223,0.04613995552062988,0.4426630139350891,-0.3613172471523285,0.3610675632953644,-0.6550996899604797,0.3826332688331604,-0.42991477251052856,-1.931620717048645,1.5766574144363403,-1.5755678415298462,2.8586175441741943,-1.6696728467941284,1.8759920597076416
9.8,-0.012226343154907227,0.009979605674743652,-0.009972691535949707,0.01809382438659668,-0.010568380355834961,0.011874198913574219,0.23139218986034393,-0.18887050449848175,0.18874000012874603,-0.3424386978149414,0.2000129669904709,-0.22472834587097168,-2.1247828006744385,1.7343230247497559,-1.7331246137619019,3.1444790363311768,-1.8366400003433228,2.063591480255127
9.9,0.0,0.0,0.0,0.0,0.0,0.0,0.0,-0.0,0.0,-0.0,0.0,-0.0,-2.3179450035095215,1.891988754272461,-1.8906813859939575,3.4303407669067383,-2.0036072731018066,2.251190662384033
