noise_scale,idx,physics_loss,max_joint,total_loss,wp_l2,wp_linf
0.0,0,0.0215770173817873,1.942298412322998,0.21580685675144196,0.0,0.0
0.0,1,0.0215770173817873,1.942298412322998,0.21580685675144196,0.0,0.0
0.0,2,0.0215770173817873,1.942298412322998,0.21580685675144196,0.0,0.0
0.0,3,0.0215770173817873,1.942298412322998,0.21580685675144196,0.0,0.0
0.0,4,0.0215770173817873,1.942298412322998,0.21580685675144196,0.0,0.0
0.0,5,0.0215770173817873,1.942298412322998,0.21580685675144196,0.0,0.0
0.0,6,0.0215770173817873,1.942298412322998,0.21580685675144196,0.0,0.0
0.0,7,0.0215770173817873,1.942298412322998,0.21580685675144196,0.0,0.0
0.0,8,0.14934341609477997,3.2323336601257324,0.4725767970085144,0.0,0.0
0.0,9,0.14934341609477997,3.2323336601257324,0.4725767970085144,0.0,0.0
0.0,10,0.14934341609477997,3.2323336601257324,0.4725767970085144,0.0,0.0
0.0,11,0.14934341609477997,3.2323336601257324,0.4725767970085144,0.0,0.0
0.0,12,0.14934341609477997,3.2323336601257324,0.4725767970085144,0.0,0.0
0.0,13,0.14934341609477997,3.2323336601257324,0.4725767970085144,0.0,0.0
0.0,14,0.14934341609477997,3.2323336601257324,0.4725767970085144,0.0,0.0
0.0,15,0.14934341609477997,3.2323336601257324,0.4725767970085144,0.0,0.0
0.0,16,-0.7039638757705688,3.116638660430908,-0.392300009727478,0.0,0.0
0.0,17,-0.7039638757705688,3.116638660430908,-0.392300009727478,0.0,0.0
0.0,18,-0.7039638757705688,3.116638660430908,-0.392300009727478,0.0,0.0
0.0,19,-0.7039638757705688,3.116638660430908,-0.392300009727478,0.0,0.0
0.0,20,-0.7039638757705688,3.116638660430908,-0.392300009727478,0.0,0.0
0.0,21,-0.7039638757705688,3.116638660430908,-0.392300009727478,0.0,0.0
0.0,22,-0.7039638757705688,3.116638660430908,-0.392300009727478,0.0,0.0
0.0,23,-0.7039638757705688,3.116638660430908,-0.392300009727478,0.0,0.0
0.0,24,0.32139626145362854,2.6138603687286377,0.5827822685241699,0.0,0.0
0.0,25,0.32139626145362854,2.6138603687286377,0.5827822685241699,0.0,0.0
0.0,26,0.32139626145362854,2.6138603687286377,0.5827822685241699,0.0,0.0
0.0,27,0.32139626145362854,2.6138603687286377,0.5827822685241699,0.0,0.0
0.0,28,0.32139626145362854,2.6138603687286377,0.5827822685241699,0.0,0.0
0.0,29,0.32139626145362854,2.6138603687286377,0.5827822685241699,0.0,0.0
0.0,30,0.32139694690704346,2.6138603687286377,0.5827829837799072,7.725644763922901e-07,4.76837158203125e-07
0.0,31,0.32139694690704346,2.6138603687286377,0.5827829837799072,7.725644763922901e-07,4.76837158203125e-07
0.0,32,-0.6249056458473206,2.2082231044769287,-0.4040833115577698,0.0,0.0
0.0,33,-0.6249056458473206,2.2082231044769287,-0.4040833115577698,0.0,0.0
0.0,34,-0.6249056458473206,2.2082231044769287,-0.4040833115577698,0.0,0.0
0.0,35,-0.6249056458473206,2.2082231044769287,-0.4040833115577698,0.0,0.0
0.0,36,-0.6249056458473206,2.2082231044769287,-0.4040833115577698,0.0,0.0
0.0,37,-0.6249056458473206,2.2082231044769287,-0.4040833115577698,0.0,0.0
0.0,38,-0.6249056458473206,2.2082231044769287,-0.4040833115577698,0.0,0.0
0.0,39,-0.6249056458473206,2.2082231044769287,-0.4040833115577698,0.0,0.0
0.0,40,0.32398703694343567,1.983441948890686,0.5223312377929688,0.0,0.0
0.0,41,0.32398703694343567,1.983441948890686,0.5223312377929688,0.0,0.0
0.0,42,0.32398703694343567,1.983441948890686,0.5223312377929688,0.0,0.0
0.0,43,0.32398703694343567,1.983441948890686,0.5223312377929688,0.0,0.0
0.0,44,0.32398703694343567,1.983441948890686,0.5223312377929688,0.0,0.0
0.0,45,0.32398703694343567,1.983441948890686,0.5223312377929688,0.0,0.0
0.0,46,0.32398703694343567,1.983441948890686,0.5223312377929688,0.0,0.0
0.0,47,0.32398703694343567,1.983441948890686,0.5223312377929688,0.0,0.0
0.0,48,0.6825370192527771,2.6041600704193115,0.9429529905319214,0.0,0.0
0.0,49,0.6825370192527771,2.6041600704193115,0.9429529905319214,0.0,0.0
0.0,50,0.6825370192527771,2.6041600704193115,0.9429529905319214,0.0,0.0
0.0,51,0.6825370192527771,2.6041600704193115,0.9429529905319214,0.0,0.0
0.0,52,0.6825370192527771,2.6041600704193115,0.9429529905319214,0.0,0.0
0.0,53,0.6825370192527771,2.6041600704193115,0.9429529905319214,0.0,0.0
0.0,54,0.6825370192527771,2.6041600704193115,0.9429529905319214,0.0,0.0
0.0,55,0.6825370192527771,2.6041600704193115,0.9429529905319214,0.0,0.0
0.0,56,0.18167129158973694,1.882340908050537,0.36990538239479065,0.0,0.0
0.0,57,0.18167129158973694,1.882340908050537,0.36990538239479065,0.0,0.0
0.0,58,0.18167129158973694,1.882340908050537,0.36990538239479065,0.0,0.0
0.0,59,0.18167129158973694,1.882340908050537,0.36990538239479065,0.0,0.0
0.0,60,0.18167129158973694,1.882340908050537,0.36990538239479065,0.0,0.0
0.0,61,0.18167129158973694,1.882340908050537,0.36990538239479065,0.0,0.0
0.0,62,0.18167150020599365,1.8823411464691162,0.36990562081336975,9.020127436087932e-07,4.172325134277344e-07
0.0,63,0.18167150020599365,1.8823411464691162,0.36990562081336975,9.020127436087932e-07,4.172325134277344e-07
0.0,64,-2.4043424129486084,2.220458745956421,-2.1822965145111084,0.0,0.0
0.0,65,-2.4043424129486084,2.220458745956421,-2.1822965145111084,0.0,0.0
0.0,66,-2.4043424129486084,2.220458745956421,-2.1822965145111084,0.0,0.0
0.0,67,-2.4043424129486084,2.220458745956421,-2.1822965145111084,0.0,0.0
0.0,68,-2.4043424129486084,2.220458745956421,-2.1822965145111084,0.0,0.0
0.0,69,-2.4043424129486084,2.220458745956421,-2.1822965145111084,0.0,0.0
0.0,70,-2.4043424129486084,2.220458745956421,-2.1822965145111084,0.0,0.0
0.0,71,-2.4043424129486084,2.220458745956421,-2.1822965145111084,0.0,0.0
0.0,72,1.0803215503692627,3.699202299118042,1.4502418041229248,0.0,0.0
0.0,73,1.0803215503692627,3.699202299118042,1.4502418041229248,0.0,0.0
0.0,74,1.0803215503692627,3.699202299118042,1.4502418041229248,0.0,0.0
0.0,75,1.0803215503692627,3.699202299118042,1.4502418041229248,0.0,0.0
0.0,76,1.0803215503692627,3.699202299118042,1.4502418041229248,0.0,0.0
0.0,77,1.0803215503692627,3.699202299118042,1.4502418041229248,0.0,0.0
0.0,78,1.0803215503692627,3.699202299118042,1.4502418041229248,0.0,0.0
0.0,79,1.0803215503692627,3.699202299118042,1.4502418041229248,0.0,0.0
0.0,80,-0.13698528707027435,2.0958104133605957,0.0725957602262497,0.0,0.0
0.0,81,-0.13698528707027435,2.0958104133605957,0.0725957602262497,0.0,0.0
0.0,82,-0.13698528707027435,2.0958104133605957,0.0725957602262497,0.0,0.0
0.0,83,-0.13698528707027435,2.0958104133605957,0.0725957602262497,0.0,0.0
0.0,84,-0.13698528707027435,2.0958104133605957,0.0725957602262497,0.0,0.0
0.0,85,-0.13698528707027435,2.0958104133605957,0.0725957602262497,0.0,0.0
0.0,86,-0.13698528707027435,2.0958104133605957,0.0725957602262497,0.0,0.0
0.0,87,-0.13698528707027435,2.0958104133605957,0.0725957602262497,0.0,0.0
0.0,88,0.7381394505500793,1.9574717283248901,0.9338866472244263,0.0,0.0
0.0,89,0.7381394505500793,1.9574717283248901,0.9338866472244263,0.0,0.0
0.0,90,0.7381394505500793,1.9574717283248901,0.9338866472244263,0.0,0.0
0.0,91,0.7381394505500793,1.9574717283248901,0.9338866472244263,0.0,0.0
0.0,92,0.7381394505500793,1.9574717283248901,0.9338866472244263,0.0,0.0
0.0,93,0.7381394505500793,1.9574717283248901,0.9338866472244263,0.0,0.0
0.0,94,0.7381392121315002,1.9574711322784424,0.9338863492012024,1.0862223689400707e-06,5.960464477539062e-07
0.0,95,0.7381392121315002,1.9574711322784424,0.9338863492012024,1.0862223689400707e-06,5.960464477539062e-07
0.0,96,0.55217444896698,2.07275128364563,0.7594496011734009,0.0,0.0
0.0,97,0.55217444896698,2.07275128364563,0.7594496011734009,0.0,0.0
0.0,98,0.55217444896698,2.07275128364563,0.7594496011734009,0.0,0.0
0.0,99,0.55217444896698,2.07275128364563,0.7594496011734009,0.0,0.0
0.0,100,0.55217444896698,2.07275128364563,0.7594496011734009,0.0,0.0
0.0,101,0.55217444896698,2.07275128364563,0.7594496011734009,0.0,0.0
0.0,102,0.55217444896698,2.07275128364563,0.7594496011734009,0.0,0.0
0.0,103,0.55217444896698,2.07275128364563,0.7594496011734009,0.0,0.0
0.0,104,-0.4216582477092743,2.3225290775299072,-0.18940533697605133,0.0,0.0
0.0,105,-0.4216582477092743,2.3225290775299072,-0.18940533697605133,0.0,0.0
0.0,106,-0.4216582477092743,2.3225290775299072,-0.18940533697605133,0.0,0.0
0.0,107,-0.4216582477092743,2.3225290775299072,-0.18940533697605133,0.0,0.0
0.0,108,-0.4216582477092743,2.3225290775299072,-0.18940533697605133,0.0,0.0
0.0,109,-0.4216582477092743,2.3225290775299072,-0.18940533697605133,0.0,0.0
0.0,110,-0.4216582477092743,2.3225290775299072,-0.18940533697605133,0.0,0.0
0.0,111,-0.4216582477092743,2.3225290775299072,-0.18940533697605133,0.0,0.0
0.0,112,-0.4864722490310669,1.6735330820083618,-0.3191189169883728,0.0,0.0
0.0,113,-0.4864722490310669,1.6735330820083618,-0.3191189169883728,0.0,0.0
0.0,114,-0.4864722490310669,1.6735330820083618,-0.3191189169883728,0.0,0.0
0.0,115,-0.4864722490310669,1.6735330820083618,-0.3191189169883728,0.0,0.0
0.0,116,-0.4864722490310669,1.6735330820083618,-0.3191189169883728,0.0,0.0
0.0,117,-0.4864722490310669,1.6735330820083618,-0.3191189169883728,0.0,0.0
0.0,118,-0.4864722490310669,1.6735330820083618,-0.3191189169883728,0.0,0.0
0.0,119,-0.4864722490310669,1.6735330820083618,-0.3191189169883728,0.0,0.0
0.0,120,0.06929753720760345,1.9047224521636963,0.2597697973251343,0.0,0.0
0.0,121,0.06929753720760345,1.9047224521636963,0.2597697973251343,0.0,0.0
0.0,122,0.06929753720760345,1.9047224521636963,0.2597697973251343,0.0,0.0
0.0,123,0.06929753720760345,1.9047224521636963,0.2597697973251343,0.0,0.0
0.0,124,0.06929753720760345,1.9047224521636963,0.2597697973251343,0.0,0.0
0.0,125,0.06929753720760345,1.9047224521636963,0.2597697973251343,0.0,0.0
0.0,126,0.06929731369018555,1.9047224521636963,0.2597695589065552,6.365451667988964e-07,3.7997961044311523e-07
0.0,127,0.06929731369018555,1.9047224521636963,0.2597695589065552,6.365451667988964e-07,3.7997961044311523e-07
0.05,0,0.06892385333776474,1.9705787897109985,0.2659817337989807,0.252682626247406,0.13976168632507324
0.05,1,0.09045147895812988,1.9875761270523071,0.2892090976238251,0.2029704451560974,0.08412081748247147
0.05,2,0.09109421074390411,2.0078089237213135,0.29187512397766113,0.16151192784309387,0.10719501972198486
0.05,3,0.08518747240304947,1.9917532205581665,0.28436279296875,0.20998169481754303,0.11203372478485107
0.05,4,0.03902820497751236,1.9517170190811157,0.2341999113559723,0.11588491499423981,0.06255495548248291
0.05,5,-0.01348511129617691,1.9144582748413086,0.17796072363853455,0.2041114866733551,0.09665234386920929
0.05,6,-0.005494402255862951,1.9189149141311646,0.18639709055423737,0.19460652768611908,0.10833740234375
0.05,7,-0.020924285054206848,1.8835316896438599,0.1674288809299469,0.24671244621276855,0.1457310914993286
0.05,8,0.14029645919799805,3.171919345855713,0.45748838782310486,0.2158856838941574,0.13274621963500977
0.05,9,0.12633977830410004,3.3073816299438477,0.45707792043685913,0.30732131004333496,0.13148391246795654
0.05,10,0.11943851411342621,3.265139102935791,0.4459524154663086,0.12890900671482086,0.0521697998046875
0.05,11,0.14992879331111908,3.2055439949035645,0.4704831838607788,0.15033484995365143,0.07083725929260254
0.05,12,0.11614137142896652,3.259228229522705,0.44206419587135315,0.21318523585796356,0.10364508628845215
0.05,13,0.1786603480577469,3.2461564540863037,0.503275990486145,0.2180435061454773,0.11630392074584961
0.05,14,0.1485769897699356,3.2476048469543457,0.47333747148513794,0.0968899130821228,0.05800223350524902
0.05,15,0.1215689405798912,3.273677110671997,0.44893667101860046,0.14095735549926758,0.06317257881164551
0.05,16,-0.8237493634223938,3.0442440509796143,-0.5193249583244324,0.1310020387172699,0.07239460945129395
0.05,17,-0.7173110842704773,3.0650851726531982,-0.41080257296562195,0.14322683215141296,0.059258103370666504
0.05,18,-0.8377764225006104,2.9772520065307617,-0.5400512218475342,0.2863633930683136,0.15735256671905518
0.05,19,-0.6225830316543579,3.212878465652466,-0.3012951910495758,0.26380079984664917,0.10918605327606201
0.05,20,-0.9206295609474182,3.0128376483917236,-0.6193457841873169,0.27316170930862427,0.1847015619277954
0.05,21,-0.7039532661437988,3.1753416061401367,-0.3864190876483917,0.17483516037464142,0.10982722043991089
0.05,22,-0.9073529243469238,3.0432186126708984,-0.6030310392379761,0.22765213251113892,0.12947756052017212
0.05,23,-0.7905480861663818,3.1220502853393555,-0.47834303975105286,0.12795665860176086,0.0632663369178772
0.05,24,0.28681010007858276,2.611135244369507,0.5479236245155334,0.3071271479129791,0.18777716159820557
0.05,25,0.3139673173427582,2.621708631515503,0.5761381983757019,0.23479385673999786,0.1206509917974472
0.05,26,0.3035174310207367,2.6209073066711426,0.5656081438064575,0.2015305608510971,0.09452515840530396
0.05,27,0.2930032014846802,2.5912585258483887,0.5521290302276611,0.31820937991142273,0.18426740169525146
0.05,28,0.306905597448349,2.635692596435547,0.5704748630523682,0.09669312834739685,0.04258310794830322
0.05,29,0.2722679078578949,2.611327886581421,0.5334007143974304,0.22874601185321808,0.10396111011505127
0.05,30,0.3130594491958618,2.605761766433716,0.5736356377601624,0.14788353443145752,0.07304421067237854
0.05,31,0.326230525970459,2.633065938949585,0.5895371437072754,0.14030127227306366,0.0762397050857544
0.05,32,-0.6275323629379272,2.236159563064575,-0.4039164185523987,0.09034889936447144,0.050008099526166916
0.05,33,-0.6341970562934875,2.2244040966033936,-0.41175663471221924,0.17700569331645966,0.0877697765827179
0.05,34,-0.6244341135025024,2.1753764152526855,-0.4068964719772339,0.41626501083374023,0.19849535822868347
0.05,35,-0.6126735210418701,2.0964653491973877,-0.4030269980430603,0.21653017401695251,0.11175775527954102
0.05,36,-0.6191850900650024,2.3063182830810547,-0.388553261756897,0.1962542086839676,0.09809517860412598
0.05,37,-0.6281760931015015,2.131091356277466,-0.4150669574737549,0.26271992921829224,0.12709155678749084
0.05,38,-0.6316729187965393,2.173696994781494,-0.4143032133579254,0.18518555164337158,0.10641637444496155
0.05,39,-0.6201602220535278,2.2033588886260986,-0.399824321269989,0.11797422170639038,0.06342610716819763
0.05,40,0.29887333512306213,2.095717668533325,0.5084450840950012,0.3232286274433136,0.17469549179077148
0.05,41,0.3196316957473755,2.0049524307250977,0.5201269388198853,0.13708974421024323,0.07067078351974487
0.05,42,0.34307974576950073,2.0158135890960693,0.5446611046791077,0.1904960572719574,0.07242058217525482
0.05,43,0.32655808329582214,2.033606767654419,0.5299187898635864,0.24239450693130493,0.13334041833877563
0.05,44,0.31619617342948914,2.0132739543914795,0.5175235867500305,0.23220187425613403,0.11692583560943604
0.05,45,0.3341383635997772,2.013394355773926,0.5354778170585632,0.22970767319202423,0.10140752792358398
0.05,46,0.33672815561294556,2.049804210662842,0.5417085886001587,0.16906490921974182,0.09705004096031189
0.05,47,0.3335517644882202,2.0392637252807617,0.5374781489372253,0.18504440784454346,0.10747361183166504
0.05,48,0.6523193717002869,2.561159372329712,0.9084353446960449,0.1513594686985016,0.050080180168151855
0.05,49,0.653925359249115,2.6555211544036865,0.9194774627685547,0.23331955075263977,0.1339571475982666
0.05,50,0.6601675748825073,2.5549156665802,0.9156591892242432,0.23908987641334534,0.1353771984577179
0.05,51,0.6584439873695374,2.5634801387786865,0.914792001247406,0.15619772672653198,0.07843852043151855
0.05,52,0.657448410987854,2.5659592151641846,0.9140443801879883,0.19913533329963684,0.10222631692886353
0.05,53,0.6930991411209106,2.612910032272339,0.9543901681900024,0.24737994372844696,0.11567744612693787
0.05,54,0.6780828237533569,2.613245725631714,0.9394074082374573,0.2382231205701828,0.12613004446029663
0.05,55,0.7226308584213257,2.5444459915161133,0.977075457572937,0.2700587809085846,0.18014098703861237
0.05,56,0.19123615324497223,1.8229598999023438,0.37353214621543884,0.13273750245571136,0.06474059820175171
0.05,57,0.15933698415756226,1.8569036722183228,0.345027357339859,0.21956224739551544,0.09003311395645142
0.05,58,0.171804279088974,1.9974565505981445,0.37154993414878845,0.2987004518508911,0.13381755352020264
0.05,59,0.15531450510025024,1.8481038808822632,0.3401249051094055,0.1611618846654892,0.09160392731428146
0.05,60,0.19132357835769653,1.8684332370758057,0.37816691398620605,0.1378442496061325,0.06882953643798828
0.05,61,0.18016964197158813,1.782772421836853,0.3584468960762024,0.1788499802350998,0.09956848621368408
0.05,62,0.185772106051445,1.938928246498108,0.37966492772102356,0.17741627991199493,0.12209555506706238
0.05,63,0.15894117951393127,1.8891584873199463,0.3478570282459259,0.1743757277727127,0.08500301837921143
0.05,64,-2.517632484436035,2.1932146549224854,-2.2983109951019287,0.24916133284568787,0.15546327829360962
0.05,65,-2.352501153945923,2.190883159637451,-2.1334128379821777,0.10204904526472092,0.038928866386413574
0.05,66,-2.3294315338134766,2.2922580242156982,-2.100205659866333,0.2198445200920105,0.11108630895614624
0.05,67,-2.2790565490722656,2.252133369445801,-2.0538432598114014,0.2186020463705063,0.12590807676315308
0.05,68,-2.338247776031494,2.231802225112915,-2.115067481994629,0.13464726507663727,0.07554221153259277
0.05,69,-2.4374186992645264,2.167928695678711,-2.220625877380371,0.11572647094726562,0.05253005027770996
0.05,70,-2.385427713394165,2.243452310562134,-2.1610825061798096,0.17865312099456787,0.07640182971954346
0.05,71,-2.330235004425049,2.154606819152832,-2.114774227142334,0.1407235562801361,0.06585192680358887
0.05,72,1.0201482772827148,3.652838706970215,1.3854321241378784,0.23385018110275269,0.12935864925384521
0.05,73,1.084494709968567,3.69248366355896,1.4537431001663208,0.15507133305072784,0.11293500661849976
0.05,74,1.1129462718963623,3.7743232250213623,1.4903786182403564,0.22816528379917145,0.10041722655296326
0.05,75,1.0993285179138184,3.7052712440490723,1.4698556661605835,0.2026219666004181,0.11550009250640869
0.05,76,1.0433253049850464,3.6355698108673096,1.4068822860717773,0.24255089461803436,0.11430975794792175
0.05,77,1.053314447402954,3.677798271179199,1.421094298362732,0.1278735250234604,0.06978440284729004
0.05,78,1.061991572380066,3.7198095321655273,1.4339725971221924,0.1965293139219284,0.15929394960403442
0.05,79,1.0536930561065674,3.652592420578003,1.4189523458480835,0.10027584433555603,0.053876426070928574
0.05,80,-0.096175916492939,2.1459004878997803,0.11841414123773575,0.11059139668941498,0.05009007453918457
0.05,81,-0.15457653999328613,2.0638656616210938,0.05181002616882324,0.1707611382007599,0.07565891742706299
0.05,82,-0.11335653066635132,2.2741289138793945,0.11405636370182037,0.35463425517082214,0.17831850051879883
0.05,83,-0.08756960183382034,2.1192784309387207,0.12435824424028397,0.3992217481136322,0.2653822898864746
0.05,84,-0.15725462138652802,2.0542962551116943,0.04817500710487366,0.17503926157951355,0.08254063129425049
0.05,85,-0.2040526568889618,2.091825008392334,0.0051298439502716064,0.15545348823070526,0.09220266342163086
0.05,86,-0.14753104746341705,2.106872797012329,0.06315623223781586,0.12454461306333542,0.0841752290725708
0.05,87,-0.1418684720993042,2.1063268184661865,0.06876420974731445,0.28701847791671753,0.15373623371124268
0.05,88,0.7467675805091858,1.9468973875045776,0.9414573311805725,0.11922822892665863,0.052931129932403564
0.05,89,0.742882251739502,1.9876656532287598,0.9416488409042358,0.13446557521820068,0.07250087708234787
0.05,90,0.7594909071922302,1.9322288036346436,0.9527137875556946,0.25837621092796326,0.11800116300582886
0.05,91,0.7644387483596802,1.9828819036483765,0.9627269506454468,0.1307545304298401,0.05763804912567139
0.05,92,0.7242644429206848,1.9372178316116333,0.9179862141609192,0.1595538854598999,0.06491881608963013
0.05,93,0.7120558023452759,1.9099550247192383,0.9030513167381287,0.18011149764060974,0.10192912817001343
0.05,94,0.7447865605354309,1.933093547821045,0.9380959272384644,0.179111048579216,0.08541300892829895
0.05,95,0.7263324856758118,1.9194308519363403,0.9182755947113037,0.2014036774635315,0.09362773597240448
0.05,96,0.5728366374969482,2.0658152103424072,0.7794181704521179,0.07337755709886551,0.03973075747489929
0.05,97,0.5544188022613525,2.114227056503296,0.7658414840698242,0.12100184708833694,0.045499175786972046
0.05,98,0.5570968389511108,2.0615363121032715,0.763250470161438,0.24755918979644775,0.13102835416793823
0.05,99,0.5068638920783997,2.0745341777801514,0.7143173217773438,0.21354767680168152,0.08993804454803467
0.05,100,0.550649881362915,2.038595676422119,0.754509449005127,0.15799172222614288,0.08047401905059814
0.05,101,0.5695441365242004,2.0735037326812744,0.7768945097923279,0.13704566657543182,0.08030927181243896
0.05,102,0.5245239734649658,2.133098602294922,0.7378338575363159,0.12608572840690613,0.06871508061885834
0.05,103,0.5528433322906494,2.04746675491333,0.7575899958610535,0.12948349118232727,0.07158604264259338
0.05,104,-0.4112962782382965,2.2635481357574463,-0.18494145572185516,0.17238149046897888,0.08991456031799316
0.05,105,-0.4717094898223877,2.366105556488037,-0.2350989282131195,0.21376796066761017,0.11275357007980347
0.05,106,-0.43062248826026917,2.2772879600524902,-0.2028936892747879,0.14269272983074188,0.059077173471450806
0.05,107,-0.4279331564903259,2.2721786499023438,-0.20071528851985931,0.17372415959835052,0.07788646221160889
0.05,108,-0.4365197718143463,2.2936699390411377,-0.20715276896953583,0.20641161501407623,0.09064006805419922
0.05,109,-0.40732890367507935,2.443617105484009,-0.16296719014644623,0.20413218438625336,0.12108802795410156
0.05,110,-0.3784204125404358,2.2917304039001465,-0.14924736320972443,0.24123437702655792,0.15898668766021729
0.05,111,-0.4244338870048523,2.3345885276794434,-0.19097502529621124,0.16306394338607788,0.0929868221282959
0.05,112,-0.4896433353424072,1.6833897829055786,-0.3213043510913849,0.16733211278915405,0.09633773565292358
0.05,113,-0.4783094525337219,1.6208915710449219,-0.3162202835083008,0.17597174644470215,0.12971729040145874
0.05,114,-0.49050813913345337,1.6843976974487305,-0.32206836342811584,0.173530712723732,0.07048547267913818
0.05,115,-0.4920613765716553,1.6381635665893555,-0.32824501395225525,0.23361682891845703,0.15790188312530518
0.05,116,-0.488940954208374,1.6695284843444824,-0.3219881057739258,0.20508576929569244,0.09742677211761475
0.05,117,-0.485238254070282,1.68307626247406,-0.3169306218624115,0.1274445801973343,0.06464080512523651
0.05,118,-0.48478907346725464,1.6259489059448242,-0.3221941590309143,0.1695692241191864,0.07078172266483307
0.05,119,-0.4728916883468628,1.6993759870529175,-0.3029540777206421,0.17412102222442627,0.10247889161109924
0.05,120,0.06273595988750458,1.8769068717956543,0.25042665004730225,0.11360304057598114,0.056281059980392456
0.05,121,0.07843565195798874,1.9797955751419067,0.2764151990413666,0.18631047010421753,0.09989309310913086
0.05,122,0.07593369483947754,1.9139963388442993,0.26733332872390747,0.1567300409078598,0.06565201282501221
0.05,123,0.08257078379392624,1.952447533607483,0.2778155505657196,0.13404227793216705,0.06997626274824142
0.05,124,0.06508246809244156,1.9239550828933716,0.2574779689311981,0.12618839740753174,0.05606198310852051
0.05,125,0.06796135753393173,1.9231598377227783,0.26027733087539673,0.13581441342830658,0.07644163817167282
0.05,126,0.05963073670864105,1.953297734260559,0.2549605071544647,0.20995226502418518,0.09825946390628815
0.05,127,0.07123203575611115,1.8174062967300415,0.25297266244888306,0.17456702888011932,0.08819496631622314
0.1,0,0.1043541207909584,2.1481404304504395,0.31916818022727966,0.6008012890815735,0.2586124539375305
0.1,1,0.043186482042074203,1.935623049736023,0.2367487996816635,0.2545648217201233,0.13362765312194824
0.1,2,0.030248908326029778,2.053149700164795,0.23556388914585114,0.3015482723712921,0.12259817123413086
0.1,3,-0.0123272854834795,1.8684680461883545,0.17451952397823334,0.25575020909309387,0.1448928713798523
0.1,4,0.09418726712465286,1.92453932762146,0.2866412103176117,0.32286086678504944,0.13970911502838135
0.1,5,0.01115420088171959,1.9165654182434082,0.20281074941158295,0.4019714891910553,0.21762561798095703
0.1,6,0.11281286925077438,1.9302458763122559,0.3058374524116516,0.3758195638656616,0.14207850396633148
0.1,7,0.17927603423595428,2.0881385803222656,0.3880898952484131,0.35673055052757263,0.1607424020767212
0.1,8,0.204701766371727,3.2697103023529053,0.5316727757453918,0.31583812832832336,0.16001343727111816
0.1,9,0.12891621887683868,3.264007568359375,0.455316960811615,0.41730961203575134,0.1675381064414978
0.1,10,0.08653343468904495,3.265418291091919,0.4130752682685852,0.4037080705165863,0.18337535858154297
0.1,11,0.06637163460254669,3.2702252864837646,0.3933941721916199,0.2645408511161804,0.13301515579223633
0.1,12,0.1755598932504654,3.2108490467071533,0.4966447949409485,0.2405640333890915,0.13319182395935059
0.1,13,0.09415070712566376,3.273991107940674,0.42154979705810547,0.3171413242816925,0.154022216796875
0.1,14,0.244127556681633,3.2476675510406494,0.5688943266868591,0.4648650288581848,0.258510947227478
0.1,15,0.15699566900730133,3.24525785446167,0.48152148723602295,0.25948455929756165,0.10845676064491272
0.1,16,-0.5090943574905396,3.1344499588012695,-0.19564935564994812,0.3419935405254364,0.21504086256027222
0.1,17,-0.8947587609291077,3.0995113849639893,-0.5848076343536377,0.22580941021442413,0.1358727216720581
0.1,18,-0.45916926860809326,3.1692287921905518,-0.14224639534950256,0.3379279673099518,0.15593266487121582
0.1,19,-0.521033525466919,3.0867867469787598,-0.212354838848114,0.3166617751121521,0.18094128370285034
0.1,20,-1.0640538930892944,3.0089213848114014,-0.7631617784500122,0.3040561378002167,0.16361737251281738
0.1,21,-0.7165648937225342,3.1235339641571045,-0.40421149134635925,0.34368371963500977,0.17953765392303467
0.1,22,-1.060779333114624,3.073221206665039,-0.7534571886062622,0.4432711601257324,0.19991183280944824
0.1,23,-1.0762250423431396,3.1303508281707764,-0.7631899118423462,0.43069183826446533,0.23955702781677246
0.1,24,0.2938458323478699,2.6913766860961914,0.562983512878418,0.3053447902202606,0.13892382383346558
0.1,25,0.25845256447792053,2.653838634490967,0.5238364338874817,0.2667856812477112,0.1594911813735962
0.1,26,0.40238747000694275,2.5997307300567627,0.6623605489730835,0.6230311989784241,0.35819339752197266
0.1,27,0.277872771024704,2.6452243328094482,0.5423952341079712,0.47203102707862854,0.24886494874954224
0.1,28,0.3171147406101227,2.5930893421173096,0.5764236450195312,0.3357592523097992,0.2125476598739624
0.1,29,0.36830198764801025,2.6157915592193604,0.6298811435699463,0.3651886284351349,0.16544032096862793
0.1,30,0.30815601348876953,2.5578200817108154,0.5639380216598511,0.32226014137268066,0.21509408950805664
0.1,31,0.2925547957420349,2.600947618484497,0.5526495575904846,0.4077363610267639,0.2129509449005127
0.1,32,-0.6033667325973511,2.2664670944213867,-0.37672001123428345,0.3569590449333191,0.2048931121826172
0.1,33,-0.6289243698120117,2.2513413429260254,-0.4037902355194092,0.20741140842437744,0.08603096008300781
0.1,34,-0.6186639666557312,2.221463441848755,-0.39651763439178467,0.25345706939697266,0.14665931463241577
0.1,35,-0.6434589624404907,2.492784261703491,-0.3941805362701416,0.7213616967201233,0.2935783267021179
0.1,36,-0.6123018264770508,2.2214670181274414,-0.3901551365852356,0.3911595940589905,0.17716866731643677
0.1,37,-0.5840235948562622,1.9325275421142578,-0.3907708525657654,0.45347267389297485,0.2756955623626709
0.1,38,-0.6368429064750671,2.275834321975708,-0.40925946831703186,0.3569541871547699,0.20746445655822754
0.1,39,-0.6067510843276978,2.226287841796875,-0.3841223120689392,0.2518041431903839,0.14056551456451416
0.1,40,0.3618897795677185,1.9595272541046143,0.557842493057251,0.3584135174751282,0.1698981523513794
0.1,41,0.24170935153961182,2.0269625186920166,0.44440561532974243,0.29167214035987854,0.23567898571491241
0.1,42,0.31698521971702576,1.9890484809875488,0.5158900618553162,0.31416159868240356,0.1701139211654663
0.1,43,0.3005802631378174,2.1024889945983887,0.5108291506767273,0.29776057600975037,0.14184165000915527
0.1,44,0.425995796918869,1.9763884544372559,0.6236346364021301,0.36320969462394714,0.22009587287902832
0.1,45,0.28038081526756287,2.015798807144165,0.4819607138633728,0.29151397943496704,0.14819157123565674
0.1,46,0.3341430425643921,2.0843875408172607,0.5425817966461182,0.5740837454795837,0.29459524154663086
0.1,47,0.28101006150245667,1.9815648794174194,0.47916656732559204,0.34259191155433655,0.21721839904785156
0.1,48,0.7373619079589844,2.618680238723755,0.999229907989502,0.26759058237075806,0.1786516308784485
0.1,49,0.6565648913383484,2.591881513595581,0.9157530069351196,0.13224896788597107,0.05689507722854614
0.1,50,0.6280336380004883,2.611571788787842,0.8891907930374146,0.32240554690361023,0.19684410095214844
0.1,51,0.6788813471794128,2.662827730178833,0.9451640844345093,0.21382470428943634,0.12114065885543823
0.1,52,0.5669808387756348,2.5014898777008057,0.8171298503875732,0.43713927268981934,0.1991664171218872
0.1,53,0.6253795027732849,2.5888352394104004,0.8842630386352539,0.4867776930332184,0.28075340390205383
0.1,54,0.6146539449691772,2.520930290222168,0.8667470216751099,0.54068523645401,0.26665839552879333
0.1,55,0.7159186005592346,2.7119972705841064,0.9871183633804321,0.26699745655059814,0.12793421745300293
0.1,56,0.1287219226360321,2.1962594985961914,0.34834787249565125,0.7250019907951355,0.3236052989959717
0.1,57,0.17569150030612946,1.9503190517425537,0.3707234263420105,0.2600928544998169,0.118502676486969
0.1,58,0.1254575103521347,1.8711878061294556,0.3125762939453125,0.46390095353126526,0.2559055685997009
0.1,59,0.11907792091369629,1.743155598640442,0.29339349269866943,0.7217416167259216,0.3567144274711609
0.1,60,0.17074237763881683,1.712581992149353,0.3420005738735199,0.49380743503570557,0.2303514927625656
0.1,61,0.15189924836158752,1.9376801252365112,0.3456672430038452,0.4126914441585541,0.22657716274261475
0.1,62,0.13257592916488647,2.0825273990631104,0.34082865715026855,0.36483466625213623,0.20018649101257324
0.1,63,0.2256145179271698,1.855014443397522,0.41111594438552856,0.355435848236084,0.21804821491241455
0.1,64,-2.2295985221862793,2.3156838417053223,-1.998030185699463,0.35841110348701477,0.1698499321937561
0.1,65,-2.6666486263275146,2.081183671951294,-2.4585301876068115,0.39700010418891907,0.15820395946502686
0.1,66,-2.318967819213867,2.0461020469665527,-2.1143577098846436,0.48958683013916016,0.2640879154205322
0.1,67,-2.245126724243164,2.2212021350860596,-2.0230064392089844,0.3060958683490753,0.14937984943389893
0.1,68,-2.1925573348999023,2.355036973953247,-1.9570536613464355,0.28438907861709595,0.13457822799682617
0.1,69,-2.5685131549835205,2.246147632598877,-2.343898296356201,0.47932660579681396,0.22152423858642578
0.1,70,-2.3318934440612793,2.1570870876312256,-2.116184711456299,0.3110291361808777,0.19788873195648193
0.1,71,-2.343310594558716,2.2441554069519043,-2.1188950538635254,0.19959546625614166,0.09948182106018066
0.1,72,1.0759742259979248,3.7074875831604004,1.4467229843139648,0.3871568739414215,0.19038176536560059
0.1,73,1.071214199066162,3.6649765968322754,1.4377118349075317,0.20607081055641174,0.10148739814758301
0.1,74,1.0789332389831543,3.677889108657837,1.446722149848938,0.16130606830120087,0.08122308552265167
0.1,75,1.1252562999725342,3.8545339107513428,1.5107097625732422,0.3129635453224182,0.16060805320739746
0.1,76,1.15110182762146,3.7693474292755127,1.5280365943908691,0.4675866365432739,0.28514936566352844
0.1,77,1.1354153156280518,3.833996534347534,1.518815040588379,0.3246976435184479,0.19549202919006348
0.1,78,1.075299620628357,3.703162670135498,1.4456158876419067,0.23121768236160278,0.11090466380119324
0.1,79,1.101724624633789,3.6406357288360596,1.4657882452011108,0.35051554441452026,0.211897611618042
0.1,80,-0.03202511742711067,2.0488150119781494,0.1728563904762268,0.38856640458106995,0.16229739785194397
0.1,81,-0.18391680717468262,2.166853427886963,0.03276853263378143,0.2471519559621811,0.11199343204498291
0.1,82,-0.05798199772834778,1.9070786237716675,0.13272586464881897,0.6167128086090088,0.287784218788147
0.1,83,-0.07430770993232727,2.483356237411499,0.1740279197692871,0.9479827284812927,0.4581395387649536
0.1,84,-0.12437754124403,1.947667121887207,0.07038917392492294,0.4552866816520691,0.26560401916503906
0.1,85,-0.05875743180513382,2.041499137878418,0.14539247751235962,0.4050525426864624,0.19312429428100586
0.1,86,-0.2268253117799759,2.2435591220855713,-0.002469390630722046,0.3895554840564728,0.21576833724975586
0.1,87,-0.1944967359304428,2.253850221633911,0.030888289213180542,0.4896751642227173,0.2665160894393921
0.1,88,0.7405459880828857,1.8948787450790405,0.9300338625907898,0.3054981827735901,0.2276286482810974
0.1,89,0.6933126449584961,1.7980806827545166,0.8731207251548767,0.42850619554519653,0.19669973850250244
0.1,90,0.8058933615684509,2.0678765773773193,1.012681007385254,0.4270348846912384,0.22890406847000122
0.1,91,0.6809929609298706,2.0205047130584717,0.8830434083938599,0.3618294298648834,0.198245108127594
0.1,92,0.7793303728103638,1.908944010734558,0.9702247977256775,0.3395208418369293,0.19455164670944214
0.1,93,0.7062526345252991,1.8599486351013184,0.8922474980354309,0.46891966462135315,0.23317813873291016
0.1,94,0.6529091596603394,1.7974205017089844,0.8326511979103088,0.4963504672050476,0.2216128706932068
0.1,95,0.7611296772956848,1.9972425699234009,0.9608539342880249,0.3909255564212799,0.30055660009384155
0.1,96,0.5383837223052979,2.1420578956604004,0.7525895237922668,0.20425020158290863,0.09835721552371979
0.1,97,0.4092041552066803,2.204650402069092,0.629669189453125,0.3580361008644104,0.17197614908218384
0.1,98,0.5802561044692993,2.135745048522949,0.7938306331634521,0.5072968602180481,0.29721519351005554
0.1,99,0.6622107028961182,1.9127227067947388,0.8534829616546631,0.584083080291748,0.2356056571006775
0.1,100,0.535479724407196,2.14119291305542,0.749599039554596,0.22933918237686157,0.09986615180969238
0.1,101,0.5748633146286011,2.050605535507202,0.7799238562583923,0.40731802582740784,0.20246708393096924
0.1,102,0.5132492780685425,1.9765721559524536,0.7109065055847168,0.3245597779750824,0.14452609419822693
0.1,103,0.5820708274841309,2.02578067779541,0.7846488952636719,0.29843437671661377,0.12719443440437317
0.1,104,-0.4398813843727112,2.2423274517059326,-0.21564863622188568,0.24096684157848358,0.10588765144348145
0.1,105,-0.47029054164886475,2.325322151184082,-0.2377583235502243,0.4488113522529602,0.21914047002792358
0.1,106,-0.4210067689418793,2.2833383083343506,-0.1926729381084442,0.34508559107780457,0.15906184911727905
0.1,107,-0.4258676767349243,2.480536937713623,-0.17781397700309753,0.5437586307525635,0.28285518288612366
0.1,108,-0.38234302401542664,2.2880773544311523,-0.15353529155254364,0.4135206639766693,0.26461726427078247
0.1,109,-0.30087152123451233,2.4195451736450195,-0.05891700088977814,0.33851850032806396,0.17052750289440155
0.1,110,-0.5030368566513062,2.218174695968628,-0.28121936321258545,0.44385823607444763,0.2122424840927124
0.1,111,-0.4027089774608612,2.3885459899902344,-0.16385437548160553,0.5093914866447449,0.21982991695404053
0.1,112,-0.4920477271080017,1.6603981256484985,-0.3260079026222229,0.5726264119148254,0.30560970306396484
0.1,113,-0.49366235733032227,1.5980256795883179,-0.33385980129241943,0.18440337479114532,0.07985585927963257
0.1,114,-0.5035803318023682,1.4759079217910767,-0.3559895157814026,0.808168888092041,0.44044655561447144
0.1,115,-0.49986085295677185,1.7433832883834839,-0.3255225419998169,0.2837447226047516,0.1642313003540039
0.1,116,-0.486786425113678,1.6325695514678955,-0.3235294818878174,0.23636390268802643,0.10055512189865112
0.1,117,-0.49541258811950684,1.7522995471954346,-0.3201826214790344,0.2711266577243805,0.14153456687927246
0.1,118,-0.48181474208831787,1.6091073751449585,-0.320904016494751,0.29398873448371887,0.1667490005493164
0.1,119,-0.48051631450653076,1.7685799598693848,-0.30365830659866333,0.34501558542251587,0.13925302028656006
0.1,120,0.07799545675516129,1.7607321739196777,0.25406867265701294,0.3848728537559509,0.2174549549818039
0.1,121,0.07039187103509903,2.096581220626831,0.28005000948905945,0.34702616930007935,0.19185876846313477
0.1,122,0.06804510205984116,1.901464819908142,0.2581915855407715,0.19500792026519775,0.09540753066539764
0.1,123,0.060949716717004776,2.02700138092041,0.2636498510837555,0.297553151845932,0.16442444920539856
0.1,124,0.062480878084897995,2.0535085201263428,0.2678317427635193,0.4161151051521301,0.21503150463104248
0.1,125,0.08527208864688873,1.8486779928207397,0.2701398730278015,0.5505721569061279,0.24401302635669708
0.1,126,0.049307238310575485,1.8222906589508057,0.23153631389141083,0.4259016811847687,0.22177332639694214
0.1,127,0.08234739303588867,2.0348970890045166,0.2858371138572693,0.38637086749076843,0.1376326084136963
0.2,0,0.2128823846578598,1.9512144327163696,0.4080038368701935,0.748375654220581,0.3725506067276001
0.2,1,0.3249635100364685,2.153700590133667,0.5403335690498352,0.6420226693153381,0.3463371992111206
0.2,2,0.2285829782485962,2.0835320949554443,0.4369361996650696,1.0695545673370361,0.48969733715057373
0.2,3,-0.08618323504924774,1.8151607513427734,0.09533284604549408,0.3701059818267822,0.20028388500213623
0.2,4,0.22504109144210815,2.1677603721618652,0.44181713461875916,0.8221642971038818,0.3828689455986023
0.2,5,-0.00834624283015728,1.847256064414978,0.17637936770915985,0.9808403849601746,0.48652851581573486
0.2,6,-0.04374685510993004,1.8473145961761475,0.14098460972309113,0.7945086359977722,0.4594613313674927
0.2,7,0.11826463043689728,1.9833474159240723,0.31659936904907227,0.24102799594402313,0.118316650390625
0.2,8,0.09058791399002075,3.349277973175049,0.42551571130752563,0.8153634667396545,0.40558338165283203
0.2,9,0.257030725479126,3.1924707889556885,0.5762778520584106,0.6911942958831787,0.3300909996032715
0.2,10,0.052272453904151917,3.262033224105835,0.37847578525543213,0.3771151602268219,0.16707587242126465
0.2,11,0.01334026362746954,3.4645767211914062,0.35979795455932617,0.4229820966720581,0.23224306106567383
0.2,12,0.11594372242689133,3.219365358352661,0.437880277633667,0.3802191913127899,0.17653432488441467
0.2,13,-0.0018814608920365572,3.135160207748413,0.3116345703601837,0.7242732644081116,0.30028992891311646
0.2,14,0.24893437325954437,3.252281904220581,0.5741625428199768,0.3046453297138214,0.1402897834777832
0.2,15,0.2675320506095886,3.201390504837036,0.5876711010932922,0.368960440158844,0.1880817413330078
0.2,16,-0.4029593765735626,3.5196783542633057,-0.05099153518676758,0.9892575740814209,0.49834978580474854
0.2,17,-0.9815301299095154,3.088456392288208,-0.6726844906806946,0.8238168358802795,0.467922568321228
0.2,18,-0.5913153290748596,3.2616724967956543,-0.2651480734348297,0.6403308510780334,0.3612512946128845
0.2,19,-0.3653726279735565,3.148301362991333,-0.050542473793029785,0.6785702109336853,0.461692750453949
0.2,20,-0.4426409602165222,3.390498399734497,-0.10359111428260803,0.5642735362052917,0.27385973930358887
0.2,21,-0.40159472823143005,3.545431613922119,-0.04705154895782471,1.259172797203064,0.6461895704269409
0.2,22,-0.7032979130744934,3.1423118114471436,-0.3890667259693146,0.7578108906745911,0.33541715145111084
0.2,23,-0.7671347260475159,3.2733802795410156,-0.43979668617248535,0.616605818271637,0.3371535539627075
0.2,24,0.2843332290649414,2.6761245727539062,0.551945686340332,0.974952220916748,0.5160617828369141
0.2,25,0.38577285408973694,2.504910469055176,0.636263906955719,0.8925383687019348,0.594042181968689
0.2,26,0.29838961362838745,2.63092303276062,0.5614819526672363,0.2970927953720093,0.1615462303161621
0.2,27,0.26575082540512085,2.6115105152130127,0.5269018411636353,0.6204606294631958,0.38930821418762207
0.2,28,0.33934536576271057,2.587393045425415,0.5980846881866455,0.6705749034881592,0.4151989221572876
0.2,29,0.326396644115448,2.6665847301483154,0.5930551290512085,0.42536282539367676,0.23097622394561768
0.2,30,0.3922742009162903,2.5693392753601074,0.649208128452301,0.39930260181427,0.1770913004875183
0.2,31,0.1755438894033432,2.782158374786377,0.45375972986221313,0.7232370376586914,0.451654314994812
0.2,32,-0.648457407951355,2.6553244590759277,-0.3829249441623688,0.913411021232605,0.447101354598999
0.2,33,-0.625383198261261,2.4458019733428955,-0.3808029890060425,0.5263847708702087,0.2375788688659668
0.2,34,-0.6667917966842651,1.845771312713623,-0.48221465945243835,1.2025256156921387,0.5985643267631531
0.2,35,-0.639052152633667,2.469892740249634,-0.39206287264823914,0.7179409861564636,0.3184815049171448
0.2,36,-0.6447215676307678,2.4700632095336914,-0.3977152407169342,0.7788620591163635,0.3669137954711914
0.2,37,-0.6473367214202881,2.2113218307495117,-0.42620453238487244,0.4443959593772888,0.21367105841636658
0.2,38,-0.6194162368774414,2.0495331287384033,-0.4144629240036011,0.615168035030365,0.3187463581562042
0.2,39,-0.6221325397491455,1.9092938899993896,-0.43120312690734863,0.8435327410697937,0.39412957429885864
0.2,40,0.19801674783229828,1.7409138679504395,0.37210813164711,1.0095701217651367,0.4529532194137573
0.2,41,0.22249560058116913,2.3073043823242188,0.4532260298728943,0.5517359375953674,0.32817113399505615
0.2,42,0.21833235025405884,2.345810890197754,0.45291346311569214,0.5366489887237549,0.3666776418685913
0.2,43,0.19636884331703186,2.470156192779541,0.44338446855545044,0.801357626914978,0.4910229444503784
0.2,44,0.44325870275497437,2.0551352500915527,0.6487722396850586,0.7032025456428528,0.42730915546417236
0.2,45,0.46011921763420105,1.8779022693634033,0.6479094624519348,0.7512403130531311,0.5415834188461304
0.2,46,0.2552723288536072,2.218899726867676,0.47716230154037476,0.6314123272895813,0.24949967861175537
0.2,47,0.4455884099006653,2.0531492233276367,0.6509033441543579,0.8849431276321411,0.4833456575870514
0.2,48,0.6783745288848877,2.495959758758545,0.9279705286026001,0.6031631827354431,0.3068162798881531
0.2,49,0.6420153975486755,2.7083685398101807,0.9128522872924805,0.6209361553192139,0.28603190183639526
0.2,50,0.7025076746940613,2.774855852127075,0.9799932241439819,0.8005324602127075,0.379128098487854
0.2,51,0.48131799697875977,2.3381199836730957,0.7151299715042114,0.6419016122817993,0.2896987497806549
0.2,52,0.6949451565742493,2.405643939971924,0.9355095624923706,0.7866610288619995,0.3356831669807434
0.2,53,0.7900035381317139,2.8247811794281006,1.072481632232666,0.6055589914321899,0.32713782787323
0.2,54,0.6549080014228821,2.6694259643554688,0.9218505620956421,1.0840375423431396,0.5814829468727112
0.2,55,0.7581227421760559,2.5181796550750732,1.00994074344635,0.4755147099494934,0.24967443943023682
0.2,56,0.10740745812654495,1.7536133527755737,0.28276878595352173,0.5684589743614197,0.4201078414916992
0.2,57,0.17299892008304596,2.1398346424102783,0.38698238134384155,0.38440465927124023,0.2574937343597412
0.2,58,0.05964050814509392,1.6470919847488403,0.224349707365036,0.8116738200187683,0.47733306884765625
0.2,59,0.06547846645116806,1.9072704315185547,0.2562054991722107,0.6036160588264465,0.265605092048645
0.2,60,0.31464219093322754,1.84038245677948,0.49868044257164,0.4977591633796692,0.21585583686828613
0.2,61,0.08233366906642914,1.8770252466201782,0.2700361907482147,0.9169895648956299,0.4657474756240845
0.2,62,0.16104893386363983,1.6445355415344238,0.32550248503685,0.7209874987602234,0.296739399433136
0.2,63,0.22936111688613892,1.5002825260162354,0.37938937544822693,0.7814110517501831,0.38205838203430176
0.2,64,-1.9596294164657593,2.3682847023010254,-1.7228009700775146,0.5213996767997742,0.30386269092559814
0.2,65,-2.239743232727051,2.1078829765319824,-2.0289549827575684,0.6819942593574524,0.2909809350967407
0.2,66,-1.9154052734375,2.5070319175720215,-1.66470205783844,0.5676525235176086,0.2865731716156006
0.2,67,-2.1541552543640137,2.112820625305176,-1.942873239517212,0.9248148202896118,0.5435510873794556
0.2,68,-1.9111407995224,2.359822988510132,-1.6751585006713867,0.5583652257919312,0.30251526832580566
0.2,69,-2.819997787475586,2.401726722717285,-2.5798251628875732,1.4231336116790771,0.7022393941879272
0.2,70,-2.252945899963379,2.061309337615967,-2.0468149185180664,0.7318428158760071,0.35468006134033203
0.2,71,-2.7074968814849854,2.094777822494507,-2.498019218444824,0.6077083349227905,0.2872610092163086
0.2,72,0.972048282623291,3.51590633392334,1.323638916015625,0.7196592688560486,0.38401806354522705
0.2,73,1.0485481023788452,3.681793689727783,1.4167275428771973,0.418027400970459,0.19710469245910645
0.2,74,1.1062694787979126,3.7754430770874023,1.483813762664795,0.6554344296455383,0.3246615529060364
0.2,75,1.0773237943649292,3.5583319664001465,1.433156967163086,0.47122156620025635,0.2496364414691925
0.2,76,1.0302199125289917,3.542001485824585,1.3844200372695923,0.5493313670158386,0.2587597370147705
0.2,77,1.101502537727356,3.741633176803589,1.475665807723999,0.7912030220031738,0.37691426277160645
0.2,78,1.1190838813781738,3.876893997192383,1.5067732334136963,0.9306655526161194,0.4711526036262512
0.2,79,0.7991549372673035,3.4929280281066895,1.1484477519989014,0.7798574566841125,0.4689195156097412
0.2,80,0.13412049412727356,2.3735363483428955,0.37147414684295654,0.6410685181617737,0.39436542987823486
0.2,81,-0.11529816687107086,2.3677916526794434,0.12148100137710571,0.8533572554588318,0.33887410163879395
0.2,82,0.20902031660079956,2.0792336463928223,0.41694366931915283,0.7079901099205017,0.34237998723983765
0.2,83,-0.12857776880264282,2.354058027267456,0.10682803392410278,0.5547307133674622,0.31176984310150146
0.2,84,-0.2628546357154846,2.132362127304077,-0.049618422985076904,0.47943195700645447,0.257541298866272
0.2,85,-0.11636307090520859,2.0058536529541016,0.08422229439020157,0.6262994408607483,0.2795926332473755
0.2,86,-0.09772343188524246,2.294987678527832,0.13177534937858582,0.6389563679695129,0.3601135015487671
0.2,87,-0.23566082119941711,2.0184223651885986,-0.03381858766078949,0.6058361530303955,0.28604865074157715
0.2,88,0.5484350323677063,1.8346846103668213,0.7319034934043884,0.7494129538536072,0.4757177233695984
0.2,89,0.6033844947814941,1.9146649837493896,0.7948510050773621,1.0930333137512207,0.5237472653388977
0.2,90,0.6078710556030273,1.7609548568725586,0.7839665412902832,0.7885254621505737,0.4766803979873657
0.2,91,0.7638270854949951,1.8827186822891235,0.9520989656448364,0.5370321869850159,0.36935341358184814
0.2,92,0.7727839946746826,2.0209388732910156,0.9748778939247131,0.3626742362976074,0.23272448778152466
0.2,93,0.6737030148506165,1.8519036769866943,0.8588933944702148,0.573409378528595,0.3057747483253479
0.2,94,0.5972071886062622,1.8578228950500488,0.782989501953125,0.9834058284759521,0.5945863723754883
0.2,95,0.8143442869186401,2.2236170768737793,1.0367059707641602,0.9128575921058655,0.33570733666419983
0.2,96,0.28416815400123596,2.403191566467285,0.524487316608429,0.7447400689125061,0.3304402828216553
0.2,97,0.44380325078964233,2.2036941051483154,0.6641726493835449,0.640297532081604,0.30879396200180054
0.2,98,0.5336955189704895,1.9841703176498413,0.7321125268936157,0.5946962237358093,0.3351101279258728
0.2,99,0.30818411707878113,2.421537160873413,0.5503378510475159,0.8991678953170776,0.38453343510627747
0.2,100,0.4382224380970001,2.149153470993042,0.6531378030776978,0.34391799569129944,0.14661955833435059
0.2,101,0.5943014621734619,2.080813407897949,0.8023828268051147,0.5393977761268616,0.3339068591594696
0.2,102,0.5666304230690002,2.1490695476531982,0.7815374135971069,0.6136751174926758,0.3216344118118286
0.2,103,0.5117918848991394,1.9337893724441528,0.7051708102226257,0.6646838188171387,0.39218971133232117
0.2,104,-0.5540226697921753,2.401127338409424,-0.31390994787216187,0.8238228559494019,0.4403564929962158
0.2,105,-0.7099875211715698,1.909841537475586,-0.5190033912658691,1.1472169160842896,0.7265110015869141
0.2,106,-0.40688830614089966,2.244080066680908,-0.18248029053211212,0.9153527021408081,0.41927826404571533
0.2,107,-0.3272256553173065,2.6794981956481934,-0.05927583575248718,0.6999529004096985,0.3605337142944336
0.2,108,-0.38282957673072815,1.6104612350463867,-0.22178344428539276,0.9912586808204651,0.7120678424835205
0.2,109,-0.3093583583831787,2.0886566638946533,-0.1004926860332489,0.9795767664909363,0.49213746190071106
0.2,110,-0.5752615928649902,2.5364830493927,-0.32161328196525574,0.48351773619651794,0.2342700958251953
0.2,111,-0.48745933175086975,2.6134939193725586,-0.22610992193222046,0.6802368760108948,0.3273795247077942
0.2,112,-0.5450726747512817,1.6355608701705933,-0.38151657581329346,1.0593949556350708,0.6316874623298645
0.2,113,-0.4741412103176117,1.8589569330215454,-0.2882454991340637,0.8590713739395142,0.4893862009048462
0.2,114,-0.47003263235092163,1.6079168319702148,-0.3092409372329712,0.5616975426673889,0.24960613250732422
0.2,115,-0.45930927991867065,1.6669341325759888,-0.2926158607006073,0.6566296815872192,0.432356059551239
0.2,116,-0.48499196767807007,1.7834911346435547,-0.3066428303718567,0.5036498308181763,0.2671724557876587
0.2,117,-0.47361427545547485,1.618280053138733,-0.3117862641811371,0.7751270532608032,0.3444804251194
0.2,118,-0.4928123652935028,1.7121840715408325,-0.3215939402580261,0.5919159054756165,0.3689807057380676
0.2,119,-0.4893006384372711,1.659036636352539,-0.3233969807624817,0.26556992530822754,0.11199608445167542
0.2,120,0.08273223042488098,2.022266149520874,0.2849588394165039,0.5419797897338867,0.31997549533843994
0.2,121,0.0853283554315567,1.9523024559020996,0.28055858612060547,0.5779633522033691,0.26833248138427734
0.2,122,0.06646399945020676,1.5745679140090942,0.2239207923412323,0.7927581667900085,0.4460049867630005
0.2,123,0.08966469019651413,2.0736656188964844,0.2970312535762787,0.8248404264450073,0.44480565190315247
0.2,124,0.03880519047379494,1.9926053285598755,0.2380657196044922,0.6150001883506775,0.2674883306026459
0.2,125,0.07969573140144348,2.2315125465393066,0.3028469681739807,0.5923901200294495,0.32679009437561035
0.2,126,0.06626743823289871,1.885257601737976,0.2547931969165802,0.688858687877655,0.3059427738189697
0.2,127,0.1274435669183731,2.240342617034912,0.35147783160209656,0.8669157028198242,0.48271822929382324
0.5,0,-0.07848702371120453,2.102510690689087,0.13176405429840088,1.335379958152771,0.7190971970558167
0.5,1,-0.3378404974937439,2.043099880218506,-0.13353051245212555,1.9832054376602173,0.9321908354759216
0.5,2,-0.12593257427215576,2.023406982421875,0.07640813291072845,1.7521183490753174,0.8866999745368958
0.5,3,-0.16555295884609222,1.6435236930847168,-0.0012005865573883057,1.319386601448059,0.6514472961425781
0.5,4,-0.44606417417526245,2.0803542137145996,-0.23802874982357025,1.5175690650939941,0.7268741130828857
0.5,5,-0.4256461560726166,1.8933320045471191,-0.23631295561790466,1.910353183746338,1.130836844444275
0.5,6,0.12846940755844116,2.8805174827575684,0.4165211617946625,3.0951220989227295,1.565063714981079
0.5,7,-0.4546504616737366,1.721680760383606,-0.282482385635376,2.6961071491241455,1.3035385608673096
0.5,8,0.10039184242486954,3.778651714324951,0.4782570004463196,1.4864556789398193,0.7154223918914795
0.5,9,0.4412768483161926,2.8419864177703857,0.7254754900932312,2.2208874225616455,0.9290637969970703
0.5,10,0.5741676688194275,3.3853931427001953,0.9127069711685181,1.335902214050293,0.6871533393859863
0.5,11,0.24796529114246368,3.254784345626831,0.5734437108039856,1.7649805545806885,0.8986804485321045
0.5,12,0.28905990719795227,3.0319888591766357,0.5922588109970093,1.470054030418396,0.6764187812805176
0.5,13,0.1537201702594757,3.441518783569336,0.4978720545768738,1.6911985874176025,0.7966736555099487
0.5,14,0.4461285471916199,3.1603238582611084,0.7621608972549438,0.9180840253829956,0.6207483410835266
0.5,15,-0.015408361330628395,3.2388010025024414,0.3084717392921448,1.5605169534683228,0.8450343608856201
0.5,16,-0.36999544501304626,3.975985050201416,0.027603060007095337,2.373779296875,1.3788813352584839
0.5,17,-1.7760543823242188,3.231236457824707,-1.4529306888580322,2.171712875366211,1.1172987222671509
0.5,18,-0.3383643925189972,3.059540271759033,-0.03241035342216492,1.1979023218154907,0.5801454186439514
0.5,19,0.4963701665401459,3.5952014923095703,0.8558903336524963,1.5315146446228027,0.7739671468734741
0.5,20,-0.18747444450855255,2.459904193878174,0.05851598083972931,2.112931489944458,1.1031233072280884
0.5,21,0.17790907621383667,3.0203442573547363,0.47994351387023926,1.6422706842422485,0.8925807476043701
0.5,22,0.4124511182308197,3.713118553161621,0.7837629914283752,1.5684705972671509,0.7608470320701599
0.5,23,-0.6931438446044922,3.1694023609161377,-0.37620359659194946,1.1359584331512451,0.619133710861206
0.5,24,0.675237238407135,3.113602638244629,0.9865975379943848,3.597827196121216,1.8666731119155884
0.5,25,0.4244824945926666,2.887760877609253,0.7132586240768433,1.687050461769104,0.8814949989318848
0.5,26,0.4808943271636963,2.3369832038879395,0.7145926356315613,1.2615633010864258,0.7176439762115479
0.5,27,0.35567787289619446,2.9711644649505615,0.652794361114502,1.255353331565857,0.5820828676223755
0.5,28,0.47999727725982666,2.563215494155884,0.736318826675415,2.2417383193969727,1.1350741386413574
0.5,29,0.4424497187137604,3.0357072353363037,0.7460204362869263,1.621049165725708,1.023684024810791
0.5,30,0.3352510333061218,3.5049593448638916,0.685746967792511,2.504753828048706,1.6710761785507202
0.5,31,0.4530595541000366,2.4737679958343506,0.7004363536834717,1.8007959127426147,0.8513941764831543
0.5,32,-0.5198841094970703,1.5393275022506714,-0.3659513592720032,1.2639051675796509,0.791753888130188
0.5,33,-0.5738394260406494,1.940631628036499,-0.3797762393951416,1.1257901191711426,0.6049349904060364
0.5,34,-0.5005472898483276,1.6716208457946777,-0.3333851993083954,1.5022633075714111,0.612566351890564
0.5,35,-0.6106956005096436,1.95889151096344,-0.41480642557144165,1.5252015590667725,0.7083868980407715
0.5,36,-0.46641358733177185,2.887143135070801,-0.1776992678642273,2.353701114654541,1.4497692584991455
0.5,37,-0.5642666816711426,1.4862068891525269,-0.4156459867954254,2.5280110836029053,1.2131733894348145
0.5,38,-0.360653817653656,2.786524772644043,-0.08200132846832275,2.487252712249756,1.4105490446090698
0.5,39,-0.5558432340621948,2.3366355895996094,-0.3221796751022339,1.2808500528335571,0.6710634827613831
0.5,40,0.18486952781677246,2.422520399093628,0.4271215796470642,1.408879041671753,0.7838345766067505
0.5,41,0.46775320172309875,2.2385189533233643,0.6916050910949707,1.4200445413589478,0.7044931650161743
0.5,42,0.052864667028188705,1.7530568838119507,0.22817036509513855,1.7295869588851929,0.7799179553985596
0.5,43,0.18558478355407715,2.8096330165863037,0.4665480852127075,2.8549695014953613,1.2645457983016968
0.5,44,0.204811230301857,2.178429126739502,0.4226541519165039,2.666316032409668,1.452323317527771
0.5,45,0.4852498471736908,2.464144706726074,0.7316642999649048,2.5436253547668457,1.2527939081192017
0.5,46,0.047979164868593216,2.1094624996185303,0.2589254081249237,1.6778948307037354,0.9448314309120178
0.5,47,0.176879420876503,3.1964240074157715,0.49652183055877686,2.3715102672576904,1.2172907590866089
0.5,48,0.6121107935905457,2.629624843597412,0.8750733137130737,1.931306004524231,0.8303697109222412
0.5,49,0.4590706527233124,2.4775660037994385,0.7068272829055786,1.0318881273269653,0.51736980676651
0.5,50,0.6189189553260803,2.7358055114746094,0.8924995064735413,1.5187716484069824,0.940755307674408
0.5,51,0.5126523375511169,2.1829631328582764,0.7309486865997314,1.1469248533248901,0.5437135100364685
0.5,52,0.5498297214508057,2.100726366043091,0.7599023580551147,1.3700720071792603,0.809414267539978
0.5,53,0.8450814485549927,2.988840341567993,1.143965482711792,1.6415929794311523,1.004697561264038
0.5,54,0.18601195514202118,1.997572422027588,0.38576918840408325,1.2502433061599731,0.6065876483917236
0.5,55,0.6388702392578125,2.5379819869995117,0.8926684856414795,1.7544485330581665,0.6964940428733826
0.5,56,0.05825142189860344,1.8608534336090088,0.24433676898479462,1.8232511281967163,1.2635550498962402
0.5,57,0.4396344721317291,1.9350730180740356,0.6331417560577393,1.7505155801773071,0.8970524072647095
0.5,58,0.14792276918888092,2.3508822917938232,0.38301098346710205,2.0036323070526123,0.9396045207977295
0.5,59,0.13041433691978455,2.4972498416900635,0.3801393210887909,2.379523754119873,1.4281580448150635
0.5,60,0.5359256267547607,2.2810161113739014,0.7640272378921509,2.6098365783691406,1.351983666419983
0.5,61,0.05818371847271919,1.7795714139938354,0.23614086210727692,1.5369186401367188,0.7257227897644043
0.5,62,0.30218207836151123,2.360372543334961,0.5382193326950073,1.5181753635406494,0.8791675567626953
0.5,63,0.03713313862681389,1.4456723928451538,0.18170037865638733,2.215214490890503,1.337188482284546
0.5,64,-1.8960978984832764,3.0698630809783936,-1.589111566543579,2.3061704635620117,0.8494043350219727
0.5,65,-1.7809414863586426,2.5778396129608154,-1.5231574773788452,1.4415576457977295,0.6167491674423218
0.5,66,-2.8017380237579346,2.5878400802612305,-2.5429539680480957,1.3317352533340454,0.6901625394821167
0.5,67,-2.9290735721588135,2.380051612854004,-2.691068410873413,1.5765798091888428,0.6443840861320496
0.5,68,-1.151120901107788,2.659036636352539,-0.8852171897888184,1.229261875152588,0.5230475664138794
0.5,69,-1.5719555616378784,3.635895252227783,-1.2083660364151,2.1215498447418213,1.4154365062713623
0.5,70,-1.5498062372207642,2.141808032989502,-1.335625410079956,2.097486972808838,1.0468868017196655
0.5,71,-1.8347872495651245,2.5618371963500977,-1.5786035060882568,1.8148163557052612,0.9937577247619629
0.5,72,0.9417690634727478,3.651707649230957,1.3069398403167725,1.5827438831329346,0.8267341256141663
0.5,73,0.5921542048454285,3.4442672729492188,0.9365808963775635,1.6276438236236572,0.8165539503097534
0.5,74,1.1359150409698486,3.9398441314697266,1.5298994779586792,0.9613665342330933,0.516022264957428
0.5,75,1.1931709051132202,4.109304904937744,1.6041014194488525,1.669363021850586,0.7805049419403076
0.5,76,1.1514122486114502,3.966489791870117,1.5480612516403198,1.0635603666305542,0.49549371004104614
0.5,77,0.7179961800575256,3.3895628452301025,1.0569524765014648,1.9003357887268066,0.8020919561386108
0.5,78,0.8530178070068359,3.1980254650115967,1.1728203296661377,1.3951934576034546,0.5272105932235718
0.5,79,1.1517987251281738,3.748213768005371,1.5266201496124268,1.1648088693618774,0.4943782687187195
0.5,80,0.1141754612326622,2.0801098346710205,0.3221864402294159,1.2483958005905151,0.6513770818710327
0.5,81,-0.3024575710296631,1.8225170373916626,-0.12020586431026459,0.9784265160560608,0.7218776941299438
0.5,82,0.4124886095523834,2.4541847705841064,0.6579070687294006,1.6894843578338623,0.9027640223503113
0.5,83,-0.21359802782535553,2.122265100479126,-0.0013715177774429321,1.291324496269226,0.8369195461273193
0.5,84,0.12530513107776642,3.1603775024414062,0.44134289026260376,1.912563443183899,1.0645670890808105
0.5,85,-0.20082376897335052,3.335304021835327,0.1327066272497177,2.2915549278259277,1.273860216140747
0.5,86,0.3354904055595398,2.8551650047302246,0.6210069060325623,1.8362395763397217,1.1157402992248535
0.5,87,0.09086618572473526,2.0854458808898926,0.29941079020500183,1.2279307842254639,0.8145037889480591
0.5,88,0.5137683153152466,1.980902075767517,0.7118585109710693,2.901379108428955,1.3515446186065674
0.5,89,0.7121395468711853,2.148233652114868,0.9269629120826721,1.1018643379211426,0.785175085067749
0.5,90,0.734355092048645,2.011868476867676,0.9355419278144836,1.8406870365142822,0.8633060455322266
0.5,91,0.8669982552528381,1.9000929594039917,1.0570075511932373,1.1596788167953491,0.6887733340263367
0.5,92,0.7535843849182129,1.9083410501480103,0.9444184899330139,2.276602029800415,1.1441172361373901
0.5,93,0.4872278571128845,1.5749540328979492,0.6447232961654663,1.8183492422103882,0.9575952291488647
0.5,94,0.7580485939979553,2.364438533782959,0.9944924712181091,1.4199687242507935,0.9790176749229431
0.5,95,0.7469731569290161,1.8634730577468872,0.9333204627037048,1.6583870649337769,0.617563009262085
0.5,96,-0.5538737177848816,2.728179931640625,-0.2810557186603546,2.260317087173462,1.0718504190444946
0.5,97,0.6486702561378479,1.7328845262527466,0.8219587206840515,1.057875394821167,0.4678005576133728
0.5,98,0.2074853926897049,2.4825258255004883,0.45573797821998596,2.3039655685424805,1.316226840019226
0.5,99,0.4607372283935547,1.6377900838851929,0.6245162487030029,2.946908950805664,1.3781338930130005
0.5,100,0.5356387495994568,2.5323314666748047,0.7888718843460083,1.4625592231750488,0.5768628120422363
0.5,101,0.49606531858444214,1.7965435981750488,0.675719678401947,1.072301983833313,0.5056754946708679
0.5,102,-0.4626542329788208,2.9720730781555176,-0.1654469072818756,2.52583646774292,1.0605981349945068
0.5,103,0.7568497657775879,1.6913330554962158,0.9259830713272095,2.4102094173431396,1.049371361732483
0.5,104,-0.438131719827652,1.9937505722045898,-0.23875665664672852,1.9824119806289673,1.1498017311096191
0.5,105,-0.670558512210846,2.006274461746216,-0.46993106603622437,1.5559073686599731,1.1444143056869507
0.5,106,-0.6923463940620422,2.951831579208374,-0.3971632421016693,1.8148064613342285,0.8639125227928162
0.5,107,-0.3678315281867981,2.3460023403167725,-0.1332312971353531,1.4766488075256348,0.9076926708221436
0.5,108,-0.2911907434463501,2.0210483074188232,-0.0890859067440033,1.829519510269165,0.8865605592727661
0.5,109,0.02072850614786148,2.3570573329925537,0.25643423199653625,2.7248005867004395,1.5915653705596924
0.5,110,-0.45231884717941284,3.6772592067718506,-0.08459290862083435,2.4080934524536133,1.3547301292419434
0.5,111,-0.28325095772743225,2.167694568634033,-0.06648150086402893,1.9875916242599487,1.0893827676773071
0.5,112,-0.3993372619152069,1.6867924928665161,-0.23065800964832306,1.9569495916366577,1.1365116834640503
0.5,113,-0.5253736972808838,1.904789686203003,-0.33489471673965454,1.3611187934875488,0.6922038793563843
0.5,114,-0.44892382621765137,2.4806175231933594,-0.2008620649576187,2.56765079498291,1.0981019735336304
0.5,115,-0.34131163358688354,1.8571336269378662,-0.15559826791286469,2.779184341430664,1.4424935579299927
0.5,116,-0.4049469232559204,2.444838047027588,-0.1604631096124649,2.3438801765441895,1.2135353088378906
0.5,117,-0.45852720737457275,1.3147331476211548,-0.32705390453338623,1.6964455842971802,1.0211756229400635
0.5,118,-0.4502525329589844,1.4715111255645752,-0.30310142040252686,1.342974066734314,0.8536169528961182
0.5,119,-0.5387518405914307,1.7929743528366089,-0.3594543933868408,2.1217925548553467,0.9766080379486084
0.5,120,0.04628700017929077,2.294027805328369,0.2756897807121277,1.3833189010620117,0.596031904220581
0.5,121,-0.0004235210653860122,1.5600637197494507,0.15558286011219025,2.4885413646698,1.3293626308441162
0.5,122,0.056841373443603516,2.167531967163086,0.27359455823898315,1.3300466537475586,0.5480079054832458
0.5,123,0.046720776706933975,1.6783968210220337,0.21456046402454376,1.3996680974960327,0.7432762980461121
0.5,124,0.2054501622915268,1.9909472465515137,0.4045448899269104,2.102402687072754,1.0424182415008545
0.5,125,0.1997314691543579,2.005967617034912,0.40032821893692017,1.3245104551315308,0.5851384401321411
0.5,126,-0.17205171287059784,2.0057432651519775,0.028522610664367676,2.5411880016326904,1.2483679056167603
0.5,127,0.2429608404636383,1.9006656408309937,0.43302738666534424,1.7271777391433716,0.7721556425094604
1.0,0,-0.509104311466217,1.9924931526184082,-0.30985498428344727,2.371396064758301,1.1299326419830322
1.0,1,-0.7747121453285217,2.4113333225250244,-0.5335788130760193,3.444021701812744,1.3899446725845337
1.0,2,-0.3003401756286621,3.6122074127197266,0.060880571603775024,5.318885803222656,2.2514798641204834
1.0,3,-0.3201759457588196,2.6098694801330566,-0.05918899178504944,2.909370183944702,1.2661311626434326
1.0,4,-0.5531886219978333,2.3963184356689453,-0.3135567903518677,3.707817316055298,1.314638614654541
1.0,5,-0.32445579767227173,1.9137866497039795,-0.13307712972164154,1.1750468015670776,0.639941394329071
1.0,6,-0.8957234621047974,2.2371466159820557,-0.6720088124275208,4.31271505355835,1.6195335388183594
1.0,7,-0.22457186877727509,2.3487801551818848,0.01030614972114563,3.5432939529418945,2.103116989135742
1.0,8,-0.39563116431236267,4.633687496185303,0.06773757934570312,4.563278675079346,1.9480011463165283
1.0,9,0.26863163709640503,2.0145928859710693,0.47009092569351196,3.568100690841675,1.6096289157867432
1.0,10,0.4237012565135956,3.9267325401306152,0.8163745403289795,3.0150296688079834,2.110158681869507
1.0,11,-1.161943793296814,3.514723539352417,-0.8104714155197144,3.728458881378174,2.2284650802612305
1.0,12,-0.5317263007164001,3.327022075653076,-0.19902408123016357,2.4770421981811523,1.4274592399597168
1.0,13,0.8096255660057068,3.5872981548309326,1.1683553457260132,2.50714373588562,1.8162935972213745
1.0,14,0.5321720242500305,4.218886852264404,0.9540606737136841,3.799140453338623,1.6870745420455933
1.0,15,0.19733577966690063,4.270497798919678,0.6243855953216553,3.0445053577423096,1.3348389863967896
1.0,16,-0.5700967907905579,2.787208080291748,-0.2913759648799896,2.8869497776031494,2.0418858528137207
1.0,17,-1.0668866634368896,2.971487045288086,-0.769737958908081,3.325632333755493,2.267273426055908
1.0,18,-0.144082173705101,2.6162073612213135,0.11753855645656586,3.8909993171691895,2.2843940258026123
1.0,19,0.7620924115180969,2.768416166305542,1.0389339923858643,4.612420082092285,2.5679922103881836
1.0,20,0.42118212580680847,2.793884038925171,0.7005705237388611,2.6508820056915283,1.55322265625
1.0,21,-2.1538162231445312,3.5553576946258545,-1.7982804775238037,2.488447904586792,1.2063902616500854
1.0,22,0.5840244293212891,4.093165397644043,0.9933409690856934,5.196167469024658,2.752622127532959
1.0,23,0.6013561487197876,4.549720287322998,1.0563281774520874,2.890483856201172,1.5161082744598389
1.0,24,-0.0009080716990865767,2.7021374702453613,0.26930567622184753,3.165271282196045,1.9449453353881836
1.0,25,0.6552107334136963,2.010770797729492,0.8562878370285034,2.3267390727996826,1.000611424446106
1.0,26,-0.3591001331806183,3.299710750579834,-0.029129058122634888,4.640776634216309,1.8543120622634888
1.0,27,0.3464844822883606,2.88431978225708,0.6349164247512817,3.073464870452881,1.7556138038635254
1.0,28,0.7283974289894104,2.6741116046905518,0.9958086013793945,3.7076375484466553,2.244431972503662
1.0,29,0.6053892970085144,2.5755555629730225,0.8629448413848877,3.745647668838501,2.06246280670166
1.0,30,0.42790135741233826,2.3650858402252197,0.6644099354743958,2.9491336345672607,1.549897313117981
1.0,31,0.6185320019721985,2.8113839626312256,0.8996703624725342,3.98226261138916,2.068014621734619
1.0,32,-0.6163734197616577,1.6586564779281616,-0.4505077600479126,2.5885281562805176,1.0768342018127441
1.0,33,-0.34724438190460205,1.9235910177230835,-0.15488527715206146,3.2224326133728027,1.4167468547821045
1.0,34,-0.5934114456176758,2.7387964725494385,-0.31953179836273193,5.237613677978516,2.8124032020568848
1.0,35,0.023042650893330574,2.495112419128418,0.2725538909435272,4.245158672332764,2.159477949142456
1.0,36,-0.5042117238044739,2.9306225776672363,-0.2111494541168213,4.3497538566589355,2.3448734283447266
1.0,37,-0.5420212149620056,2.3937485218048096,-0.30264633893966675,4.000253200531006,1.7160041332244873
1.0,38,-0.41302767395973206,1.708837628364563,-0.242143914103508,2.163041830062866,0.9465205669403076
1.0,39,-0.08441711217164993,2.2800843715667725,0.14359131455421448,2.7649075984954834,1.56088125705719
1.0,40,0.2853755056858063,2.59576153755188,0.5449516773223877,2.6752119064331055,1.3963279724121094
1.0,41,-0.08720507472753525,3.0612831115722656,0.21892324090003967,3.1073710918426514,1.6128238439559937
1.0,42,0.22543051838874817,2.776926040649414,0.5031231641769409,4.320590496063232,2.1281816959381104
1.0,43,0.565919816493988,2.060499906539917,0.7719697952270508,2.832850694656372,1.6595338582992554
1.0,44,-0.49420857429504395,2.1494672298431396,-0.27926182746887207,3.420905590057373,1.9183682203292847
1.0,45,0.6100637912750244,2.541487693786621,0.8642125725746155,3.465744972229004,2.4868271350860596
1.0,46,0.1355859637260437,2.1085267066955566,0.3464386463165283,3.37790846824646,1.7293411493301392
1.0,47,0.26818010210990906,2.5251567363739014,0.5206958055496216,2.9689340591430664,1.4093806743621826
1.0,48,0.6671723127365112,3.0508458614349365,0.9722568988800049,2.744150161743164,1.1352665424346924
1.0,49,0.05197089537978172,3.296879291534424,0.3816588222980499,3.9984047412872314,2.1887764930725098
1.0,50,0.6665409803390503,2.648306369781494,0.9313716292381287,3.9971203804016113,2.367597818374634
1.0,51,-0.08427470177412033,3.3490102291107178,0.2506263256072998,4.0329694747924805,1.614011526107788
1.0,52,-0.2284969985485077,2.2550086975097656,-0.0029961317777633667,3.225078582763672,1.9959361553192139
1.0,53,0.9045426249504089,3.1546518802642822,1.2200077772140503,2.771531581878662,1.2934467792510986
1.0,54,0.5951926708221436,3.088069438934326,0.9039996266365051,3.944445848464966,2.3461179733276367
1.0,55,0.03218810260295868,3.3559441566467285,0.3677825331687927,2.860074758529663,1.5140823125839233
1.0,56,0.09972710907459259,3.7970705032348633,0.47943419218063354,5.0376482009887695,2.332125186920166
1.0,57,-0.05960432440042496,1.593709945678711,0.09976667910814285,2.5473921298980713,1.761449933052063
1.0,58,-0.1323925405740738,1.9256020784378052,0.060167670249938965,2.482205390930176,1.776626467704773
1.0,59,0.6136844158172607,3.943082094192505,1.0079926252365112,4.668529033660889,2.083146572113037
1.0,60,-0.058558207005262375,3.0774080753326416,0.2491825968027115,3.4818248748779297,1.403662085533142
1.0,61,-0.027958910912275314,2.235947847366333,0.1956358700990677,2.8219237327575684,1.1689033508300781
1.0,62,-0.4176141619682312,3.9035894870758057,-0.027255207300186157,5.583009243011475,2.1778252124786377
1.0,63,0.09607761353254318,3.5418970584869385,0.45026734471321106,3.594517946243286,1.6595561504364014
1.0,64,-1.41666579246521,1.9020613431930542,-1.2264596223831177,2.4720985889434814,0.9912980794906616
1.0,65,-2.106773853302002,3.022909641265869,-1.8044829368591309,4.641041278839111,2.498971939086914
1.0,66,-0.7364199161529541,3.4304778575897217,-0.393372118473053,4.261157989501953,1.8048970699310303
1.0,67,-3.1975176334381104,2.8052725791931152,-2.916990280151367,2.7450613975524902,1.3062373399734497
1.0,68,-1.3793225288391113,3.647470474243164,-1.014575481414795,5.785322189331055,2.4327051639556885
1.0,69,-2.20497465133667,3.7031354904174805,-1.8346611261367798,4.727754592895508,2.057079315185547
1.0,70,-3.161532402038574,2.213766098022461,-2.9401557445526123,2.409363031387329,1.1591315269470215
1.0,71,-0.6600339412689209,2.513031244277954,-0.40873080492019653,2.9635627269744873,1.4738075733184814
1.0,72,1.1878224611282349,4.33534574508667,1.6213570833206177,3.295133113861084,1.6707353591918945
1.0,73,0.6367143392562866,3.751831531524658,1.0118975639343262,1.7565275430679321,0.985710084438324
1.0,74,-0.9012773036956787,3.4471614360809326,-0.5565611124038696,3.252014398574829,1.4611088037490845
1.0,75,1.1683096885681152,3.768228054046631,1.5451325178146362,1.3185878992080688,0.5500820279121399
1.0,76,0.10306636244058609,2.545003890991211,0.3575667440891266,1.9809893369674683,1.154198408126831
1.0,77,0.3269253969192505,3.297100067138672,0.6566354036331177,2.0115275382995605,0.8927396535873413
1.0,78,1.1510236263275146,4.803450584411621,1.631368637084961,3.634474277496338,1.95674467086792
1.0,79,-2.1269845962524414,2.3839428424835205,-1.8885903358459473,4.136177062988281,1.821089744567871
1.0,80,0.8031748533248901,4.080083847045898,1.2111833095550537,4.891475200653076,2.0186400413513184
1.0,81,0.22068357467651367,2.870623826980591,0.5077459812164307,4.929390907287598,2.6459827423095703
1.0,82,-0.2803517282009125,2.2089858055114746,-0.059453144669532776,2.1730093955993652,1.5973368883132935
1.0,83,0.14940184354782104,3.8025524616241455,0.5296571254730225,3.68826961517334,1.8703840970993042
1.0,84,0.18278680741786957,3.5862245559692383,0.5414092540740967,4.673267841339111,3.137148857116699
1.0,85,-0.10048499703407288,2.8704168796539307,0.18655669689178467,4.786840438842773,2.3828229904174805
1.0,86,-0.1144166961312294,2.409332513809204,0.12651655077934265,2.1058945655822754,1.00862455368042
1.0,87,0.9424669742584229,3.387490749359131,1.281216025352478,3.754708766937256,2.0463995933532715
1.0,88,0.5821976065635681,3.886108636856079,0.9708085060119629,6.023265838623047,2.3935203552246094
1.0,89,0.8458208441734314,2.2182130813598633,1.0676422119140625,1.5630334615707397,0.8638096451759338
1.0,90,0.9788399934768677,2.434640407562256,1.2223039865493774,1.7320548295974731,0.7746403217315674
1.0,91,0.2364894598722458,3.1559154987335205,0.5520809888839722,3.0916926860809326,1.3395726680755615
1.0,92,0.7867869734764099,2.7635433673858643,1.0631413459777832,3.08039927482605,1.5158089399337769
1.0,93,0.8334169983863831,3.199084997177124,1.1533255577087402,5.882412433624268,3.0600833892822266
1.0,94,0.5446267127990723,2.1309521198272705,0.7577219009399414,2.359434127807617,1.2357059717178345
1.0,95,0.30842480063438416,3.675261974334717,0.6759510040283203,6.979355335235596,3.6424708366394043
1.0,96,0.9347956776618958,2.4163553714752197,1.1764311790466309,4.738812446594238,2.169477939605713
1.0,97,0.6643860936164856,3.002384662628174,0.9646245241165161,5.645654201507568,2.8753387928009033
1.0,98,0.4483494162559509,2.582698106765747,0.7066192626953125,3.7393386363983154,1.825040340423584
1.0,99,1.0687235593795776,4.2358717918396,1.4923107624053955,6.11563777923584,2.5795421600341797
1.0,100,1.2036467790603638,3.564558506011963,1.5601027011871338,7.102390766143799,3.2176241874694824
1.0,101,1.0117839574813843,2.175161361694336,1.2293001413345337,4.746452808380127,2.2517106533050537
1.0,102,0.8706215620040894,2.84916615486145,1.1555382013320923,6.216359615325928,2.7221202850341797
1.0,103,0.3369506597518921,2.2461273670196533,0.5615633726119995,2.4626471996307373,0.9940558075904846
1.0,104,-0.24895639717578888,1.9525407552719116,-0.053702324628829956,2.015334367752075,0.9243706464767456
1.0,105,-0.7900142073631287,2.4296352863311768,-0.5470506548881531,2.872065782546997,1.7659475803375244
1.0,106,-0.38707318902015686,2.63934063911438,-0.12313911318778992,2.3957760334014893,1.0876208543777466
1.0,107,-0.18615388870239258,2.1447832584381104,0.028324440121650696,3.030388832092285,1.481095552444458
1.0,108,-0.48566943407058716,2.1945505142211914,-0.26621437072753906,2.614837408065796,1.2794666290283203
1.0,109,-0.10606319457292557,3.029174327850342,0.19685426354408264,2.654258966445923,1.8790580034255981
1.0,110,-0.9889703989028931,2.8594725131988525,-0.7030231356620789,2.3662171363830566,1.3894996643066406
1.0,111,0.2555497884750366,3.382321834564209,0.5937819480895996,4.535023212432861,2.0048627853393555
1.0,112,-0.5995599627494812,3.329542875289917,-0.2666056752204895,4.559492588043213,1.9747544527053833
1.0,113,0.6194716691970825,2.0411815643310547,0.8235898017883301,3.872462034225464,1.8510527610778809
1.0,114,-0.5007479190826416,2.575469970703125,-0.24320092797279358,3.158155918121338,1.5418908596038818
1.0,115,-0.3629071116447449,2.2942869663238525,-0.13347841799259186,2.3608558177948,0.9653486013412476
1.0,116,-0.4415447413921356,2.4786927700042725,-0.1936754584312439,2.712984561920166,1.2473900318145752
1.0,117,-0.3573082387447357,2.92818546295166,-0.0644896924495697,3.367147445678711,1.5232102870941162
1.0,118,0.21585597097873688,3.1903090476989746,0.53488689661026,3.1731104850769043,1.835520625114441
1.0,119,-0.7036318182945251,3.429295539855957,-0.360702246427536,5.748986721038818,2.342735767364502
1.0,120,0.4795587360858917,3.235234260559082,0.8030821681022644,4.1823344230651855,1.9501464366912842
1.0,121,0.7000812292098999,2.996338367462158,0.9997150897979736,3.6809017658233643,1.5755091905593872
1.0,122,0.03860392048954964,2.968388557434082,0.33544278144836426,3.3749401569366455,1.578555941581726
1.0,123,-0.07423349469900131,2.298107862472534,0.15557730197906494,4.010070323944092,2.1906542778015137
1.0,124,-0.14676345884799957,2.8713672161102295,0.14037327468395233,3.9786019325256348,2.163877010345459
1.0,125,0.8981449604034424,3.2153079509735107,1.2196757793426514,4.645468235015869,1.9979791641235352
1.0,126,0.07854607701301575,1.468101143836975,0.22535619139671326,3.777562379837036,2.026646375656128
1.0,127,0.04226047173142433,1.9202566146850586,0.2342861294746399,2.188359022140503,1.1470136642456055
