t,u1,u2,u3,u4,u5,u6
0.000000000000000000e+00,-3.646486519492585510e-01,-1.125965866384768220e-03,-4.451310952814520328e-02,-2.801327389598502055e-02,1.359650112895537978e-02,1.419872883461865487e-03
1.000000000000000056e-01,-3.296503815415249283e-01,4.704392406729626490e-03,-3.625898038802635726e-02,-2.588419489145645652e-02,1.249182009465118690e-02,1.222433829378191325e-03
2.000000000000000111e-01,-3.030204819065947519e-01,9.419075285768095662e-03,-2.989200802237972077e-02,-2.426926938054163249e-02,1.167009392343462855e-02,1.072185548056444433e-03
3.000000000000000444e-01,-2.811597937688931070e-01,1.337449726946945971e-02,-2.465853210329137582e-02,-2.294256596475861831e-02,1.100719640573114520e-02,9.490836764424934700e-04
4.000000000000000222e-01,-2.622350077324320239e-01,1.674722179355377788e-02,-2.017679223573167618e-02,-2.178760277978685281e-02,1.043911818801427846e-02,8.429982020689853186e-04
5.000000000000000000e-01,-2.451042485423950978e-01,1.962511072319253480e-02,-1.621959469363763034e-02,-2.073011132992221006e-02,9.925000164572735442e-03,7.477920680383959339e-04
6.000000000000000888e-01,-2.289433391023656394e-01,2.204044110455163907e-02,-1.263826548307365669e-02,-1.971464150137733004e-02,9.434277155917844201e-03,6.592650495215785942e-04
7.000000000000000666e-01,-2.130953615151861547e-01,2.398513847471579058e-02,-9.331397450672804586e-03,-1.869513283331683887e-02,8.941498239953646343e-03,5.743245481248063656e-04
8.000000000000000444e-01,-1.970060334280536729e-01,2.541997213065780997e-02,-6.230436237753657694e-03,-1.763088413893350651e-02,8.424112436212697133e-03,4.906224000291797230e-04
9.000000000000000222e-01,-1.801970577360035852e-01,2.628198448129106732e-02,-3.292275710781204616e-03,-1.648496260017225795e-02,7.861593639312686177e-03,4.063917399246720760e-04
1.000000000000000000e+00,-1.622583875836248468e-01,2.649193579340885021e-02,-4.948764298353136061e-04,-1.522389029950027214e-02,7.235266962071546307e-03,3.203767653274705975e-04
1.100000000000000089e+00,-1.428508632658101740e-01,2.596255092074279541e-02,2.165910603307617463e-03,-1.381809871479624564e-02,6.528557674833128550e-03,2.318064151124391427e-04
1.200000000000000178e+00,-1.217148037691659079e-01,2.460783965855823166e-02,4.679226531183747033e-03,-1.224289228770398391e-02,5.727521953915196140e-03,1.403863102787610928e-04
1.300000000000000044e+00,-9.868175805573239923e-02,2.235339782523884655e-02,7.022271866195001211e-03,-1.047975241394282289e-02,4.821568486316834927e-03,4.629335506733356603e-05
1.400000000000000133e+00,-7.368719078414588675e-02,1.914727448953536248e-02,9.163786266218526544e-03,-8.517832945488874180e-03,3.804290922181347446e-03,-4.983781120154764347e-05
1.500000000000000000e+00,-4.678201553534122592e-02,1.497069196307684001e-02,1.106798788837066658e-02,-6.355486409867766931e-03,2.674324470857046120e-03,-1.469444460143982196e-04
1.600000000000000089e+00,-1.814090922074770157e-02,9.847651819399342449e-03,1.269886602763471012e-02,-4.001637518555842959e-03,1.436126959709153753e-03,-2.435868837291385960e-04
1.700000000000000178e+00,1.193456958735333862e-02,3.852297042425220641e-03,1.402458647868049663e-02,-1.476801600084511838e-03,1.005732775102204384e-04,-3.380239875698077363e-04
1.800000000000000044e+00,4.301975967757157987e-02,-2.887120946544100009e-03,1.502166264462533908e-02,1.186457935243729602e-03,-1.314751254783158617e-03,-4.283123892520447965e-04
1.900000000000000133e+00,7.457874908143638515e-02,-1.018865887323329271e-02,1.567848361270394661e-02,3.943817837200574127e-03,-2.785663179994578992e-03,-5.124255006475656685e-04
2.000000000000000000e+00,1.059846975096103705e-01,-1.782210706140186299e-02,1.599779022959949004e-02,6.740362308434572763e-03,-4.281977033447685772e-03,-5.883848280160852316e-04
2.100000000000000089e+00,1.365480610933257344e-01,-2.551950843818647299e-02,1.599776172171638380e-02,9.512680989068178841e-03,-5.768620042601080994e-03,-6.543933004582750887e-04
2.200000000000000178e+00,1.655511227152537956e-01,-3.299020588761304718e-02,1.571151599463002993e-02,1.219184395415603625e-02,-7.207242934679859540e-03,-7.089587187729615983e-04
2.300000000000000266e+00,1.922863071842834393e-01,-3.993919941179217836e-02,1.518501833020819217e-02,1.470708452946083850e-02,-8.558240397688016143e-03,-7.509954785676995360e-04
2.400000000000000355e+00,2.160951137615491624e-01,-4.608706138941441599e-02,1.447360391299804330e-02,1.698991331931853227e-02,-9.783033817090981688e-03,-7.798945788417872707e-04
2.500000000000000000e+00,2.364042648298775307e-01,-5.118935725950010673e-02,1.363751009463071498e-02,1.897830715101287216e-02,-1.084642194609519196e-02,-7.955553854475515708e-04
2.600000000000000089e+00,2.527559095927829347e-01,-5.505352072959271426e-02,1.273694709815107254e-02,2.062058110844253861e-02,-1.171878164749017882e-02,-7.983771190740166683e-04
2.700000000000000178e+00,2.648294016179814081e-01,-5.755144552988745305e-02,1.182728510345030376e-02,2.187856952685152123e-02,-1.237790648880811306e-02,-7.892127894998620437e-04
2.800000000000000266e+00,2.724531662120526776e-01,-5.862662247954543437e-02,1.095489371326289346e-02,2.272981191756004438e-02,-1.281030617174221987e-02,-7.692924692495025155e-04
2.900000000000000355e+00,2.756063076746824714e-01,-5.829536309529519816e-02,1.015404869914498034e-02,2.316855149100469080e-02,-1.301184934453973423e-02,-7.401257154028944825e-04
3.000000000000000000e+00,2.744106847510293656e-01,-5.664237870989821677e-02,9.445148177506497780e-03,2.320548894618350289e-02,-1.298770666387540074e-02,-7.033942378968714541e-04
3.100000000000000089e+00,2.691150450847761832e-01,-5.381160641101754433e-02,8.834290947977309350e-03,2.286637086774862340e-02,-1.275162816648249889e-02,-6.608455634513043511e-04
3.200000000000000178e+00,2.600733597923099438e-01,-4.999360476667356196e-02,8.314097143827699210e-03,2.218961008861169634e-02,-1.232465749181321096e-02,-6.141967537615342131e-04
3.300000000000000266e+00,2.477197142887614667e-01,-4.541104581487649672e-02,7.865520565553757448e-03,2.122321950133704282e-02,-1.173343616637478187e-02,-5.650546944945648853e-04
3.400000000000000355e+00,2.325420306563133477e-01,-4.030381378307591744e-02,7.460326034547905966e-03,2.002138304522157672e-02,-1.100827878105008380e-02,-5.148566179850289862e-04
3.500000000000000000e+00,2.150565987306249927e-01,-3.491502795199575432e-02,7.063884928578083658e-03,1.864098750876333130e-02,-1.018120345490773973e-02,-4.648318270531391584e-04
3.600000000000000089e+00,1.957849688366269381e-01,-2.947899676747428935e-02,6.637969852037520907e-03,1.713840224109716009e-02,-9.284084185867480868e-03,-4.159833766055651247e-04
3.700000000000000178e+00,1.752342909420954720e-01,-2.421174453555623510e-02,6.143292126516070040e-03,1.556673093724528570e-02,-8.347057869602162589e-03,-3.690869071696757197e-04
3.800000000000000266e+00,1.538817339309278553e-01,-1.930438407476790103e-02,5.541608885131853179e-03,1.397368226642670651e-02,-7.397275571248763601e-03,-3.247029318767609874e-04
3.900000000000000355e+00,1.321632215860203130e-01,-1.491927821643054472e-02,4.797316429070608290e-03,1.240012588975798052e-02,-6.458041789715823419e-03,-2.831985780459190952e-04
4.000000000000000000e+00,1.104663950658780897e-01,-1.118866548212542680e-02,3.878531915596325486e-03,1.087932714859838820e-02,-5.548342797413098604e-03,-2.447749458770278642e-04
4.100000000000000533e+00,8.912745764547945482e-02,-8.215233781339009722e-03,2.757737939970830027e-03,9.436794389150297141e-03,-4.682729983944251655e-03,-2.094967244521707395e-04
4.200000000000000178e+00,6.843137147549584187e-02,-6.074014283185011007e-03,1.412118387902882091e-03,8.090631393015690342e-03,-3.871499006356623595e-03,-1.773213644487301518e-04
4.299999999999999822e+00,4.861475081268463311e-02,-4.814932748499213197e-03,-1.762543145574398118e-04,6.852264636030265185e-03,-3.121091233577087676e-03,-1.481258365969632094e-04
4.400000000000000355e+00,2.987072441180509824e-02,-4.465390111097176234e-03,-2.020212108685033592e-03,5.727409629676779614e-03,-2.434639791721210020e-03,-1.217297218279408976e-04
4.500000000000000000e+00,1.235501534632083530e-02,-5.032337720661557781e-03,-4.127110720793317200e-03,4.717149290923046412e-03,-1.812586759004981190e-03,-9.791402676803770844e-05
4.600000000000000533e+00,-3.807495827011593906e-03,-6.503453578370569504e-03,-6.498158131964532590e-03,3.819016161430238698e-03,-1.253308448825283866e-03,-7.643566290536942778e-05
4.700000000000000178e+00,-1.851640354644723541e-02,-8.847201480519978692e-03,-9.127389281329724782e-03,3.027995231462269829e-03,-7.536998466100594367e-04,-5.703795315381148283e-05
4.800000000000000711e+00,-3.169019596693839480e-02,-1.201175207884845782e-02,-1.200029316918909891e-02,2.337391373921800068e-03,-3.096849111178089781e-04,-3.945783190602896655e-05
4.900000000000000355e+00,-4.326193267085624850e-02,-1.592294952791302454e-02,-1.509217648165705333e-02,1.739531906549048393e-03,8.336521667336345420e-05,-2.343058798600787572e-05
5.000000000000000000e+00,-5.317651053760110574e-02,-2.048170421629283422e-02,-1.836642791059324431e-02,1.226298315001764488e-03,4.303104040830523294e-04,-8.693072122276324304e-06
5.100000000000000533e+00,-6.138968197736307392e-02,-2.556136344950103029e-02,-2.177292090360839066e-02,7.895001672812065191e-04,7.360093871928131103e-04,5.013738891932178077e-06
5.200000000000000178e+00,-6.786880940313980148e-02,-3.100573775880726204e-02,-2.524684938493290676e-02,4.211178244771388371e-04,1.005162710140319361e-03,1.794205007449846075e-05
5.300000000000000711e+00,-7.259515317423670400e-02,-3.662851901654323727e-02,-2.870831967446242639e-02,1.134482814106208687e-04,1.242211729121722643e-03,3.033385713485675260e-05
5.400000000000000355e+00,-7.556731049209258755e-02,-4.221479691636748771e-02,-3.206301128676185969e-02,-1.408096579350774993e-04,1.451273688858040374e-03,4.241654853646216515e-05
5.500000000000000000e+00,-7.680526743624521702e-02,-4.752524703351787561e-02,-3.520416084160056525e-02,-3.484982454806280494e-04,1.636095090112945705e-03,5.439749550540046510e-05
5.600000000000000533e+00,-7.635441619932421820e-02,-5.230332187139682260e-02,-3.801601351669281481e-02,-5.159472155195875265e-04,1.800010412693978708e-03,6.645793403007034636e-05
5.700000000000000178e+00,-7.428884544831924897e-02,-5.628543774486940987e-02,-4.037872988492340748e-02,-6.489105775004397683e-04,1.945899856040268902e-03,7.874671770548099148e-05
5.800000000000000711e+00,-7.071325003417100463e-02,-5.921374694094617974e-02,-4.217454704985846431e-02,-7.524930557209676824e-04,2.076146917738248311e-03,9.137471524846871133e-05
5.900000000000000355e+00,-6.576293385388837232e-02,-6.085066815054431671e-02,-4.329479602836529967e-02,-8.310768313872368696e-04,2.192602964350433368e-03,1.044107001299584962e-04
6.000000000000000000e+00,-5.960158948772700804e-02,-6.099398472199207832e-02,-4.364720382715534669e-02,-8.882672299668093602e-04,2.296570101659168445e-03,1.178795048005048781e-04
6.100000000000000533e+00,-5.241680744763915767e-02,-5.949107887816285078e-02,-4.316279195263005020e-02,-9.268787994669422034e-04,2.388814590161114377e-03,1.317629855231756573e-04
6.200000000000000178e+00,-4.441355970707530632e-02,-5.625080774713420856e-02,-4.180165113315234549e-02,-9.489800271086515707e-04,2.469620364025576238e-03,1.460039932743984045e-04
6.300000000000000711e+00,-3.580617181220556444e-02,-5.125167403061657578e-02,-3.955694008000321116e-02,-9.560062412864861470e-04,2.538886297719799949e-03,1.605131280674953966e-04
6.400000000000000355e+00,-2.680950131893593269e-02,-4.454529311280910203e-02,-3.645662152398929101e-02,-9.489378771520761910e-04,2.596262932789512087e-03,1.751776444027090839e-04
6.500000000000000000e+00,-1.763014409489306600e-02,-3.625466265332234761e-02,-3.256268979853153833e-02,-9.285280598860948600e-04,2.641316208158608729e-03,1.898715533304322670e-04
6.600000000000000533e+00,-8.458478909902672482e-03,-2.656732197939380702e-02,-2.796792373186642033e-02,-8.955524950722409949e-04,2.673699255326379698e-03,2.044657947690380994e-04
6.700000000000000178e+00,5.377590081298982971e-04,-1.572405365811464090e-02,-2.279047180590892258e-02,-8.510485665791924989e-04,2.693310095990597824e-03,2.188373633991740801e-04
6.800000000000000711e+00,9.217887382205441904e-03,-4.004240741580025742e-03,-1.716680095786820778e-02,-7.965107668326488685e-04,2.700413919413343668e-03,2.328764546453710718e-04
6.900000000000000355e+00,1.747042813556604068e-02,8.290713330181359586e-03,-1.124368488126587309e-02,-7.340160438050417208e-04,2.695713366652111639e-03,2.464910100499553836e-04
7.000000000000000000e+00,2.521300862715468438e-02,2.085439741134137437e-02,-5.169958062095381460e-03,-6.662638477329162548e-04,2.680357876393563155e-03,2.596084165673279804e-04
7.100000000000000533e+00,3.239023610284055832e-02,3.339142189511752623e-02,9.112781045804855054e-04,-5.965291637202493197e-04,2.655892055754414081e-03,2.721744791031420604e-04
7.200000000000000178e+00,3.896992480713555584e-02,4.563128455443137693e-02,6.869422518036101023e-03,-5.285399264474913844e-04,2.624151498895777035e-03,2.841500783471678326e-04
7.300000000000000711e+00,4.493814212688256038e-02,5.733922027669190180e-02,1.259169712532139801e-02,-4.663006205042237451e-04,2.587121030969833421e-03,2.955061077045237523e-04
7.400000000000000355e+00,5.029356031203188748e-02,6.832354166179313570e-02,1.798678109599567698e-02,-4.138900983213034471e-04,2.546774097027575123e-03,3.062173416644558004e-04
7.500000000000000000e+00,5.504156538434347434e-02,7.843931948063148640e-02,2.298667853055459329e-02,-3.752632152627705282e-04,2.504912676552382457e-03,3.162558344682828712e-04
7.600000000000000533e+00,5.918850080481344311e-02,8.758854152582899733e-02,2.754688367241051386e-02,-3.540831995315031275e-04,2.463024982152060491e-03,3.255843093086183420e-04
7.700000000000000178e+00,6.273632644736625019e-02,9.571710700087684986e-02,3.164501596567131925e-02,-3.536057793970650079e-04,2.422173983830470338e-03,3.341498077826921920e-04
7.800000000000000711e+00,6.567786679258594273e-02,1.028091566198032492e-01,3.527816972855929434e-02,-3.766283178606080057e-04,2.382924358656155796e-03,3.418776586005238148e-04
7.900000000000000355e+00,6.799271534358541924e-02,1.088793105061897915e-01,3.845926167902388726e-02,-4.255088970268124278e-04,2.345309668484859764e-03,3.486656183367118126e-04
8.000000000000000000e+00,6.964376042404378520e-02,1.139633956447402285e-01,4.121266818251232561e-02,-5.022525805156090144e-04,2.308836152736454435e-03,3.543778508497439717e-04
8.099999999999999645e+00,7.057420313181594906e-02,1.181082014605068231e-01,4.356942729229777711e-02,-6.086557389453691336e-04,2.272515022054230095e-03,3.588382527854463251e-04
8.200000000000001066e+00,7.070485250999675175e-02,1.213607134911685176e-01,4.556224179626594539e-02,-7.464946843029369051e-04,2.234911856459679234e-03,3.618225017056072136e-04
8.300000000000000711e+00,6.993140890815746635e-02,1.237571448932033996e-01,4.722046001481573774e-02,-9.177417229277251912e-04,2.194199733452748165e-03,3.630481028679100833e-04
8.400000000000000355e+00,6.812139402000907951e-02,1.253119124993501698e-01,4.856512956734125586e-02,-1.124789205212637202e-03,2.148201937156810244e-03,3.621616547890157099e-04
8.500000000000000000e+00,6.511038310757942538e-02,1.260064797478631093e-01,4.960410969228938594e-02,-1.370658287266918445e-03,2.094410312879183608e-03,3.587225916076770306e-04
8.599999999999999645e+00,6.069731055199392711e-02,1.257776918666509425e-01,5.032707569499270117e-02,-1.659160294143756246e-03,2.029966365570868084e-03,3.521829215935774228e-04
8.700000000000001066e+00,5.463901356127636583e-02,1.245048143889032066e-01,5.070002471719219084e-02,-1.994958346368310570e-03,1.951594394197470744e-03,3.418632669433909247e-04
8.800000000000000711e+00,4.664519977466387302e-02,1.219938641554742381e-01,5.065853524636856897e-02,-2.383434646209013630e-03,1.855481425215705065e-03,3.269274626396212425e-04
8.900000000000000355e+00,3.637739219765083465e-02,1.179568186396245250e-01,5.009842996544237176e-02,-2.830189744427341267e-03,1.737114720845988475e-03,3.063623435966555952e-04
9.000000000000000000e+00,2.346045201643687933e-02,1.119815937632300529e-01,4.886144964410277236e-02,-3.339874390997687841e-03,1.591134664922796852e-03,2.789782107188085430e-04
9.099999999999999645e+00,7.524890942452972659e-03,1.034858243200001693e-01,4.671182073377706800e-02,-3.913921301493333664e-03,1.411388625162517205e-03,2.434608839365455719e-04
9.200000000000001066e+00,-1.168735578207619544e-02,9.164321233268371558e-02,4.329725531031380220e-02,-4.546836116821121633e-03,1.191675889744336697e-03,1.985248750350734242e-04
9.300000000000000711e+00,-3.411291495414476432e-02,7.526842580822556972e-02,3.808722378009864185e-02,-5.221758156383244850e-03,9.282345833969041400e-04,1.432129993596330622e-04
9.400000000000000355e+00,-5.905862053021715408e-02,5.266658770240828513e-02,3.029437370313105629e-02,-5.909236124095267051e-03,6.254057579962583099e-04,7.729114251505260448e-05
9.500000000000000000e+00,-8.500280772188567591e-02,2.158065372390079173e-02,1.885148282990171606e-02,-6.577354252252528427e-03,3.036156646510624040e-04,1.474938209655154639e-06
9.600000000000001421e+00,-1.100591539075507497e-01,-2.031533376858879122e-02,2.664393860062954159e-03,-7.216038513018020566e-03,-7.330154935896956471e-07,-8.272625261150314728e-05
9.700000000000001066e+00,-1.335426821636245820e-01,-7.432690166458019720e-02,-1.881841230309888244e-02,-7.862720390355040084e-03,-2.612074190064184913e-04,-1.731157242055169515e-04
9.800000000000000711e+00,-1.577661101851238756e-01,-1.429403904697266192e-01,-4.638068713774008006e-02,-8.656008942534343734e-03,-5.012810550493588570e-04,-2.660037845745556674e-04
9.900000000000000355e+00,-9.753913574754832227e-01,-7.172116001047994516e-01,-2.317478139035294427e-01,-4.399375835635521703e-02,-9.753921199588620186e-04,-3.109371424439491029e-03
