t,yaw,pitch,roll
0.000000000000000000e+00,0.000000000000000000e+00,-0.000000000000000000e+00,0.000000000000000000e+00
1.000000000000000056e-01,0.000000000000000000e+00,-0.000000000000000000e+00,0.000000000000000000e+00
2.000000000000000111e-01,1.160299435341792101e-04,-2.390285154360186981e-04,-1.133442934563702110e-04
3.000000000000000444e-01,3.409694521079840199e-04,-7.269598441328871830e-04,-3.300303175350292320e-04
4.000000000000000222e-01,6.695335699151388868e-04,-1.471556542396818597e-03,-6.449857465997385674e-04
5.000000000000000000e-01,1.097476632587670187e-03,-2.478488619937849365e-03,-1.057257543122523333e-03
6.000000000000000888e-01,1.621197256519472550e-03,-3.751294297229494559e-03,-1.569576929728808742e-03
7.000000000000000666e-01,2.237483236090378764e-03,-5.291183128085075182e-03,-2.188005473388251586e-03
8.000000000000000444e-01,2.943307311676504525e-03,-7.096668085625253836e-03,-2.921550483746622809e-03
9.000000000000000222e-01,3.735638514303234875e-03,-9.163045961231398168e-03,-3.781687061909926127e-03
1.000000000000000000e+00,4.611253832218343771e-03,-1.148176563178381591e-02,-4.781739695109730320e-03
1.100000000000000089e+00,5.566543573046446418e-03,-1.403974102046499570e-02,-5.936085258631726945e-03
1.200000000000000178e+00,6.597308273147091395e-03,-1.681868177050654597e-02,-7.259151023155906157e-03
1.300000000000000044e+00,7.698548157813360840e-03,-1.979452867168249308e-02,-8.764199629360324567e-03
1.400000000000000133e+00,8.864249277942328267e-03,-2.293709003335107563e-02,-1.046191927528297705e-02
1.500000000000000000e+00,1.008717418056455026e-02,-2.620997593575791554e-02,-1.235887083274875460e-02
1.600000000000000089e+00,1.135866951110472804e-02,-2.957091600926077882e-02,-1.445588140968729826e-02
1.700000000000000178e+00,1.266850803045665302e-02,-3.297252045738471166e-02,-1.674651096046764209e-02
1.800000000000000044e+00,1.400478736099208289e-02,-3.636350295889910489e-02,-1.921574803437535103e-02
1.900000000000000133e+00,1.535391103196518531e-02,-3.969033052871781542e-02,-2.183910490496929896e-02
2.000000000000000000e+00,1.670067743907992230e-02,-4.289920572822336631e-02,-2.458227417471310974e-02
2.100000000000000089e+00,1.802849764966967666e-02,-4.593823037479818211e-02,-2.740147432849849782e-02
2.200000000000000178e+00,1.931975278240685365e-02,-4.875955836120327708e-02,-3.024455112112235319e-02
2.300000000000000266e+00,2.055628646924083369e-02,-5.132132872154372000e-02,-3.305282135652864994e-02
2.400000000000000355e+00,2.172000972346702433e-02,-5.358918519474260844e-02,-3.576355711037335072e-02
2.500000000000000000e+00,2.279357774391704491e-02,-5.553723551484944509e-02,-3.831292659717089322e-02
2.600000000000000089e+00,2.376108462318273287e-02,-5.714837561864852256e-02,-4.063914746275903295e-02
2.700000000000000178e+00,2.460871580909739995e-02,-5.841398799813459636e-02,-4.268558033755946723e-02
2.800000000000000266e+00,2.532530106262777247e-02,-5.933310361806001798e-02,-4.440349953522067239e-02
2.900000000000000355e+00,2.590272199778566667e-02,-5.991117823194919145e-02,-4.575432084563170465e-02
3.000000000000000000e+00,2.633614560813495042e-02,-6.015866630802303022e-02,-4.671113412005725718e-02
3.100000000000000089e+00,2.662407492281419416e-02,-6.008957576256367811e-02,-4.725946786557435469e-02
3.200000000000000178e+00,2.676822651111299134e-02,-5.972015799606644054e-02,-4.739729121472983225e-02
3.300000000000000266e+00,2.677325925254114836e-02,-5.906783938122295990e-02,-4.713432487997896297e-02
3.400000000000000355e+00,2.664638821043304601e-02,-5.815044391561010467e-02,-4.649078069430459537e-02
3.500000000000000000e+00,2.639692148233303490e-02,-5.698570333685318984e-02,-4.549567709274933425e-02
3.600000000000000089e+00,2.603575736763969611e-02,-5.559100901342942103e-02,-4.418488688562206140e-02
3.700000000000000178e+00,2.557487535973855530e-02,-5.398333393741269054e-02,-4.259906748659390147e-02
3.800000000000000266e+00,2.502684864498825115e-02,-5.217924386075895732e-02,-4.078160673438021439e-02
3.900000000000000355e+00,2.440439907776694936e-02,-5.019492168313166580e-02,-3.877669376451546579e-02
4.000000000000000000e+00,2.372000881255585669e-02,-4.804614443405228613e-02,-3.662759757619148820e-02
4.100000000000000533e+00,2.298559645837578574e-02,-4.574817283761189318e-02,-3.437520875042041069e-02
4.200000000000000178e+00,2.221226012826815061e-02,-4.331553518915953749e-02,-3.205687425439206900e-02
4.299999999999999822e+00,2.141008530427934362e-02,-4.076170688047246055e-02,-2.970553286843913288e-02
4.400000000000000355e+00,2.058801214911716929e-02,-3.809870248697644346e-02,-2.734914045362952725e-02
4.500000000000000000e+00,1.975375481048784534e-02,-3.533660823583163746e-02,-2.501036054596801270e-02
4.600000000000000533e+00,1.891376434353862074e-02,-3.248308922040557545e-02,-2.270648670231745908e-02
4.700000000000000178e+00,1.807322700116297670e-02,-2.954290878418410968e-02,-2.044955834058009500e-02
4.800000000000000711e+00,1.723609061947511609e-02,-2.651749809619629097e-02,-1.824663091921590458e-02
4.900000000000000355e+00,1.640511340930701431e-02,-2.340461295644436987e-02,-1.610016340410940286e-02
5.000000000000000000e+00,1.558193137289501720e-02,-2.019811282737649441e-02,-1.400849021875249199e-02
5.100000000000000533e+00,1.476714250487386366e-02,-1.688789408857174767e-02,-1.196635044725084460e-02
5.200000000000000178e+00,1.396040762298444461e-02,-1.346000528398073361e-02,-9.965453245163067783e-03
5.300000000000000711e+00,1.316056884617168923e-02,-9.896966162511400267e-03,-7.995064625187323429e-03
5.400000000000000355e+00,1.236578717714978230e-02,-6.178304045830910161e-03,-6.042606544763070436e-03
5.500000000000000000e+00,1.157370019483846234e-02,-2.281310105250641904e-03,-4.094264112524808284e-03
5.600000000000000533e+00,1.078159944591027160e-02,1.817995518478541985e-03,-2.135600346863106465e-03
5.700000000000000178e+00,9.986624784438733957e-03,6.143716641519494231e-03,-1.521798589863109083e-04
5.800000000000000711e+00,9.185969828225835562e-03,1.071879577110322265e-02,1.869797272676105735e-03
5.900000000000000355e+00,8.377089228476033989e-03,1.556365064576802244e-02,3.942852559082944165e-03
6.000000000000000000e+00,7.557895098788998921e-03,2.069480610968493436e-02,6.077582863833516647e-03
6.100000000000000533e+00,6.726927359534589333e-03,2.612360351509848341e-02,8.282023161879658452e-03
6.200000000000000178e+00,5.883481607127154407e-03,3.185507179073532313e-02,1.056103809949778156e-02
6.300000000000000711e+00,5.027679011281590421e-03,3.788703837277469094e-02,1.291576941574708662e-02
6.400000000000000355e+00,4.160466033494350339e-03,4.420954422039200665e-02,1.534317177559308201e-02
6.500000000000000000e+00,3.283537420547899457e-03,5.080460614788977897e-02,1.783567184137356543e-02
6.600000000000000533e+00,2.399183466389423654e-03,5.764634380975851985e-02,2.038098341389867757e-02
6.700000000000000178e+00,1.510071017145777836e-03,6.470146077105168314e-02,2.296210483210798722e-02
6.800000000000000711e+00,6.189758732201515847e-04,7.193004239264400024e-02,2.555751399487176528e-02
6.900000000000000355e+00,-2.715091937427784583e-04,7.928661074162694777e-02,2.814156262588157070e-02
7.000000000000000000e+00,-1.159262744823085899e-03,8.672136067985944385e-02,3.068505658102776285e-02
7.100000000000000533e+00,-2.042890751430386561e-03,9.418149295470416849e-02,3.315599514816974097e-02
7.200000000000000178e+00,-2.921924829372941641e-03,1.016125596827746336e-01,3.552043128045995202e-02
7.300000000000000711e+00,-3.796942813575019619e-03,1.089597442768108632e-01,3.774340789253798067e-02
7.400000000000000355e+00,-4.669599538333131516e-03,1.161690101240847872e-01,3.978992338222266112e-02
7.500000000000000000e+00,-5.542564039712700834e-03,1.231880683435850887e-01,4.162588232329624688e-02
7.600000000000000533e+00,-6.419367251798869557e-03,1.299671328698995543e-01,4.321899407208044247e-02
7.700000000000000178e+00,-7.304170715686150554e-03,1.364594492990322261e-01,4.453959166060802999e-02
7.800000000000000711e+00,-8.201471334101402902e-03,1.426216011119204596e-01,4.556135441304583894e-02
7.900000000000000355e+00,-9.115759676448601315e-03,1.484136121924238827e-01,4.626192881411194530e-02
8.000000000000000000e+00,-1.005115001965799747e-02,1.537988774727914454e-01,4.662345203216220618e-02
8.099999999999999645e+00,-1.101099969703226919e-02,1.587439638619192739e-01,4.663299017536313984e-02
8.200000000000001066e+00,-1.199753402990342936e-02,1.632183313482152009e-01,4.628290817521191897e-02
8.300000000000000711e+00,-1.301149173096694325e-02,1.671940294810000671e-01,4.557118981174099193e-02
8.400000000000000355e+00,-1.405180467814781675e-02,1.706454276010374582e-01,4.450172478463172016e-02
8.500000000000000000e+00,-1.511532567907482999e-02,1.735490386092512771e-01,4.308457511426351527e-02
8.599999999999999645e+00,-1.619661840930511354e-02,1.758834962956876136e-01,4.133622593436326459e-02
8.700000000000001066e+00,-1.728782508835644688e-02,1.776297461408322675e-01,3.927981641453807959e-02
8.800000000000000711e+00,-1.837862956386736302e-02,1.787715104007397138e-01,3.694533557341901642e-02
8.900000000000000355e+00,-1.945633631566542551e-02,1.792960925073999734e-01,3.436975524935289433e-02
9.000000000000000000e+00,-2.050608989655756942e-02,1.791955975020317338e-01,3.159705785063433164e-02
9.099999999999999645e+00,-2.151126590372243880e-02,1.784686720125254755e-01,2.867809746720440672e-02
9.200000000000001066e+00,-2.245407700675602913e-02,1.771229232320165881e-01,2.567020429789291722e-02
9.300000000000000711e+00,-2.331646196397657231e-02,1.751782859252261348e-01,2.263639466092328204e-02
9.400000000000000355e+00,-2.408136987529867212e-02,1.726718051899096551e-01,1.964397060536372114e-02
9.500000000000000000e+00,-2.473461465019981265e-02,1.696646083658656934e-01,1.676218933054644117e-02
9.600000000000001421e+00,-2.526750060225943159e-02,1.662520886625001304e-01,1.405863520874147364e-02
9.700000000000001066e+00,-2.568019837926291751e-02,1.625776298778584539e-01,1.159419208115177249e-02
9.800000000000000711e+00,-2.598501086893868078e-02,1.588465777663513601e-01,9.417475870819239439e-03
9.900000000000000355e+00,-2.620762129518899169e-02,1.553329543137058344e-01,7.561277761434871680e-03
1.000000000000000000e+01,-2.638648592708888255e-02,1.523890255872023258e-01,6.044941308405621209e-03
