t,dJ1,dJ2,dJ3,dJ4,dJ5,dJ6
0.000000000000000000e+00,-0.000000000000000000e+00,-0.000000000000000000e+00,-0.000000000000000000e+00,-0.000000000000000000e+00,0.000000000000000000e+00,0.000000000000000000e+00
1.010101010101010083e-01,-2.001283615827560425e-01,-1.676641404628753662e-01,-4.913356900215148926e-02,-8.645605295896530151e-02,2.285749912261962891e-01,1.578027606010437012e-01
2.020202020202020166e-01,-3.828542828559875488e-01,-3.207488059997558594e-01,-9.399466216564178467e-02,-1.653942018747329712e-01,4.372739195823669434e-01,3.018835484981536865e-01
3.030303030303030387e-01,-5.481776595115661621e-01,-4.592539668083190918e-01,-1.345832645893096924e-01,-2.368144094944000244e-01,6.260967254638671875e-01,4.322423338890075684e-01
4.040404040404040331e-01,-6.960986256599426270e-01,-5.831795930862426758e-01,-1.708993613719940186e-01,-3.007166981697082520e-01,7.950434684753417969e-01,5.488792061805725098e-01
5.050505050505050830e-01,-8.266170620918273926e-01,-6.925257444381713867e-01,-2.029429972171783447e-01,-3.571010828018188477e-01,9.441140294075012207e-01,6.517940163612365723e-01
6.060606060606060774e-01,-9.397331476211547852e-01,-7.872924804687500000e-01,-2.307141572237014771e-01,-4.059675633907318115e-01,1.073308706283569336e+00,7.409869432449340820e-01
7.070707070707070718e-01,-1.035446763038635254e+00,-8.674796819686889648e-01,-2.542128264904022217e-01,-4.473161101341247559e-01,1.182627201080322266e+00,8.164578676223754883e-01
8.080808080808080662e-01,-1.113757848739624023e+00,-9.330873489379882812e-01,-2.734389901161193848e-01,-4.811467230319976807e-01,1.272069454193115234e+00,8.782066106796264648e-01
9.090909090909090606e-01,-1.174666523933410645e+00,-9.841156005859375000e-01,-2.883926928043365479e-01,-5.074594616889953613e-01,1.341635942459106445e+00,9.262336492538452148e-01
1.010101010101010166e+00,-1.218172550201416016e+00,-1.020564317703247070e+00,-2.990738749504089355e-01,-5.262542366981506348e-01,1.391325950622558594e+00,9.605385065078735352e-01
1.111111111111111160e+00,-1.244276285171508789e+00,-1.042433500289916992e+00,-3.054825961589813232e-01,-5.375310778617858887e-01,1.421140074729919434e+00,9.811215400695800781e-01
1.212121212121212155e+00,-1.252977609634399414e+00,-1.049723386764526367e+00,-3.076188564300537109e-01,-5.412901043891906738e-01,1.431078195571899414e+00,9.879825711250305176e-01
1.313131313131313149e+00,-1.244276285171508789e+00,-1.042433619499206543e+00,-3.054826259613037109e-01,-5.375311374664306641e-01,1.421140193939208984e+00,9.811215400695800781e-01
1.414141414141414144e+00,-1.218172669410705566e+00,-1.020564317703247070e+00,-2.990739047527313232e-01,-5.262542963027954102e-01,1.391326189041137695e+00,9.605385661125183105e-01
1.515151515151515138e+00,-1.174666523933410645e+00,-9.841156005859375000e-01,-2.883926928043365479e-01,-5.074594616889953613e-01,1.341635942459106445e+00,9.262336492538452148e-01
1.616161616161616132e+00,-1.113757848739624023e+00,-9.330874681472778320e-01,-2.734389901161193848e-01,-4.811467528343200684e-01,1.272069573402404785e+00,8.782067298889160156e-01
1.717171717171717127e+00,-1.035446763038635254e+00,-8.674796819686889648e-01,-2.542128264904022217e-01,-4.473161101341247559e-01,1.182627201080322266e+00,8.164578676223754883e-01
1.818181818181818121e+00,-9.397331476211547852e-01,-7.872924804687500000e-01,-2.307141572237014771e-01,-4.059675633907318115e-01,1.073308706283569336e+00,7.409869432449340820e-01
1.919191919191919116e+00,-8.266170620918273926e-01,-6.925257444381713867e-01,-2.029429972171783447e-01,-3.571010828018188477e-01,9.441140294075012207e-01,6.517940163612365723e-01
2.020202020202020332e+00,-6.960986852645874023e-01,-5.831797122955322266e-01,-1.708993911743164062e-01,-3.007167577743530273e-01,7.950435876846313477e-01,5.488792657852172852e-01
2.121212121212121104e+00,-5.481776595115661621e-01,-4.592539668083190918e-01,-1.345832645893096924e-01,-2.368144094944000244e-01,6.260967254638671875e-01,4.322423338890075684e-01
2.222222222222222321e+00,-3.828541636466979980e-01,-3.207487165927886963e-01,-9.399463236331939697e-02,-1.653941571712493896e-01,4.372738003730773926e-01,3.018834888935089111e-01
2.323232323232323093e+00,-2.001284658908843994e-01,-1.676642298698425293e-01,-4.913359135389328003e-02,-8.645609766244888306e-02,2.285751104354858398e-01,1.578028500080108643e-01
2.424242424242424310e+00,-0.000000000000000000e+00,-0.000000000000000000e+00,-0.000000000000000000e+00,-0.000000000000000000e+00,0.000000000000000000e+00,0.000000000000000000e+00
2.525252525252525082e+00,0.000000000000000000e+00,0.000000000000000000e+00,0.000000000000000000e+00,0.000000000000000000e+00,-0.000000000000000000e+00,0.000000000000000000e+00
2.626262626262626299e+00,3.388586640357971191e-01,3.142844438552856445e-01,2.802902460098266602e-01,2.937371134757995605e-01,-6.915002316236495972e-02,7.272531092166900635e-02
2.727272727272727071e+00,6.482513546943664551e-01,6.012398004531860352e-01,5.362074375152587891e-01,5.619319081306457520e-01,-1.322870105504989624e-01,1.391266882419586182e-01
2.828282828282828287e+00,9.281780123710632324e-01,8.608661890029907227e-01,7.677515745162963867e-01,8.045843243598937988e-01,-1.894109398126602173e-01,1.992041170597076416e-01
2.929292929292929060e+00,1.178638696670532227e+00,1.093163251876831055e+00,9.749225378036499023e-01,1.021694302558898926e+00,-2.405218183994293213e-01,2.529576122760772705e-01
3.030303030303030276e+00,1.399633407592773438e+00,1.298131346702575684e+00,1.157720446586608887e+00,1.213261842727661133e+00,-2.856196463108062744e-01,3.003871440887451172e-01
3.131313131313131048e+00,1.591162323951721191e+00,1.475770473480224609e+00,1.316145539283752441e+00,1.379287362098693848e+00,-3.247044682502746582e-01,3.414928019046783447e-01
3.232323232323232265e+00,1.753225326538085938e+00,1.626080513000488281e+00,1.450197458267211914e+00,1.519770383834838867e+00,-3.577762246131896973e-01,3.762744665145874023e-01
3.333333333333333481e+00,1.885821938514709473e+00,1.749061226844787598e+00,1.559876084327697754e+00,1.634710907936096191e+00,-3.848349153995513916e-01,4.047321677207946777e-01
3.434343434343434254e+00,1.988952994346618652e+00,1.844713211059570312e+00,1.645181894302368164e+00,1.724109292030334473e+00,-4.058806002140045166e-01,4.268659949302673340e-01
3.535353535353535470e+00,2.062617778778076172e+00,1.913035750389099121e+00,1.706114411354064941e+00,1.787965059280395508e+00,-4.209131598472595215e-01,4.426758289337158203e-01
3.636363636363636243e+00,2.106816768646240234e+00,1.954029321670532227e+00,1.742674112319946289e+00,1.826278448104858398e+00,-4.299327433109283447e-01,4.521617293357849121e-01
3.737373737373737459e+00,2.121549844741821289e+00,1.967694044113159180e+00,1.754860639572143555e+00,1.839049935340881348e+00,-4.329392910003662109e-01,4.553236961364746094e-01
3.838383838383838231e+00,2.106816768646240234e+00,1.954029440879821777e+00,1.742674112319946289e+00,1.826278686523437500e+00,-4.299327731132507324e-01,4.521617293357849121e-01
3.939393939393939448e+00,2.062617778778076172e+00,1.913035988807678223e+00,1.706114530563354492e+00,1.787965178489685059e+00,-4.209132194519042969e-01,4.426758289337158203e-01
4.040404040404040664e+00,1.988952994346618652e+00,1.844713211059570312e+00,1.645181894302368164e+00,1.724109292030334473e+00,-4.058806002140045166e-01,4.268659949302673340e-01
4.141414141414140992e+00,1.885822057723999023e+00,1.749061346054077148e+00,1.559876203536987305e+00,1.634711027145385742e+00,-3.848349452018737793e-01,4.047322273254394531e-01
4.242424242424242209e+00,1.753225326538085938e+00,1.626080513000488281e+00,1.450197458267211914e+00,1.519770383834838867e+00,-3.577762246131896973e-01,3.762744665145874023e-01
4.343434343434343425e+00,1.591162323951721191e+00,1.475770473480224609e+00,1.316145539283752441e+00,1.379287362098693848e+00,-3.247044682502746582e-01,3.414928019046783447e-01
4.444444444444444642e+00,1.399633407592773438e+00,1.298131346702575684e+00,1.157720446586608887e+00,1.213261842727661133e+00,-2.856196463108062744e-01,3.003871440887451172e-01
4.545454545454544970e+00,1.178638935089111328e+00,1.093163490295410156e+00,9.749226570129394531e-01,1.021694421768188477e+00,-2.405218631029129028e-01,2.529576420783996582e-01
4.646464646464646187e+00,9.281780123710632324e-01,8.608661890029907227e-01,7.677515745162963867e-01,8.045843243598937988e-01,-1.894109398126602173e-01,1.992041170597076416e-01
4.747474747474747403e+00,6.482511758804321289e-01,6.012396812438964844e-01,5.362073183059692383e-01,5.619317293167114258e-01,-1.322869807481765747e-01,1.391266584396362305e-01
4.848484848484848619e+00,3.388588130474090576e-01,3.142846226692199707e-01,2.802903652191162109e-01,2.937372624874114990e-01,-6.915006041526794434e-02,7.272534817457199097e-02
4.949494949494949836e+00,0.000000000000000000e+00,0.000000000000000000e+00,0.000000000000000000e+00,0.000000000000000000e+00,-0.000000000000000000e+00,0.000000000000000000e+00
5.050505050505050164e+00,-0.000000000000000000e+00,-0.000000000000000000e+00,-0.000000000000000000e+00,-0.000000000000000000e+00,0.000000000000000000e+00,-0.000000000000000000e+00
5.151515151515151381e+00,-3.678013980388641357e-01,-4.737389832735061646e-02,-6.527332961559295654e-02,-4.088649153709411621e-01,7.032998651266098022e-02,-4.606660008430480957e-01
5.252525252525252597e+00,-7.036200761795043945e-01,-9.062834084033966064e-02,-1.248707175254821777e-01,-7.821763753890991211e-01,1.345443278551101685e-01,-8.812741041183471680e-01
5.353535353535353813e+00,-1.007456064224243164e+00,-1.297632902860641479e-01,-1.787921637296676636e-01,-1.119934320449829102e+00,1.926430165767669678e-01,-1.261824250221252441e+00
5.454545454545454142e+00,-1.279309272766113281e+00,-1.647787839174270630e-01,-2.270376682281494141e-01,-1.422138810157775879e+00,2.446260452270507812e-01,-1.602316498756408691e+00
5.555555555555555358e+00,-1.519179582595825195e+00,-1.956748068332672119e-01,-2.696072161197662354e-01,-1.688789725303649902e+00,2.904934287071228027e-01,-1.902750730514526367e+00
5.656565656565656575e+00,-1.727067589759826660e+00,-2.224513590335845947e-01,-3.065008521080017090e-01,-1.919887542724609375e+00,3.302451670169830322e-01,-2.163127422332763672e+00
5.757575757575757791e+00,-1.902972579002380371e+00,-2.451084554195404053e-01,-3.377185463905334473e-01,-2.115431547164916992e+00,3.638812601566314697e-01,-2.383445978164672852e+00
5.858585858585858119e+00,-2.046894550323486328e+00,-2.636460661888122559e-01,-3.632602393627166748e-01,-2.275422096252441406e+00,3.914016485214233398e-01,-2.563706398010253906e+00
5.959595959595959336e+00,-2.158834457397460938e+00,-2.780641913414001465e-01,-3.831260800361633301e-01,-2.399859189987182617e+00,4.128064513206481934e-01,-2.703909158706665039e+00
6.060606060606060552e+00,-2.238790988922119141e+00,-2.883628606796264648e-01,-3.973159193992614746e-01,-2.488742828369140625e+00,4.280955791473388672e-01,-2.804053783416748047e+00
6.161616161616161769e+00,-2.286765336990356445e+00,-2.945420742034912109e-01,-4.058298170566558838e-01,-2.542073011398315430e+00,4.372690320014953613e-01,-2.864140748977661133e+00
6.262626262626262097e+00,-2.302756786346435547e+00,-2.966018319129943848e-01,-4.086678028106689453e-01,-2.559849977493286133e+00,4.403268694877624512e-01,-2.884169816970825195e+00
6.363636363636363313e+00,-2.286765575408935547e+00,-2.945421040058135986e-01,-4.058298468589782715e-01,-2.542073249816894531e+00,4.372690618038177490e-01,-2.864140987396240234e+00
6.464646464646464530e+00,-2.238791227340698242e+00,-2.883628904819488525e-01,-3.973159193992614746e-01,-2.488743066787719727e+00,4.280955791473388672e-01,-2.804054021835327148e+00
6.565656565656565746e+00,-2.158834457397460938e+00,-2.780641913414001465e-01,-3.831260800361633301e-01,-2.399859189987182617e+00,4.128064513206481934e-01,-2.703909158706665039e+00
6.666666666666666963e+00,-2.046894788742065430e+00,-2.636460661888122559e-01,-3.632602691650390625e-01,-2.275422334671020508e+00,3.914016783237457275e-01,-2.563706636428833008e+00
6.767676767676767291e+00,-1.902972579002380371e+00,-2.451084554195404053e-01,-3.377185463905334473e-01,-2.115431547164916992e+00,3.638812601566314697e-01,-2.383445978164672852e+00
6.868686868686868507e+00,-1.727067589759826660e+00,-2.224513590335845947e-01,-3.065008521080017090e-01,-1.919887542724609375e+00,3.302451670169830322e-01,-2.163127422332763672e+00
6.969696969696969724e+00,-1.519179582595825195e+00,-1.956748068332672119e-01,-2.696072161197662354e-01,-1.688789725303649902e+00,2.904934287071228027e-01,-1.902750730514526367e+00
7.070707070707070940e+00,-1.279309511184692383e+00,-1.647787988185882568e-01,-2.270376980304718018e-01,-1.422138929367065430e+00,2.446260750293731689e-01,-1.602316617965698242e+00
7.171717171717171269e+00,-1.007456064224243164e+00,-1.297632902860641479e-01,-1.787921637296676636e-01,-1.119934320449829102e+00,1.926430165767669678e-01,-1.261824250221252441e+00
7.272727272727272485e+00,-7.036198973655700684e-01,-9.062831103801727295e-02,-1.248706951737403870e-01,-7.821761369705200195e-01,1.345442831516265869e-01,-8.812738656997680664e-01
7.373737373737373701e+00,-3.678016066551208496e-01,-4.737392440438270569e-02,-6.527335941791534424e-02,-4.088651239871978760e-01,7.033002376556396484e-02,-4.606662392616271973e-01
7.474747474747474918e+00,-0.000000000000000000e+00,-0.000000000000000000e+00,-0.000000000000000000e+00,-0.000000000000000000e+00,0.000000000000000000e+00,-0.000000000000000000e+00
7.575757575757575246e+00,0.000000000000000000e+00,-0.000000000000000000e+00,-0.000000000000000000e+00,0.000000000000000000e+00,-0.000000000000000000e+00,0.000000000000000000e+00
7.676767676767676463e+00,2.290711402893066406e-01,-9.924641996622085571e-02,-1.658833324909210205e-01,2.015838176012039185e-01,-2.297549545764923096e-01,2.301379144191741943e-01
7.777777777777777679e+00,4.382230639457702637e-01,-1.898627281188964844e-01,-3.173420429229736328e-01,3.856386542320251465e-01,-4.395312368869781494e-01,4.402638375759124756e-01
7.878787878787878896e+00,6.274557709693908691e-01,-2.718488872051239014e-01,-4.543760716915130615e-01,5.521644353866577148e-01,-6.293288469314575195e-01,6.303777694702148438e-01
7.979797979797979224e+00,7.967692017555236816e-01,-3.452049493789672852e-01,-5.769854784011840820e-01,7.011611461639404297e-01,-7.991476655006408691e-01,8.004797101020812988e-01
8.080808080808081328e+00,9.461633563041687012e-01,-4.099308550357818604e-01,-6.851702928543090820e-01,8.326288461685180664e-01,-9.489877820014953613e-01,9.505696296691894531e-01
8.181818181818181657e+00,1.075638532638549805e+00,-4.660266935825347900e-01,-7.789304852485656738e-01,9.465675354003906250e-01,-1.078849434852600098e+00,1.080647706985473633e+00
8.282828282828281985e+00,1.185194253921508789e+00,-5.134924054145812988e-01,-8.582659959793090820e-01,1.042977213859558105e+00,-1.188732266426086426e+00,1.190713644027709961e+00
8.383838383838384090e+00,1.274830698966979980e+00,-5.523278713226318359e-01,-9.231767654418945312e-01,1.121857762336730957e+00,-1.278636217117309570e+00,1.280767560005187988e+00
8.484848484848484418e+00,1.344547986984252930e+00,-5.825333595275878906e-01,-9.736630320549011230e-01,1.183209419250488281e+00,-1.348561763763427734e+00,1.350809574127197266e+00
8.585858585858586522e+00,1.394345998764038086e+00,-6.041086316108703613e-01,-1.009724617004394531e+00,1.227031946182250977e+00,-1.398508310317993164e+00,1.400839447975158691e+00
8.686868686868686851e+00,1.424224972724914551e+00,-6.170538067817687988e-01,-1.031361579895019531e+00,1.253325462341308594e+00,-1.428476452827453613e+00,1.430857419967651367e+00
8.787878787878787179e+00,1.434184670448303223e+00,-6.213688850402832031e-01,-1.038573980331420898e+00,1.262090086936950684e+00,-1.438465833663940430e+00,1.440863490104675293e+00
8.888888888888889284e+00,1.424225091934204102e+00,-6.170538663864135742e-01,-1.031361699104309082e+00,1.253325581550598145e+00,-1.428476572036743164e+00,1.430857539176940918e+00
8.989898989898989612e+00,1.394346117973327637e+00,-6.041086912155151367e-01,-1.009724736213684082e+00,1.227031946182250977e+00,-1.398508429527282715e+00,1.400839567184448242e+00
9.090909090909089940e+00,1.344547986984252930e+00,-5.825333595275878906e-01,-9.736630320549011230e-01,1.183209419250488281e+00,-1.348561763763427734e+00,1.350809574127197266e+00
9.191919191919192045e+00,1.274830818176269531e+00,-5.523279309272766113e-01,-9.231768846511840820e-01,1.121857881546020508e+00,-1.278636336326599121e+00,1.280767679214477539e+00
9.292929292929292373e+00,1.185194253921508789e+00,-5.134924054145812988e-01,-8.582659959793090820e-01,1.042977213859558105e+00,-1.188732266426086426e+00,1.190713644027709961e+00
9.393939393939394478e+00,1.075638532638549805e+00,-4.660266935825347900e-01,-7.789304852485656738e-01,9.465675354003906250e-01,-1.078849434852600098e+00,1.080647706985473633e+00
9.494949494949494806e+00,9.461633563041687012e-01,-4.099308550357818604e-01,-6.851702928543090820e-01,8.326288461685180664e-01,-9.489877820014953613e-01,9.505696296691894531e-01
9.595959595959595134e+00,7.967693209648132324e-01,-3.452050089836120605e-01,-5.769855976104736328e-01,7.011612653732299805e-01,-7.991477847099304199e-01,8.004797697067260742e-01
9.696969696969697239e+00,6.274557709693908691e-01,-2.718488872051239014e-01,-4.543760716915130615e-01,5.521644353866577148e-01,-6.293288469314575195e-01,6.303777694702148438e-01
9.797979797979797567e+00,4.382229745388031006e-01,-1.898626834154129028e-01,-3.173419535160064697e-01,3.856385350227355957e-01,-4.395311474800109863e-01,4.402637481689453125e-01
9.898989898989899672e+00,2.290712594985961914e-01,-9.924647212028503418e-02,-1.658834069967269897e-01,2.015839368104934692e-01,-2.297550737857818604e-01,2.301380336284637451e-01
1.000000000000000000e+01,0.000000000000000000e+00,-0.000000000000000000e+00,-0.000000000000000000e+00,0.000000000000000000e+00,-0.000000000000000000e+00,0.000000000000000000e+00
